 demo                      SWAT+ 2026-07-28        MODULAR Rev 2026.pfas-coupling-v1.0-17-g817dd8c        
         hru        year         mon         day crop/fert/pest operation  phubase        phuplant  soil_water      plant_bioms   surf_rsd       soil_no3      soil_solp         op_var           var1          var2             var3             var4            var5            var6           var7 
         ---         ---         ---         ---       ---         ---       deg_c           deg_c          mm            kg/ha      kg/ha          kg/ha          kg/ha          ---              ---           ---              ---              ---             ---             ---            ---
           1        1975           4           1 chisplow            TILLAGE   7.1317151E-02  0.0000000E+00   212.0473      0.0000000E+00   4347.646       84.58126       205.7051      0.6500000    
           3        1975           4           1 chisplow            TILLAGE   7.1317151E-02  0.0000000E+00   212.3294      0.0000000E+00   4379.159       85.43607       256.1032      0.6500000    
           4        1975           4           1 chisplow            TILLAGE   7.1317151E-02  0.0000000E+00   212.2920      0.0000000E+00   4352.942       85.56125       256.6714      0.6500000    
           5        1975           4           1 chisplow            TILLAGE   7.1317151E-02  0.0000000E+00   212.4375      0.0000000E+00   4383.752       85.79537       262.9705      0.6500000    
           6        1975           4           1 chisplow            TILLAGE   7.1317151E-02  0.0000000E+00   212.5331      0.0000000E+00   4376.984       86.35204       271.3923      0.6500000    
           7        1975           4           1 chisplow            TILLAGE   7.1317151E-02  0.0000000E+00   211.9680      0.0000000E+00   4344.946       84.00106       201.5832      0.6500000    
           8        1975           4           1 chisplow            TILLAGE   7.1317151E-02  0.0000000E+00   213.6224      0.0000000E+00   4346.452       91.26398       220.2908      0.6500000    
           9        1975           4           1 chisplow            TILLAGE   7.1317151E-02  0.0000000E+00   212.7373      0.0000000E+00   4393.699       87.21545       259.0186      0.6500000    
          10        1975           4           1 chisplow            TILLAGE   7.1317151E-02  0.0000000E+00   213.1432      0.0000000E+00   4367.938       87.87920       252.6478      0.6500000    
          11        1975           4           1 chisplow            TILLAGE   7.1317151E-02  0.0000000E+00   214.6750      0.0000000E+00   4427.666       101.7547       287.1954      0.6500000    
          12        1975           4           1 chisplow            TILLAGE   7.1317151E-02  0.0000000E+00   213.6273      0.0000000E+00   4404.058       89.80382       257.6165      0.6500000    
           1        1975           4          28 corn                                        PLANT   0.1347239      0.0000000E+00   220.1928      0.0000000E+00   2626.908       84.19463       237.5215      0.0000000E+00   6.000000    
           2        1975           4          28 corn                                        PLANT   0.1347239      0.0000000E+00   194.4895      0.0000000E+00   2617.137       98.82111       260.1668      0.0000000E+00   6.000000    
           3        1975           4          28 corn                                        PLANT   0.1347239      0.0000000E+00   220.6424      0.0000000E+00   2645.821       85.07769       310.4992      0.0000000E+00   6.000000    
           4        1975           4          28 corn                                        PLANT   0.1347239      0.0000000E+00   220.6102      0.0000000E+00   2630.092       85.22346       310.1474      0.0000000E+00   6.000000    
           5        1975           4          28 corn                                        PLANT   0.1347239      0.0000000E+00   220.8238      0.0000000E+00   2648.570       85.44207       321.0194      0.0000000E+00   6.000000    
           6        1975           4          28 corn                                        PLANT   0.1347239      0.0000000E+00   220.9964      0.0000000E+00   2644.512       86.01421       331.7128      0.0000000E+00   6.000000    
           7        1975           4          28 corn                                        PLANT   0.1347239      0.0000000E+00   220.0580      0.0000000E+00   2625.282       83.60217       231.7245      0.0000000E+00   6.000000    
           8        1975           4          28 corn                                        PLANT   0.1347239      0.0000000E+00   222.5168      0.0000000E+00   2626.292       90.89575       252.6539      0.0000000E+00   6.000000    
           9        1975           4          28 corn                                        PLANT   0.1347239      0.0000000E+00   221.3237      0.0000000E+00   2654.544       86.85070       315.7483      0.0000000E+00   6.000000    
          10        1975           4          28 corn                                        PLANT   0.1347239      0.0000000E+00   221.9880      0.0000000E+00   2639.120       87.52655       305.1521      0.0000000E+00   6.000000    
          11        1975           4          28 corn                                        PLANT   0.1347239      0.0000000E+00   223.8207      0.0000000E+00   2674.972       101.3900       348.3898      0.0000000E+00   6.000000    
          12        1975           4          28 corn                                        PLANT   0.1347239      0.0000000E+00   222.6759      0.0000000E+00   2660.800       89.43929       312.6203      0.0000000E+00   6.000000    
           1        1975           5          15 sprinkler_ilm                           IRRIGATE   0.1969572      8.3499700E-02   208.2521       219.5264       1718.180       76.45177       225.1952       21.25000      0.0000000E+00
           3        1975           5          15 sprinkler_ilm                           IRRIGATE   0.1969572      8.3499700E-02   208.8529       214.8786       1730.704       77.52433       285.1519       21.25000      0.0000000E+00
           4        1975           5          15 sprinkler_ilm                           IRRIGATE   0.1969572      8.3499700E-02   208.9187       219.5099       1720.276       77.48787       285.2901       21.25000      0.0000000E+00
           5        1975           5          15 sprinkler_ilm                           IRRIGATE   0.1969572      8.3499700E-02   209.1405       218.8549       1732.530       77.73236       294.0435       21.25000      0.0000000E+00
           6        1975           5          15 sprinkler_ilm                           IRRIGATE   0.1969572      8.3499700E-02   209.4587       219.4877       1729.829       78.27980       303.0847       21.25000      0.0000000E+00
           7        1975           5          15 sprinkler_ilm                           IRRIGATE   0.1969572      8.3499700E-02   208.0423       219.5738       1717.103       75.85435       220.3661       21.25000      0.0000000E+00
           8        1975           5          15 sprinkler_ilm                           IRRIGATE   0.1969572      8.3499700E-02   212.2203       204.7805       1717.664       83.73959       240.5129       21.25000      0.0000000E+00
           9        1975           5          15 sprinkler_ilm                           IRRIGATE   0.1969572      8.3499700E-02   209.9226       213.7594       1736.457       79.34049       290.1599       21.25000      0.0000000E+00
          10        1975           5          15 sprinkler_ilm                           IRRIGATE   0.1969572      8.3499700E-02   211.2023       216.5729       1726.218       79.90607       282.0078       21.25000      0.0000000E+00
          11        1975           5          15 sprinkler_ilm                           IRRIGATE   0.1969572      8.3499700E-02   213.9043       209.9857       1750.004       94.03034       322.6776       21.25000      0.0000000E+00
          12        1975           5          15 sprinkler_ilm                           IRRIGATE   0.1969572      8.3499700E-02   212.2160       212.2232       1740.576       81.99111       288.6689       21.25000      0.0000000E+00
           1        1975           6           1 null                                        FERT   0.2633149      0.1819300       210.1798       1201.019       1072.072       46.34452       213.3401       181.4000      0.0000000E+00  0.0000000E+00  0.0000000E+00  0.0000000E+00  0.0000000E+00
           2        1975           6           1 null                                        FERT   0.2633149      0.1819300       195.8129       1188.232       1115.207       61.35638       247.9642       210.0000      0.0000000E+00  0.0000000E+00  0.0000000E+00  0.0000000E+00  0.0000000E+00
           3        1975           6           1 null                                        FERT   0.2633149      0.1819300       210.9771       1196.370       1079.942       47.39542       264.4711       181.4000      0.0000000E+00  0.0000000E+00  0.0000000E+00  0.0000000E+00  0.0000000E+00
           4        1975           6           1 null                                        FERT   0.2633149      0.1819300       211.3626       1201.003       1073.369       47.38084       264.8749       181.4000      0.0000000E+00  0.0000000E+00  0.0000000E+00  0.0000000E+00  0.0000000E+00
           5        1975           6           1 null                                        FERT   0.2633149      0.1819300       211.4585       1200.347       1081.088       47.62216       272.2344       181.4000      0.0000000E+00  0.0000000E+00  0.0000000E+00  0.0000000E+00  0.0000000E+00
           6        1975           6           1 null                                        FERT   0.2633149      0.1819300       212.1291       1200.980       1079.369       48.17265       280.1166       181.4000      0.0000000E+00  0.0000000E+00  0.0000000E+00  0.0000000E+00  0.0000000E+00
           7        1975           6           1 null                                        FERT   0.2633149      0.1819300       209.8227       1201.067       1071.399       45.74744       209.1648       181.4000      0.0000000E+00  0.0000000E+00  0.0000000E+00  0.0000000E+00  0.0000000E+00
           8        1975           6           1 null                                        FERT   0.2633149      0.1819300       218.7645       1186.270       1071.535       53.56385       228.7533       181.4000      0.0000000E+00  0.0000000E+00  0.0000000E+00  0.0000000E+00  0.0000000E+00
           9        1975           6           1 null                                        FERT   0.2633149      0.1819300       212.8453       1195.251       1083.519       49.20628       269.2206       181.4000      0.0000000E+00  0.0000000E+00  0.0000000E+00  0.0000000E+00  0.0000000E+00
          10        1975           6           1 null                                        FERT   0.2633149      0.1819300       215.7817       1198.065       1077.026       49.78532       262.7440       181.4000      0.0000000E+00  0.0000000E+00  0.0000000E+00  0.0000000E+00  0.0000000E+00
          11        1975           6           1 null                                        FERT   0.2633149      0.1819300       222.3334       1191.476       1091.931       63.87878       301.4306       181.4000      0.0000000E+00  0.0000000E+00  0.0000000E+00  0.0000000E+00  0.0000000E+00
          12        1975           6           1 null                                        FERT   0.2633149      0.1819300       217.5721       1193.714       1086.042       51.84992       268.8048       181.4000      0.0000000E+00  0.0000000E+00  0.0000000E+00  0.0000000E+00  0.0000000E+00
           1        1975           8           9 sprinkler                IRRIGATE  0.6069807      0.7889606      1.6000002E-05   19755.02       38.90204       16.49358       1.674350      0.1634421      1.6159997E-03   183.2678       21.25000    
           3        1975           8           9 sprinkler                IRRIGATE  0.6069807      0.7889606      1.6000002E-05   19958.20       39.20889       16.59267       1.680429      0.1646209      1.6159997E-03   221.2698       21.25000    
           4        1975           8           9 sprinkler                IRRIGATE  0.6069807      0.7889606      1.6000002E-05   19994.43       38.93762       16.48073       1.672988      0.1635391      1.6159997E-03   221.7824       21.25000    
           5        1975           8           9 sprinkler                IRRIGATE  0.6069807      0.7889606      1.6000002E-05   20034.04       39.23177       16.60028       1.681942      0.1648181      1.6159997E-03   227.2041       21.25000    
           6        1975           8           9 sprinkler                IRRIGATE  0.6069807      0.7889606      1.6000002E-05   20137.48       39.14543       16.61644       1.695733      0.1645166      1.6159997E-03   233.2371       21.25000    
           7        1975           8           9 sprinkler                IRRIGATE  0.6069807      0.7889606      1.6000002E-05   19626.74       38.87522       16.56348       1.702445      0.1634276      1.6159997E-03   180.0714       21.25000    
           9        1975           8           9 sprinkler                IRRIGATE  0.6069807      0.7889606      1.6000002E-05   20287.00       39.30058       16.66853       1.697016      0.1650939      1.6159997E-03   225.1452       21.25000    
           8        1975           8          10 sprinkler                IRRIGATE  0.6129248      0.8001106      1.6000002E-05   21129.97       37.81941       16.04619       1.636507      0.1588890      1.6159997E-03   197.1834       21.25000    
          10        1975           8          10 sprinkler                IRRIGATE  0.6129248      0.8001106      1.6000002E-05   20430.82       38.03454       16.10891       1.636863      0.1597664      1.6159997E-03   220.6330       21.25000    
          12        1975           8          10 sprinkler                IRRIGATE  0.6129248      0.8001106      1.6000002E-05   20864.04       38.36839       16.21942       1.642068      0.1611794      1.6159997E-03   225.4932       21.25000    
          11        1975           8          11 sprinkler                IRRIGATE  0.6175704      0.8078864       6.230583       22987.06       36.33549       15.32407       1.543983      0.1526820      1.6159997E-03   253.3728       21.25000    
           1        1975           8          17 sprinkler                IRRIGATE  0.6473806      0.8595726       1.450623       20692.87       24.77819       10.56323       1.081612      0.1041218      1.6159997E-03   180.7464       21.25000    
           3        1975           8          17 sprinkler                IRRIGATE  0.6473806      0.8595726       1.450624       20899.79       24.97984       10.61796       1.083218      0.1048591      1.6159997E-03   218.6510       21.25000    
           4        1975           8          17 sprinkler                IRRIGATE  0.6473806      0.8595726       1.450623       20935.61       24.79489       10.54233       1.079421      0.1041396      1.6159997E-03   219.1195       21.25000    
           5        1975           8          17 sprinkler                IRRIGATE  0.6473806      0.8595726       1.450623       20979.90       24.98638       10.61863       1.084025      0.1049875      1.6159997E-03   224.5133       21.25000    
           6        1975           8          17 sprinkler                IRRIGATE  0.6473806      0.8595726       1.450623       21095.63       24.92168       10.64442       1.098925      0.1047768      1.6159997E-03   230.4855       21.25000    
           7        1975           8          17 sprinkler                IRRIGATE  0.6473806      0.8595726       1.450624       20559.16       24.76095       10.63811       1.110434      0.1041477      1.6159997E-03   177.5634       21.25000    
           9        1975           8          17 sprinkler                IRRIGATE  0.6473806      0.8595726       1.450622       21263.28       25.02107       10.67293       1.097815      0.1051201      1.6159997E-03   222.4303       21.25000    
           8        1975           8          25 sprinkler                IRRIGATE  0.6875722      0.9296432      0.6088641       22773.67       16.68851       7.174155      0.7498950      7.0139125E-02  1.6159997E-03   192.4561       21.25000    
          10        1975           8          25 sprinkler                IRRIGATE  0.6875722      0.9296432      0.6089191       22007.60       16.80010       7.192789      0.7457175      7.0581757E-02  1.6159997E-03   216.3165       21.25000    
          11        1975           8          25 sprinkler                IRRIGATE  0.6875722      0.9296432      0.6087651       24879.53       16.94512       7.181093      0.7298814      7.1242385E-02  1.6159997E-03   248.3833       21.25000    
          12        1975           8          25 sprinkler                IRRIGATE  0.6875722      0.9296432      0.6089086       22459.24       16.95213       7.226458      0.7431453      7.1231283E-02  1.6159997E-03   221.0176       21.25000    
           1        1975           8          31 sprinkler                IRRIGATE  0.7170848      0.9805562       6.920367       21639.23       11.56791       5.016487      0.5272145      4.8638616E-02  1.6159997E-03   178.1787       21.25000    
           3        1975           8          31 sprinkler                IRRIGATE  0.7170848      0.9805562       6.920265       21855.56       11.67357       5.030722      0.5247362      4.8972808E-02  1.6159997E-03   215.7768       21.25000    
           4        1975           8          31 sprinkler                IRRIGATE  0.7170848      0.9805562       6.920352       21891.96       11.57080       4.989672      0.5244090      4.8598483E-02  1.6159997E-03   216.2152       21.25000    
           5        1975           8          31 sprinkler                IRRIGATE  0.7170848      0.9805562       6.920230       21942.13       11.66632       5.025536      0.5249475      4.9043313E-02  1.6159997E-03   221.5444       21.25000    
           6        1975           8          31 sprinkler                IRRIGATE  0.7170848      0.9805562       6.920285       22073.35       11.62406       5.061259      0.5409759      4.8926756E-02  1.6159997E-03   227.4330       21.25000    
           7        1975           8          31 sprinkler                IRRIGATE  0.7170848      0.9805562       6.920406       21496.43       11.55853       5.095551      0.5566682      4.8697487E-02  1.6159997E-03   174.9955       21.25000    
           9        1975           8          31 sprinkler                IRRIGATE  0.7170848      0.9805562       6.920171       22263.91       11.67335       5.068578      0.5377141      4.9059778E-02  1.6159997E-03   219.4577       21.25000    
           8        1975           9           3 sprinkler                IRRIGATE  0.7326164       1.008028      0.7377049       23262.95       10.28188       4.484266      0.4810854      4.3231227E-02  1.6189108E-03   190.8826       21.25000    
          10        1975           9           3 sprinkler                IRRIGATE  0.7326164       1.008028      0.7377303       22466.79       10.35224       4.485402      0.4751204      4.3500766E-02  1.6190201E-03   214.8332       21.25000    
          11        1975           9           3 sprinkler                IRRIGATE  0.7326164       1.008028      0.7376659       25539.20       10.42106       4.441314      0.4559694      4.3841336E-02  1.6186862E-03   246.5311       21.25000    
          12        1975           9           3 sprinkler                IRRIGATE  0.7326164       1.008028      0.7377268       22930.05       10.45272       4.497269      0.4703400      4.3933816E-02  1.6190212E-03   219.4966       21.25000    
           1        1975           9           9 sprinkler                IRRIGATE  0.7562887       1.043762       4.651680       21712.77       7.307343       3.227554      0.3484107      3.0744229E-02  1.9409303E-03   177.3268       21.25000    
           3        1975           9           9 sprinkler                IRRIGATE  0.7562887       1.043762       4.651449       21930.17       7.382564       3.228946      0.3446372      3.0950628E-02  1.9680057E-03   214.7753       21.25000    
           4        1975           9           9 sprinkler                IRRIGATE  0.7562887       1.043762       4.651644       21966.68       7.306725       3.199231      0.3454469      3.0689368E-02  1.9462750E-03   215.2007       21.25000    
           5        1975           9           9 sprinkler                IRRIGATE  0.7562887       1.043762       4.651370       22017.38       7.371274       3.222037      0.3446726      3.1004088E-02  1.9734756E-03   220.4954       21.25000    
           6        1975           9           9 sprinkler                IRRIGATE  0.7562887       1.043762       4.651490       22150.00       7.336802       3.261201      0.3610885      3.0920262E-02  1.9643656E-03   226.3559       21.25000    
           7        1975           9           9 sprinkler                IRRIGATE  0.7562887       1.043762       4.651766       21569.04       7.300245       3.307867      0.3780583      3.0812701E-02  1.9235731E-03   174.1398       21.25000    
           9        1975           9           9 sprinkler                IRRIGATE  0.7562887       1.043762       4.651234       22342.63       7.370428       3.261894      0.3571537      3.0987555E-02  1.9807396E-03   218.4173       21.25000    
           8        1975           9          13 sprinkler                IRRIGATE  0.7743466       1.073501       1.671021       23262.95       6.338238       2.828487      0.3156177      2.6667893E-02  2.2190302E-03   189.8791       21.25000    
          10        1975           9          13 sprinkler                IRRIGATE  0.7743466       1.073501       1.671073       22466.79       6.381491       2.818129      0.3084801      2.6823638E-02  2.3545821E-03   213.7954       21.25000    
          11        1975           9          13 sprinkler                IRRIGATE  0.7743466       1.073501       1.670949       25539.20       6.409168       2.756522      0.2875307      2.6991408E-02  2.4323571E-03   245.3254       21.25000    
          12        1975           9          13 sprinkler                IRRIGATE  0.7743466       1.073501       1.671067       22930.05       6.450772       2.816802      0.3023629      2.7125681E-02  2.4049855E-03   218.4271       21.25000    
           1        1975           9          15 sprinkler                IRRIGATE  0.7835583       1.088845       2.421957       21712.77       5.491087       2.464943      0.2721876      2.3115940E-02  2.2862346E-03   176.8732       21.25000    
           3        1975           9          15 sprinkler                IRRIGATE  0.7835583       1.088845       2.421956       21930.17       5.553432       2.460901      0.2678663      2.3268301E-02  2.3286771E-03   214.2024       21.25000    
           4        1975           9          15 sprinkler                IRRIGATE  0.7835583       1.088845       2.421950       21966.68       5.489159       2.436052      0.2691641      2.3055591E-02  2.2946806E-03   214.6228       21.25000    
           5        1975           9          15 sprinkler                IRRIGATE  0.7835583       1.088845       2.421953       22017.38       5.540489       2.453289      0.2678297      2.3314795E-02  2.3371801E-03   219.8937       21.25000    
           6        1975           9          15 sprinkler                IRRIGATE  0.7835583       1.088845       2.421948       22150.00       5.509456       2.493968      0.2844158      2.3245411E-02  2.3230144E-03   225.7359       21.25000    
           7        1975           9          15 sprinkler                IRRIGATE  0.7835583       1.088845       2.421959       21569.04       5.484903       2.545762      0.3019155      2.3188276E-02  2.2585387E-03   173.6874       21.25000    
           9        1975           9          15 sprinkler                IRRIGATE  0.7835583       1.088845       2.421945       22342.63       5.536507       2.491879      0.2801983      2.3285124E-02  2.3484509E-03   217.8221       21.25000    
           8        1975           9          18 sprinkler                IRRIGATE  0.7950169       1.105731       2.614953       23262.95       5.050009       2.287610      0.2615660      2.1257307E-02  2.4619158E-03   189.4806       21.25000    
          10        1975           9          18 sprinkler                IRRIGATE  0.7950169       1.105731       2.614951       22466.79       5.083094       2.272946      0.2539902      2.1370361E-02  2.6450451E-03   213.3746       21.25000    
          11        1975           9          18 sprinkler                IRRIGATE  0.7950169       1.105731       2.614953       25539.20       5.100887       2.207110      0.2326027      2.1496627E-02  2.7390912E-03   244.8213       21.25000    
          12        1975           9          18 sprinkler                IRRIGATE  0.7950169       1.105731       2.614952       22930.05       5.142412       2.267406      0.2474462      2.1630580E-02  2.7074963E-03   217.9933       21.25000    
           1        1975           9          20 sprinkler                IRRIGATE  0.8043523       1.121397       1.401289       21712.77       4.397402       2.005725      0.2262887      1.8522471E-02  2.5715567E-03   176.5849       21.25000    
           3        1975           9          20 sprinkler                IRRIGATE  0.8043523       1.121397       1.401292       21930.17       4.452022       1.998425      0.2216387      1.8642385E-02  2.6254479E-03   213.8383       21.25000    
           4        1975           9          20 sprinkler                IRRIGATE  0.8043523       1.121397       1.401289       21966.68       4.394757       1.976524      0.2232323      1.8459100E-02  2.5824131E-03   214.2549       21.25000    
           5        1975           9          20 sprinkler                IRRIGATE  0.8043523       1.121397       1.401292       22017.38       4.438114       1.990400      0.2215600      1.8684814E-02  2.6360275E-03   219.5111       21.25000    
           6        1975           9          20 sprinkler                IRRIGATE  0.8043523       1.121397       1.401291       22150.00       4.409197       2.032012      0.2382505      1.8624326E-02  2.6183599E-03   225.3425       21.25000    
           7        1975           9          20 sprinkler                IRRIGATE  0.8043523       1.121397       1.401292       21569.04       4.391758       2.086844      0.2560645      1.8597072E-02  2.5355606E-03   173.3989       21.25000    
           9        1975           9          20 sprinkler                IRRIGATE  0.8043523       1.121397       1.401289       22342.63       4.432323       2.028261      0.2338642      1.8647570E-02  2.6499184E-03   217.4416       21.25000    
           8        1975           9          24 sprinkler                IRRIGATE  0.8215775       1.148972      0.7213663       23262.95       3.892712       1.801707      0.2130083      1.6396679E-02  2.7133855E-03   189.0916       21.25000    
          10        1975           9          24 sprinkler                IRRIGATE  0.8215775       1.148972      0.7213933       22466.79       3.915894       1.782851      0.2050063      1.6468121E-02  2.9409137E-03   212.9302       21.25000    
          11        1975           9          24 sprinkler                IRRIGATE  0.8215775       1.148972      0.7213308       25539.20       3.926773       1.714041      0.1833076      1.6565345E-02  3.0484006E-03   244.2870       21.25000    
          12        1975           9          24 sprinkler                IRRIGATE  0.8215775       1.148972      0.7213916       22930.05       3.966374       1.773573      0.1980833      1.6691232E-02  3.0139026E-03   217.5336       21.25000    
           1        1975           9          25 sprinkler                IRRIGATE  0.8254369       1.154705       2.960137       21712.77       3.531042       1.641957      0.1899300      1.4883751E-02  2.8550625E-03   176.3515       21.25000    
           3        1975           9          25 sprinkler                IRRIGATE  0.8254369       1.154705       2.960139       21930.17       3.579567       1.632086      0.1850206      1.4978087E-02  2.9205373E-03   213.5237       21.25000    
           4        1975           9          25 sprinkler                IRRIGATE  0.8254369       1.154705       2.960135       21966.68       3.527885       1.612534      0.1868499      1.4818249E-02  2.8683436E-03   213.9375       21.25000    
           5        1975           9          25 sprinkler                IRRIGATE  0.8254369       1.154705       2.960137       22017.38       3.564919       1.623744      0.1849096      1.5017386E-02  2.9332391E-03   219.1799       21.25000    
           6        1975           9          25 sprinkler                IRRIGATE  0.8254369       1.154705       2.960137       22150.00       3.537715       1.666110      0.2016843      1.4964107E-02  2.9119961E-03   225.0005       21.25000    
           7        1975           9          25 sprinkler                IRRIGATE  0.8254369       1.154705       2.960139       21569.04       3.525812       1.723306      0.2197429      1.4960085E-02  2.8107497E-03   173.1660       21.25000    
           9        1975           9          25 sprinkler                IRRIGATE  0.8254369       1.154705       2.960137       22342.63       3.557760       1.661055      0.1971655      1.4974412E-02  2.9498222E-03   217.1134       21.25000    
           8        1975           9          28 sprinkler                IRRIGATE  0.8371615       1.172282       7.040803       23262.95       3.282200       1.545378      0.1873925      1.3832533E-02  2.9477070E-03   188.9072       21.25000    
          10        1975           9          28 sprinkler                IRRIGATE  0.8371615       1.172282       7.040803       22466.79       3.299835       1.524175      0.1791522      1.3880674E-02  3.2247577E-03   212.7244       21.25000    
          11        1975           9          28 sprinkler                IRRIGATE  0.8371615       1.172282       7.040802       25539.20       3.307831       1.454117      0.1573215      1.3965794E-02  3.3507061E-03   244.0346       21.25000    
          12        1975           9          28 sprinkler                IRRIGATE  0.8371615       1.172282       7.040802       22930.05       3.345679       1.512935      0.1720303      1.4084316E-02  3.3108864E-03   217.3204       21.25000    
           1        1975          10           4 sprinkler                IRRIGATE  0.8579018       1.200396       4.968436       21712.77       2.464820       1.194271      0.1451838      1.0405622E-02  3.4031474E-03   176.0826       21.25000    
           3        1975          10           4 sprinkler                IRRIGATE  0.8579018       1.200396       4.968430       21930.17       2.505821       1.181224      0.1399539      1.0468360E-02  3.5083941E-03   213.1360       21.25000    
           4        1975          10           4 sprinkler                IRRIGATE  0.8579018       1.200396       4.968435       21966.68       2.461034       1.164574      0.1420745      1.0337479E-02  3.4242154E-03   213.5461       21.25000    
           5        1975          10           4 sprinkler                IRRIGATE  0.8579018       1.200396       4.968427       22017.38       2.490260       1.172493      0.1398034      1.0503826E-02  3.5292732E-03   218.7698       21.25000    
           6        1975          10           4 sprinkler                IRRIGATE  0.8579018       1.200396       4.968431       22150.00       2.465176       1.215792      0.1566820      1.0459442E-02  3.4944436E-03   224.5777       21.25000    
           7        1975          10           4 sprinkler                IRRIGATE  0.8579018       1.200396       4.968441       21569.04       2.460117       1.275913      0.1750434      1.0484160E-02  3.3339362E-03   172.8962       21.25000    
           9        1975          10           4 sprinkler                IRRIGATE  0.8579018       1.200396       4.968424       22342.63       2.481416       1.209125      0.1519996      1.0453764E-02  3.5568264E-03   216.7052       21.25000    
           1        1975          10           7 corn                                        HARV/KILL   0.8720326      0.0000000E+00   14.70290       21712.77       9160.049      3.6905638E-03   176.0352       7334.946      0.0000000E+00  0.0000000E+00  0.0000000E+00  0.0000000E+00  0.0000000E+00
           2        1975          10           7 corn                                        HARV/KILL   0.8720326      0.0000000E+00  0.9334676       24738.86       10080.65      2.1338081E-03   204.2089       8793.932      0.0000000E+00  0.0000000E+00  0.0000000E+00  0.0000000E+00  0.0000000E+00
           3        1975          10           7 corn                                        HARV/KILL   0.8720326      0.0000000E+00   14.70251       21930.17       9224.467      3.8048422E-03   213.0635       7443.857      0.0000000E+00  0.0000000E+00  0.0000000E+00  0.0000000E+00  0.0000000E+00
           4        1975          10           7 corn                                        HARV/KILL   0.8720326      0.0000000E+00   14.70288       21966.68       9235.154      3.7135843E-03   213.4726       7462.371      0.0000000E+00  0.0000000E+00  0.0000000E+00  0.0000000E+00  0.0000000E+00
           5        1975          10           7 corn                                        HARV/KILL   0.8720326      0.0000000E+00   14.70242       22017.38       9250.838      3.8272869E-03   218.6917       7486.773      0.0000000E+00  0.0000000E+00  0.0000000E+00  0.0000000E+00  0.0000000E+00
           6        1975          10           7 corn                                        HARV/KILL   0.8720326      0.0000000E+00   14.70261       22150.00       9291.732      3.7898037E-03   224.4985       7550.701      0.0000000E+00  0.0000000E+00  0.0000000E+00  0.0000000E+00  0.0000000E+00
           7        1975          10           7 corn                                        HARV/KILL   0.8720326      0.0000000E+00   14.70304       21569.04       9116.328      3.6144473E-03   172.8475       7264.570      0.0000000E+00  0.0000000E+00  0.0000000E+00  0.0000000E+00  0.0000000E+00
           8        1975          10           7 corn                                        HARV/KILL   0.8720326      0.0000000E+00   8.542074       23262.95       9616.294      3.3765582E-03   188.7393       8110.680      0.0000000E+00  0.0000000E+00  0.0000000E+00  0.0000000E+00  0.0000000E+00
           9        1975          10           7 corn                                        HARV/KILL   0.8720326      0.0000000E+00   14.70217       22342.63       9350.507      3.8567691E-03   216.6253       7644.384      0.0000000E+00  0.0000000E+00  0.0000000E+00  0.0000000E+00  0.0000000E+00
          10        1975          10           7 corn                                        HARV/KILL   0.8720326      0.0000000E+00   8.542286       22466.79       9396.566      3.6322535E-03   212.5191       7692.074      0.0000000E+00  0.0000000E+00  0.0000000E+00  0.0000000E+00  0.0000000E+00
          11        1975          10           7 corn                                        HARV/KILL   0.8720326      0.0000000E+00   8.536655       25539.20       10217.16      3.8068092E-03   243.7741       9337.665      0.0000000E+00  0.0000000E+00  0.0000000E+00  0.0000000E+00  0.0000000E+00
          12        1975          10           7 corn                                        HARV/KILL   0.8720326      0.0000000E+00   8.540728       22930.05       9525.653      3.7486400E-03   217.1034       7934.952      0.0000000E+00  0.0000000E+00  0.0000000E+00  0.0000000E+00  0.0000000E+00
           1        1975          10           9 null                                        FERT   5.7405522E-03  0.0000000E+00   10.43056      0.0000000E+00   8832.750      3.6971681E-03   176.8964       142.7000      0.0000000E+00  0.0000000E+00  0.0000000E+00  0.0000000E+00  0.0000000E+00
           2        1975          10           9 null                                        FERT   5.7405522E-03  0.0000000E+00  0.4157208      0.0000000E+00   9721.839      2.1358288E-03   205.2000       142.7000      0.0000000E+00  0.0000000E+00  0.0000000E+00  0.0000000E+00  0.0000000E+00
           3        1975          10           9 null                                        FERT   5.7405522E-03  0.0000000E+00   10.44199      0.0000000E+00   8894.862      3.8114365E-03   214.4209       142.7000      0.0000000E+00  0.0000000E+00  0.0000000E+00  0.0000000E+00  0.0000000E+00
           4        1975          10           9 null                                        FERT   5.7405522E-03  0.0000000E+00   10.44425      0.0000000E+00   8905.156      3.7201771E-03   214.8215       142.7000      0.0000000E+00  0.0000000E+00  0.0000000E+00  0.0000000E+00  0.0000000E+00
           5        1975          10           9 null                                        FERT   5.7405522E-03  0.0000000E+00   10.44672      0.0000000E+00   8920.282      3.8338769E-03   220.1035       142.7000      0.0000000E+00  0.0000000E+00  0.0000000E+00  0.0000000E+00  0.0000000E+00
           6        1975          10           9 null                                        FERT   5.7405522E-03  0.0000000E+00   10.45432      0.0000000E+00   8959.706      3.7963877E-03   225.9827       142.7000      0.0000000E+00  0.0000000E+00  0.0000000E+00  0.0000000E+00  0.0000000E+00
           7        1975          10           9 null                                        FERT   5.7405522E-03  0.0000000E+00   10.42269      0.0000000E+00   8790.595      3.6210583E-03   173.6635       142.7000      0.0000000E+00  0.0000000E+00  0.0000000E+00  0.0000000E+00  0.0000000E+00
           8        1975          10           9 null                                        FERT   5.7405522E-03  0.0000000E+00   6.046975      0.0000000E+00   9272.167      3.3796739E-03   189.5147       142.7000      0.0000000E+00  0.0000000E+00  0.0000000E+00  0.0000000E+00  0.0000000E+00
           9        1975          10           9 null                                        FERT   5.7405522E-03  0.0000000E+00   10.46462      0.0000000E+00   9016.375      3.8633440E-03   217.9924       142.7000      0.0000000E+00  0.0000000E+00  0.0000000E+00  0.0000000E+00  0.0000000E+00
          10        1975          10           9 null                                        FERT   5.7405522E-03  0.0000000E+00   6.023952      0.0000000E+00   9060.530      3.6355981E-03   213.5018       142.7000      0.0000000E+00  0.0000000E+00  0.0000000E+00  0.0000000E+00  0.0000000E+00
          11        1975          10           9 null                                        FERT   5.7405522E-03  0.0000000E+00   6.104366      0.0000000E+00   9851.210      3.8094611E-03   244.9213       142.7000      0.0000000E+00  0.0000000E+00  0.0000000E+00  0.0000000E+00  0.0000000E+00
          12        1975          10           9 null                                        FERT   5.7405522E-03  0.0000000E+00   6.036164      0.0000000E+00   9184.979      3.7519855E-03   218.1160       142.7000      0.0000000E+00  0.0000000E+00  0.0000000E+00  0.0000000E+00  0.0000000E+00
           1        1975          10          11 chisplow            TILLAGE   1.1715881E-02  0.0000000E+00   7.030458      0.0000000E+00   4268.545      3.7054005E-03   177.5011      0.6500000    
           3        1975          10          11 chisplow            TILLAGE   1.1715881E-02  0.0000000E+00   7.047828      0.0000000E+00   4298.555      3.8196531E-03   215.3582      0.6500000    
           4        1975          10          11 chisplow            TILLAGE   1.1715881E-02  0.0000000E+00   7.050983      0.0000000E+00   4303.527      3.7283914E-03   215.7534      0.6500000    
           5        1975          10          11 chisplow            TILLAGE   1.1715881E-02  0.0000000E+00   7.054972      0.0000000E+00   4310.836      3.8420872E-03   221.0777      0.6500000    
           6        1975          10          11 chisplow            TILLAGE   1.1715881E-02  0.0000000E+00   7.066254      0.0000000E+00   4329.883      3.8045880E-03   227.0065      0.6500000    
           7        1975          10          11 chisplow            TILLAGE   1.1715881E-02  0.0000000E+00   7.018577      0.0000000E+00   4248.176      3.6293017E-03   174.2376      0.6500000    
           8        1975          10          11 chisplow            TILLAGE   1.1715881E-02  0.0000000E+00   4.203146      0.0000000E+00   4480.693      3.3823315E-03   190.0579      0.6500000    
           9        1975          10          11 chisplow            TILLAGE   1.1715881E-02  0.0000000E+00   7.081981      0.0000000E+00   4357.263      3.8715303E-03   218.9366      0.6500000    
          10        1975          10          11 chisplow            TILLAGE   1.1715881E-02  0.0000000E+00   4.168210      0.0000000E+00   4378.524      3.6384815E-03   214.1840      0.6500000    
          11        1975          10          11 chisplow            TILLAGE   1.1715881E-02  0.0000000E+00   4.293280      0.0000000E+00   4760.359      3.8116672E-03   245.7137      0.6500000    
          12        1975          10          11 chisplow            TILLAGE   1.1715881E-02  0.0000000E+00   4.187521      0.0000000E+00   4438.652      3.7548735E-03   218.8183      0.6500000    
           1        1976           5           1 fldcult             TILLAGE   0.1520299      0.0000000E+00   74.15881      0.0000000E+00   262.1200      8.8392841E-03   185.5209      0.5000000    
           3        1976           5           1 fldcult             TILLAGE   0.1520299      0.0000000E+00   74.21128      0.0000000E+00   263.9625      9.1928616E-03   224.9664      0.5000000    
           4        1976           5           1 fldcult             TILLAGE   0.1520299      0.0000000E+00   74.23935      0.0000000E+00   264.2978      8.7740198E-03   225.3931      0.5000000    
           5        1976           5           1 fldcult             TILLAGE   0.1520299      0.0000000E+00   74.24001      0.0000000E+00   264.7288      9.2195980E-03   230.9236      0.5000000    
           6        1976           5           1 fldcult             TILLAGE   0.1520299      0.0000000E+00   74.28738      0.0000000E+00   265.9209      9.1198962E-03   237.1577      0.5000000    
           7        1976           5           1 fldcult             TILLAGE   0.1520299      0.0000000E+00   74.12236      0.0000000E+00   260.8690      8.5051078E-03   182.2393      0.5000000    
           8        1976           5           1 fldcult             TILLAGE   0.1520299      0.0000000E+00   74.71651      0.0000000E+00   279.8889      8.2604121E-03   199.2949      0.5000000    
           9        1976           5           1 fldcult             TILLAGE   0.1520299      0.0000000E+00   74.33462      0.0000000E+00   267.6095      9.4395522E-03   228.6034      0.5000000    
          10        1976           5           1 fldcult             TILLAGE   0.1520299      0.0000000E+00   74.46806      0.0000000E+00   270.1996      8.9113992E-03   223.9783      0.5000000    
          11        1976           5           1 fldcult             TILLAGE   0.1520299      0.0000000E+00   75.32363      0.0000000E+00   307.3518      9.8862005E-03   256.5410      0.5000000    
          12        1976           5           1 fldcult             TILLAGE   0.1520299      0.0000000E+00   74.56805      0.0000000E+00   273.9611      9.4664283E-03   228.7567      0.5000000    
           2        1976           5           2 null                                        FERT   0.1555189      0.0000000E+00   76.16658      0.0000000E+00   899.0669      7.8617157E-03   216.6860       40.00000      0.0000000E+00  0.0000000E+00  0.0000000E+00  0.0000000E+00  0.0000000E+00
           1        1976           5           3 corn                                        PLANT   0.1600066      0.0000000E+00   64.42126      0.0000000E+00   256.3639      8.8809086E-03   185.8941      0.0000000E+00   6.000000    
           1        1976           5           3 null                                        FERT   0.1600066      0.0000000E+00   64.42126      0.0000000E+00   256.3639      8.8809086E-03   185.8941       26.00000      0.0000000E+00  0.0000000E+00  0.0000000E+00  0.0000000E+00  0.0000000E+00
           2        1976           5           3 corn                                        PLANT   0.1600066      0.0000000E+00   71.10831      0.0000000E+00   883.6686      7.8642871E-03   216.7525      0.0000000E+00   6.000000    
           3        1976           5           3 corn                                        PLANT   0.1600066      0.0000000E+00   64.47469      0.0000000E+00   258.1660      9.2279622E-03   225.6034      0.0000000E+00   6.000000    
           3        1976           5           3 null                                        FERT   0.1600066      0.0000000E+00   64.47469      0.0000000E+00   258.1660      9.2279622E-03   225.6034       26.00000      0.0000000E+00  0.0000000E+00  0.0000000E+00  0.0000000E+00  0.0000000E+00
           4        1976           5           3 corn                                        PLANT   0.1600066      0.0000000E+00   64.50294      0.0000000E+00   258.4939      8.8070668E-03   226.0241      0.0000000E+00   6.000000    
           4        1976           5           3 null                                        FERT   0.1600066      0.0000000E+00   64.50294      0.0000000E+00   258.4939      8.8070668E-03   226.0241       26.00000      0.0000000E+00  0.0000000E+00  0.0000000E+00  0.0000000E+00  0.0000000E+00
           5        1976           5           3 corn                                        PLANT   0.1600066      0.0000000E+00   64.50383      0.0000000E+00   258.9155      9.2534488E-03   231.5931      0.0000000E+00   6.000000    
           5        1976           5           3 null                                        FERT   0.1600066      0.0000000E+00   64.50383      0.0000000E+00   258.9155      9.2534488E-03   231.5931       26.00000      0.0000000E+00  0.0000000E+00  0.0000000E+00  0.0000000E+00  0.0000000E+00
           6        1976           5           3 corn                                        PLANT   0.1600066      0.0000000E+00   64.55183      0.0000000E+00   260.0814      9.1539845E-03   237.8676      0.0000000E+00   6.000000    
           6        1976           5           3 null                                        FERT   0.1600066      0.0000000E+00   64.55183      0.0000000E+00   260.0814      9.1539845E-03   237.8676       26.00000      0.0000000E+00  0.0000000E+00  0.0000000E+00  0.0000000E+00  0.0000000E+00
           7        1976           5           3 corn                                        PLANT   0.1600066      0.0000000E+00   64.38414      0.0000000E+00   255.1405      8.5414341E-03   182.5949      0.0000000E+00   6.000000    
           7        1976           5           3 null                                        FERT   0.1600066      0.0000000E+00   64.38414      0.0000000E+00   255.1405      8.5414341E-03   182.5949       26.00000      0.0000000E+00  0.0000000E+00  0.0000000E+00  0.0000000E+00  0.0000000E+00
           8        1976           5           3 corn                                        PLANT   0.1600066      0.0000000E+00   64.98831      0.0000000E+00   273.7426      8.3018197E-03   199.7040      0.0000000E+00   6.000000    
           8        1976           5           3 null                                        FERT   0.1600066      0.0000000E+00   64.98831      0.0000000E+00   273.7426      8.3018197E-03   199.7040       26.00000      0.0000000E+00  0.0000000E+00  0.0000000E+00  0.0000000E+00  0.0000000E+00
           9        1976           5           3 corn                                        PLANT   0.1600066      0.0000000E+00   64.59995      0.0000000E+00   261.7329      9.4754426E-03   229.2500      0.0000000E+00   6.000000    
           9        1976           5           3 null                                        FERT   0.1600066      0.0000000E+00   64.59995      0.0000000E+00   261.7329      9.4754426E-03   229.2500       26.00000      0.0000000E+00  0.0000000E+00  0.0000000E+00  0.0000000E+00  0.0000000E+00
          10        1976           5           3 corn                                        PLANT   0.1600066      0.0000000E+00   64.73477      0.0000000E+00   264.2661      8.9469580E-03   224.5898      0.0000000E+00   6.000000    
          10        1976           5           3 null                                        FERT   0.1600066      0.0000000E+00   64.73477      0.0000000E+00   264.2661      8.9469580E-03   224.5898       26.00000      0.0000000E+00  0.0000000E+00  0.0000000E+00  0.0000000E+00  0.0000000E+00
          11        1976           5           3 corn                                        PLANT   0.1600066      0.0000000E+00   65.60991      0.0000000E+00   300.6026      9.9220751E-03   257.2487      0.0000000E+00   6.000000    
          11        1976           5           3 null                                        FERT   0.1600066      0.0000000E+00   65.60991      0.0000000E+00   300.6026      9.9220751E-03   257.2487       26.00000      0.0000000E+00  0.0000000E+00  0.0000000E+00  0.0000000E+00  0.0000000E+00
          12        1976           5           3 corn                                        PLANT   0.1600066      0.0000000E+00   64.83673      0.0000000E+00   267.9450      9.5025236E-03   229.3869      0.0000000E+00   6.000000    
          12        1976           5           3 null                                        FERT   0.1600066      0.0000000E+00   64.83673      0.0000000E+00   267.9450      9.5025236E-03   229.3869       26.00000      0.0000000E+00  0.0000000E+00  0.0000000E+00  0.0000000E+00  0.0000000E+00
           1        1976           6           6 null                                        FERT   0.3016571      0.2192041       2.493292       17.66971       149.8233      1.6822801E-03   187.1369       182.6000      0.0000000E+00  0.0000000E+00  0.0000000E+00  0.0000000E+00  0.0000000E+00
           2        1976           6           6 null                                        FERT   0.3016571      0.2192041       4.644315       17.67549       457.9451      1.6491399E-03   217.7209       196.0000      0.0000000E+00  0.0000000E+00  0.0000000E+00  0.0000000E+00  0.0000000E+00
           3        1976           6           6 null                                        FERT   0.3016571      0.2192041       2.507216       17.68892       150.8735      1.6822801E-03   227.3524       182.6000      0.0000000E+00  0.0000000E+00  0.0000000E+00  0.0000000E+00  0.0000000E+00
           4        1976           6           6 null                                        FERT   0.3016571      0.2192041       2.516335       17.67272       151.0647      1.6822801E-03   227.7701       182.6000      0.0000000E+00  0.0000000E+00  0.0000000E+00  0.0000000E+00  0.0000000E+00
           5        1976           6           6 null                                        FERT   0.3016571      0.2192041       2.515381       17.69189       151.3099      1.6822801E-03   233.4144       182.6000      0.0000000E+00  0.0000000E+00  0.0000000E+00  0.0000000E+00  0.0000000E+00
           6        1976           6           6 null                                        FERT   0.3016571      0.2192041       2.529103       17.69020       151.9894      1.6822801E-03   239.7662       182.6000      0.0000000E+00  0.0000000E+00  0.0000000E+00  0.0000000E+00  0.0000000E+00
           7        1976           6           6 null                                        FERT   0.3016571      0.2192041       2.483368       17.65535       149.1096      1.6822801E-03   183.8027       182.6000      0.0000000E+00  0.0000000E+00  0.0000000E+00  0.0000000E+00  0.0000000E+00
           8        1976           6           6 null                                        FERT   0.3016571      0.2192041       2.644686       17.65175       159.9197      1.6491399E-03   201.1149       182.6000      0.0000000E+00  0.0000000E+00  0.0000000E+00  0.0000000E+00  0.0000000E+00
           9        1976           6           6 null                                        FERT   0.3016571      0.2192041       2.541183       17.70651       152.9525      1.6822801E-03   231.0268       182.6000      0.0000000E+00  0.0000000E+00  0.0000000E+00  0.0000000E+00  0.0000000E+00
          10        1976           6           6 null                                        FERT   0.3016571      0.2192041       2.579772       17.68083       154.4210      1.6822801E-03   226.3135       182.6000      0.0000000E+00  0.0000000E+00  0.0000000E+00  0.0000000E+00  0.0000000E+00
          11        1976           6           6 null                                        FERT   0.3016571      0.2192041       2.813463       17.74635       175.5590      1.6491399E-03   259.3448       182.6000      0.0000000E+00  0.0000000E+00  0.0000000E+00  0.0000000E+00  0.0000000E+00
          12        1976           6           6 null                                        FERT   0.3016571      0.2192041       2.604532       17.71186       156.5647      1.6822801E-03   231.1543       182.6000      0.0000000E+00  0.0000000E+00  0.0000000E+00  0.0000000E+00  0.0000000E+00
           1        1976           6           8 sprinkler                IRRIGATE  0.3073453      0.2398560      1.6000002E-05   18.72880       143.7390       63.00126      7.4458770E-02  0.1792625      1.6660676E-03   187.0888       21.25000    
           3        1976           6           8 sprinkler                IRRIGATE  0.3073453      0.2398560      1.6000002E-05   18.74759       144.7464       63.44114      7.1783431E-02  0.1803378      1.6660676E-03   227.2711       21.25000    
           4        1976           6           8 sprinkler                IRRIGATE  0.3073453      0.2398560      1.6000002E-05   18.73154       144.9299       63.52168      7.1289912E-02  0.1805317      1.6660676E-03   227.6891       21.25000    
           5        1976           6           8 sprinkler                IRRIGATE  0.3073453      0.2398560      1.6000002E-05   18.75044       145.1651       63.62444      7.0881262E-02  0.1807896      1.6660676E-03   233.3289       21.25000    
           6        1976           6           8 sprinkler                IRRIGATE  0.3073453      0.2398560      1.6000002E-05   18.74865       145.8169       63.91657      6.9889851E-02  0.1814981      1.6660676E-03   239.6753       21.25000    
           7        1976           6           8 sprinkler                IRRIGATE  0.3073453      0.2398560      1.6000002E-05   18.71470       143.0544       62.71117      7.6053061E-02  0.1785243      1.6660676E-03   183.7570       21.25000    
           8        1976           6           8 sprinkler                IRRIGATE  0.3073453      0.2398560      1.6000002E-05   18.71095       153.4227       67.26283      6.0482968E-02  0.1899528      1.6326890E-03   201.0660       21.25000    
           9        1976           6           8 sprinkler                IRRIGATE  0.3073453      0.2398560      1.6000002E-05   18.76461       146.7408       64.31922      6.8307169E-02  0.1824925      1.6660676E-03   230.9440       21.25000    
          10        1976           6           8 sprinkler                IRRIGATE  0.3073453      0.2398560      1.6000002E-05   18.73945       148.1491       64.93771      7.0497163E-02  0.1841855      1.6660676E-03   226.2365       21.25000    
          11        1976           6           8 sprinkler                IRRIGATE  0.3073453      0.2398560      1.6000002E-05   18.80293       168.4240       73.80499      3.6144782E-02  0.2059617      1.6326890E-03   259.2564       21.25000    
          12        1976           6           8 sprinkler                IRRIGATE  0.3073453      0.2398560      1.6000002E-05   18.76970       150.2056       65.83422      6.3809231E-02  0.1863047      1.6660676E-03   231.0745       21.25000    
           1        1976           7           5 sprinkler                IRRIGATE  0.4376755      0.4625274      4.8681185E-02   51.05664       82.26622       36.06771      4.2572740E-02  0.1025898      1.6159997E-03   187.3012       21.25000    
           3        1976           7           5 sprinkler                IRRIGATE  0.4376755      0.4625274      4.8680320E-02   51.07961       82.84050       36.31785      4.1030645E-02  0.1032035      1.6159997E-03   227.5107       21.25000    
           4        1976           7           5 sprinkler                IRRIGATE  0.4376755      0.4625274      4.8679486E-02   51.05798       82.94585       36.36438      4.0752884E-02  0.1033137      1.6159997E-03   227.9272       21.25000    
           5        1976           7           5 sprinkler                IRRIGATE  0.4376755      0.4625274      4.8679695E-02   51.08234       83.07915       36.42237      4.0511131E-02  0.1034614      1.6159997E-03   233.5745       21.25000    
           6        1976           7           5 sprinkler                IRRIGATE  0.4376755      0.4625274      4.8678324E-02   51.07893       83.45133       36.59296      3.9972499E-02  0.1038660      1.6159997E-03   239.9206       21.25000    
           7        1976           7           5 sprinkler                IRRIGATE  0.4376755      0.4625274      4.8681542E-02   51.03847       81.87511       35.90734      4.3532558E-02  0.1021689      1.6159997E-03   183.9670       21.25000    
           8        1976           7           5 sprinkler                IRRIGATE  0.4376755      0.4625274      4.8652247E-02   51.03071       87.77178       38.50372      3.4600601E-02  0.1086628      1.6159997E-03   201.3247       21.25000    
           9        1976           7           5 sprinkler                IRRIGATE  0.4376755      0.4625274      4.8677847E-02   51.09835       83.97884       36.82209      3.9059486E-02  0.1044331      1.6159997E-03   231.1797       21.25000    
          10        1976           7           5 sprinkler                IRRIGATE  0.4376755      0.4625274      4.8671469E-02   51.07196       84.77758       37.17396      4.0306404E-02  0.1053909      1.6159997E-03   226.4760       21.25000    
          11        1976           7           5 sprinkler                IRRIGATE  0.4376755      0.4625274      4.8627451E-02   51.13488       96.32249       42.22153      2.0579465E-02  0.1177819      1.6159997E-03   259.5500       21.25000    
          12        1976           7           5 sprinkler                IRRIGATE  0.4376755      0.4625274      4.8669294E-02   51.10654       85.95064       37.68381      3.6459576E-02  0.1066008      1.6159997E-03   231.3131       21.25000    
           1        1976           7           8 sprinkler                IRRIGATE  0.4545140      0.4933952       1.748729       55.28864       77.26457       33.87632      3.9985012E-02  9.6351951E-02  1.6159997E-03   187.3034       21.25000    
           3        1976           7           8 sprinkler                IRRIGATE  0.4545140      0.4933952       1.748728       55.31287       77.80370       34.11106      3.8535222E-02  9.6928157E-02  1.6159997E-03   227.5104       21.25000    
           4        1976           7           8 sprinkler                IRRIGATE  0.4545140      0.4933952       1.748726       55.28963       77.90281       34.15487      3.8275011E-02  9.7031645E-02  1.6159997E-03   227.9262       21.25000    
           5        1976           7           8 sprinkler                IRRIGATE  0.4545140      0.4933952       1.748730       55.31562       78.02779       34.20920      3.8046870E-02  9.7170405E-02  1.6159997E-03   233.5739       21.25000    
           6        1976           7           8 sprinkler                IRRIGATE  0.4545140      0.4933952       1.748728       55.31173       78.37733       34.36996      3.7545148E-02  9.7550370E-02  1.6159997E-03   239.9188       21.25000    
           7        1976           7           8 sprinkler                IRRIGATE  0.4545140      0.4933952       1.748730       55.26941       76.89730       33.72648      4.0893216E-02  9.5956750E-02  1.6159997E-03   183.9694       21.25000    
           8        1976           7           8 sprinkler                IRRIGATE  0.4545140      0.4933952       1.748729       55.26072       82.43294       36.16500      3.2503132E-02  0.1020527      1.6159997E-03   201.3269       21.25000    
           9        1976           7           8 sprinkler                IRRIGATE  0.4545140      0.4933952       1.748729       55.33223       78.87269       34.58501      3.6686689E-02  9.8082818E-02  1.6159997E-03   231.1783       21.25000    
          10        1976           7           8 sprinkler                IRRIGATE  0.4545140      0.4933952       1.748729       55.30386       79.62240       34.91544      3.7857719E-02  9.8981634E-02  1.6159997E-03   226.4753       21.25000    
          11        1976           7           8 sprinkler                IRRIGATE  0.4545140      0.4933952       1.748727       55.36926       90.46149       39.65417      1.9321844E-02  0.1106145      1.6159997E-03   259.5442       21.25000    
          12        1976           7           8 sprinkler                IRRIGATE  0.4545140      0.4933952       1.748729       55.34022       80.72389       35.39396      3.4242176E-02  0.1001178      1.6159997E-03   231.3114       21.25000    
           1        1976           7          11 sprinkler                IRRIGATE  0.4713104      0.5241537       1.523928       59.65207       72.54662       31.80921      3.7545435E-02  9.0467967E-02  1.6159997E-03   187.3102       21.25000    
           3        1976           7          11 sprinkler                IRRIGATE  0.4713104      0.5241537       1.523931       59.67768       73.05263       32.02943      3.6182731E-02  9.1008864E-02  1.6159997E-03   227.5145       21.25000    
           4        1976           7          11 sprinkler                IRRIGATE  0.4713104      0.5241537       1.523927       59.65269       73.14584       32.07068      3.5939097E-02  9.1106057E-02  1.6159997E-03   227.9298       21.25000    
           5        1976           7          11 sprinkler                IRRIGATE  0.4713104      0.5241537       1.523929       59.68046       73.26299       32.12157      3.5723787E-02  9.1236331E-02  1.6159997E-03   233.5776       21.25000    
           6        1976           7          11 sprinkler                IRRIGATE  0.4713104      0.5241537       1.523928       59.67607       73.59122       32.27307      3.5256900E-02  9.1593154E-02  1.6159997E-03   239.9214       21.25000    
           7        1976           7          11 sprinkler                IRRIGATE  0.4713104      0.5241537       1.523931       59.63167       72.20184       31.66930      3.8404953E-02  9.0097018E-02  1.6159997E-03   183.9764       21.25000    
           8        1976           7          11 sprinkler                IRRIGATE  0.4713104      0.5241537       1.523930       59.62189       77.39771       33.95929      3.0526446E-02  9.5818579E-02  1.6159997E-03   201.3344       21.25000    
           9        1976           7          11 sprinkler                IRRIGATE  0.4713104      0.5241537       1.523929       59.69775       74.05625       32.47484      3.4449901E-02  9.2092954E-02  1.6159997E-03   231.1811       21.25000    
          10        1976           7          11 sprinkler                IRRIGATE  0.4713104      0.5241537       1.523930       59.66725       74.75989       32.78513      3.5549548E-02  9.2936292E-02  1.6159997E-03   226.4790       21.25000    
          11        1976           7          11 sprinkler                IRRIGATE  0.4713104      0.5241537       1.523928       59.73544       84.93456       37.23314      1.8137485E-02  0.1038557      1.6159997E-03   259.5435       21.25000    
          12        1976           7          11 sprinkler                IRRIGATE  0.4713104      0.5241537       1.523929       59.70557       75.79393       33.23411      3.2152198E-02  9.4003096E-02  1.6159997E-03   231.3141       21.25000    
           1        1976           7          14 sprinkler                IRRIGATE  0.4882985      0.5554104       1.884491       63.93343       68.11474       29.86744      3.5254952E-02  8.4940828E-02  1.6159997E-03   187.3212       21.25000    
           3        1976           7          14 sprinkler                IRRIGATE  0.4882985      0.5554104       1.884493       63.96043       68.58963       30.07403      3.3974048E-02  8.5448593E-02  1.6159997E-03   227.5231       21.25000    
           4        1976           7          14 sprinkler                IRRIGATE  0.4882985      0.5554104       1.884489       63.93373       68.67735       30.11289      3.3745985E-02  8.5539877E-02  1.6159997E-03   227.9381       21.25000    
           5        1976           7          14 sprinkler                IRRIGATE  0.4882985      0.5554104       1.884490       63.96325       68.78709       30.16052      3.3542734E-02  8.5662186E-02  1.6159997E-03   233.5859       21.25000    
           6        1976           7          14 sprinkler                IRRIGATE  0.4882985      0.5554104       1.884492       63.95838       69.09531       30.30334      3.3108559E-02  8.5997254E-02  1.6159997E-03   239.9289       21.25000    
           7        1976           7          14 sprinkler                IRRIGATE  0.4882985      0.5554104       1.884492       63.91189       67.79105       29.73687      3.6068730E-02  8.4592678E-02  1.6159997E-03   183.9876       21.25000    
           8        1976           7          14 sprinkler                IRRIGATE  0.4882985      0.5554104       1.884491       63.90103       72.66801       31.88741      2.8670974E-02  8.9962855E-02  1.6159997E-03   201.3468       21.25000    
           9        1976           7          14 sprinkler                IRRIGATE  0.4882985      0.5554104       1.884492       63.98124       69.53189       30.49264      3.2349914E-02  8.6466409E-02  1.6159997E-03   231.1887       21.25000    
          10        1976           7          14 sprinkler                IRRIGATE  0.4882985      0.5554104       1.884491       63.94863       70.19230       30.78403      3.3382632E-02  8.7257698E-02  1.6159997E-03   226.4875       21.25000    
          11        1976           7          14 sprinkler                IRRIGATE  0.4882985      0.5554104       1.884491       64.01962       79.74324       34.95912      1.7026359E-02  9.7507440E-02  1.6159997E-03   259.5490       21.25000    
          12        1976           7          14 sprinkler                IRRIGATE  0.4882985      0.5554104       1.884490       63.98891       71.16298       31.20527      3.0190261E-02  8.8259354E-02  1.6159997E-03   231.3218       21.25000    
           1        1976           7          18 sprinkler                IRRIGATE  0.5099660      0.5945305      0.7658038       69.54372       62.62298       27.46130      3.2418441E-02  7.8092016E-02  1.6159997E-03   187.3323       21.25000    
           3        1976           7          18 sprinkler                IRRIGATE  0.5099660      0.5945305      0.7658039       69.57249       63.05933       27.65100      3.1238923E-02  7.8558706E-02  1.6159997E-03   227.5219       21.25000    
           4        1976           7          18 sprinkler                IRRIGATE  0.5099660      0.5945305      0.7658038       69.54361       63.14022       27.68689      3.1030139E-02  7.8642696E-02  1.6159997E-03   227.9371       21.25000    
           5        1976           7          18 sprinkler                IRRIGATE  0.5099660      0.5945305      0.7658038       69.57537       63.24083       27.73049      3.0841855E-02  7.8755118E-02  1.6159997E-03   233.5833       21.25000    
           6        1976           7          18 sprinkler                IRRIGATE  0.5099660      0.5945305      0.7658035       69.56990       63.52423       27.86254      3.0448213E-02  7.9063259E-02  1.6159997E-03   239.9240       21.25000    
           7        1976           7          18 sprinkler                IRRIGATE  0.5099660      0.5945305      0.7658042       69.52068       62.32546       27.34228      3.3175536E-02  7.7772118E-02  1.6159997E-03   183.9997       21.25000    
           8        1976           7          18 sprinkler                IRRIGATE  0.5099660      0.5945305      0.7657965       69.50842       66.80741       29.32011      2.6373753E-02  8.2707100E-02  1.6159997E-03   201.3599       21.25000    
           9        1976           7          18 sprinkler                IRRIGATE  0.5099660      0.5945305      0.7658030       69.59427       63.92554       28.03640      2.9749509E-02  7.9494439E-02  1.6159997E-03   231.1864       21.25000    
          10        1976           7          18 sprinkler                IRRIGATE  0.5099660      0.5945305      0.7658015       69.55898       64.53242       28.30439      3.0699447E-02  8.0221280E-02  1.6159997E-03   226.4880       21.25000    
          11        1976           7          18 sprinkler                IRRIGATE  0.5099660      0.5945305      0.7657902       69.63360       73.31076       32.14142      1.5651612E-02  8.9641504E-02  1.6159997E-03   259.5450       21.25000    
          12        1976           7          18 sprinkler                IRRIGATE  0.5099660      0.5945305      0.7658013       69.60181       65.42462       28.69126      2.7761091E-02  8.1142209E-02  1.6159997E-03   231.3208       21.25000    
           1        1976           7          21 sprinkler                IRRIGATE  0.5259317      0.6231301       5.867579       74.12042       58.80721       25.78947      3.0448254E-02  7.3333383E-02  1.6159997E-03   187.3490       21.25000    
           3        1976           7          21 sprinkler                IRRIGATE  0.5259317      0.6231301       5.867580       74.15057       59.21675       25.96743      2.9339181E-02  7.3771499E-02  1.6159997E-03   227.5353       21.25000    
           4        1976           7          21 sprinkler                IRRIGATE  0.5259317      0.6231301       5.867578       74.12003       59.29290       26.00125      2.9143786E-02  7.3850416E-02  1.6159997E-03   227.9504       21.25000    
           5        1976           7          21 sprinkler                IRRIGATE  0.5259317      0.6231301       5.867579       74.15350       59.38717       26.04206      2.8965911E-02  7.3955975E-02  1.6159997E-03   233.5963       21.25000    
           6        1976           7          21 sprinkler                IRRIGATE  0.5259317      0.6231301       5.867578       74.14758       59.65333       26.16662      2.8600426E-02  7.4245416E-02  1.6159997E-03   239.9362       21.25000    
           7        1976           7          21 sprinkler                IRRIGATE  0.5259317      0.6231301       5.867580       74.09625       58.52786       25.67849      3.1165970E-02  7.3033109E-02  1.6159997E-03   184.0167       21.25000    
           8        1976           7          21 sprinkler                IRRIGATE  0.5259317      0.6231301       5.867577       74.08289       62.73510       27.53620      2.4778239E-02  7.7665389E-02  1.6159997E-03   201.3785       21.25000    
           9        1976           7          21 sprinkler                IRRIGATE  0.5259317      0.6231301       5.867578       74.17312       60.03012       26.32976      2.7943360E-02  7.4650161E-02  1.6159997E-03   231.1992       21.25000    
          10        1976           7          21 sprinkler                IRRIGATE  0.5259317      0.6231301       5.867578       74.13577       60.59977       26.58146      2.8835820E-02  7.5332180E-02  1.6159997E-03   226.5018       21.25000    
          11        1976           7          21 sprinkler                IRRIGATE  0.5259317      0.6231301       5.867577       74.21319       68.84076       30.18337      1.4697053E-02  8.4175445E-02  1.6159997E-03   259.5577       21.25000    
          12        1976           7          21 sprinkler                IRRIGATE  0.5259317      0.6231301       5.867577       74.18057       61.43741       26.94444      2.6073955E-02  7.6197006E-02  1.6159997E-03   231.3340       21.25000    
           1        1976           7          26 sprinkler                IRRIGATE  0.5509472      0.6666534       1.799678       81.24804       52.98584       23.23892      2.7444201E-02  6.6073716E-02  1.6159997E-03   187.3842       21.25000    
           3        1976           7          26 sprinkler                IRRIGATE  0.5509472      0.6666534       1.799678       81.28013       53.35447       23.39895      2.6442602E-02  6.6468261E-02  1.6159997E-03   227.5675       21.25000    
           4        1976           7          26 sprinkler                IRRIGATE  0.5509472      0.6666534       1.799674       81.24725       53.42336       23.42961      2.6267605E-02  6.6539399E-02  1.6159997E-03   227.9827       21.25000    
           5        1976           7          26 sprinkler                IRRIGATE  0.5509472      0.6666534       1.799678       81.28313       53.50794       23.46616      2.6105624E-02  6.6634491E-02  1.6159997E-03   233.6280       21.25000    
           6        1976           7          26 sprinkler                IRRIGATE  0.5509472      0.6666534       1.799673       81.27659       53.74775       23.57928      2.5783084E-02  6.6895321E-02  1.6159997E-03   239.9673       21.25000    
           7        1976           7          26 sprinkler                IRRIGATE  0.5509472      0.6666534       1.799678       81.22227       52.73423       23.14020      2.8101837E-02  6.5803424E-02  1.6159997E-03   184.0520       21.25000    
           8        1976           7          26 sprinkler                IRRIGATE  0.5509472      0.6666534       1.799633       81.20740       56.52144       24.81425      2.2345591E-02  6.9972768E-02  1.6159997E-03   201.4195       21.25000    
           9        1976           7          26 sprinkler                IRRIGATE  0.5509472      0.6666534       1.799672       81.30378       54.08712       23.72603      2.5189532E-02  6.7259759E-02  1.6159997E-03   231.2298       21.25000    
          10        1976           7          26 sprinkler                IRRIGATE  0.5509472      0.6666534       1.799663       81.26357       54.59977       23.95281      2.5994355E-02  6.7873150E-02  1.6159997E-03   226.5346       21.25000    
          11        1976           7          26 sprinkler                IRRIGATE  0.5509472      0.6666534       1.799590       81.34492       62.01936       27.19531      1.3242286E-02  7.5834170E-02  1.6159997E-03   259.5921       21.25000    
          12        1976           7          26 sprinkler                IRRIGATE  0.5509472      0.6666534       1.799658       81.31114       55.35411       24.27931      2.3501739E-02  6.8652302E-02  1.6159997E-03   231.3657       21.25000    
           1        1976           8           1 sprinkler                IRRIGATE  0.5797237      0.7156528       1.058074       89.51623       46.83736       20.54505      2.4273302E-02  5.8406226E-02  1.6159997E-03   187.4411       21.25000    
           3        1976           8           1 sprinkler                IRRIGATE  0.5797237      0.7156528       1.058074       89.55026       47.16274       20.68614      2.3385225E-02  5.8754720E-02  1.6159997E-03   227.6285       21.25000    
           4        1976           8           1 sprinkler                IRRIGATE  0.5797237      0.7156528       1.058073       89.51508       47.22394       20.71343      2.3231739E-02  5.8817606E-02  1.6159997E-03   228.0438       21.25000    
           5        1976           8           1 sprinkler                IRRIGATE  0.5797237      0.7156528       1.058074       89.55336       47.29829       20.74549      2.3086559E-02  5.8901619E-02  1.6159997E-03   233.6898       21.25000    
           6        1976           8           1 sprinkler                IRRIGATE  0.5797237      0.7156528       1.058072       89.54620       47.51025       20.84652      2.2809360E-02  5.9132207E-02  1.6159997E-03   240.0294       21.25000    
           7        1976           8           1 sprinkler                IRRIGATE  0.5797237      0.7156528       1.058075       89.48885       46.61507       20.45928      2.4867499E-02  5.8167607E-02  1.6159997E-03   184.1087       21.25000    
           8        1976           8           1 sprinkler                IRRIGATE  0.5797237      0.7156528       1.058062       89.47248       49.95779       21.93899      1.9778071E-02  6.1846983E-02  1.6159997E-03   201.4841       21.25000    
           9        1976           8           1 sprinkler                IRRIGATE  0.5797237      0.7156528       1.058073       89.57504       47.81007       20.97594      2.2282887E-02  5.9454024E-02  1.6159997E-03   231.2900       21.25000    
          10        1976           8           1 sprinkler                IRRIGATE  0.5797237      0.7156528       1.058070       89.53201       48.26237       21.17632      2.2995245E-02  5.9994794E-02  1.6159997E-03   226.5959       21.25000    
          11        1976           8           1 sprinkler                IRRIGATE  0.5797237      0.7156528       1.058049       89.61724       54.81287       24.03857      1.1707649E-02  6.7022152E-02  1.6159997E-03   259.6597       21.25000    
          12        1976           8           1 sprinkler                IRRIGATE  0.5797237      0.7156528       1.058069       89.58237       48.92863       21.46427      2.0787014E-02  6.0683273E-02  1.6159997E-03   231.4266       21.25000    
           1        1976           8           4 sprinkler                IRRIGATE  0.5958332      0.7446262       2.657434       92.92747       44.00511       19.30414      2.2813115E-02  5.4874305E-02  1.6159997E-03   187.4669       21.25000    
           3        1976           8           4 sprinkler                IRRIGATE  0.5958332      0.7446262       2.657435       92.96222       44.31059       19.43652      2.1977345E-02  5.5201598E-02  1.6159997E-03   227.6502       21.25000    
           4        1976           8           4 sprinkler                IRRIGATE  0.5958332      0.7446262       2.657434       92.92619       44.36827       19.46228      2.1833779E-02  5.5260722E-02  1.6159997E-03   228.0657       21.25000    
           5        1976           8           4 sprinkler                IRRIGATE  0.5958332      0.7446262       2.657434       92.96535       44.43790       19.49226      2.1696344E-02  5.5339631E-02  1.6159997E-03   233.7112       21.25000    
           6        1976           8           4 sprinkler                IRRIGATE  0.5958332      0.7446262       2.657435       92.95798       44.63707       19.58773      2.1440038E-02  5.5556323E-02  1.6159997E-03   240.0500       21.25000    
           7        1976           8           4 sprinkler                IRRIGATE  0.5958332      0.7446262       2.657437       92.89949       43.79630       19.22433      2.3378080E-02  5.4650266E-02  1.6159997E-03   184.1348       21.25000    
           8        1976           8           4 sprinkler                IRRIGATE  0.5958332      0.7446262       2.657434       92.88257       46.93500       20.61484      1.8596143E-02  5.8104809E-02  1.6159997E-03   201.5129       21.25000    
           9        1976           8           4 sprinkler                IRRIGATE  0.5958332      0.7446262       2.657434       92.98743       44.91870       19.70918      2.0944476E-02  5.5858530E-02  1.6159997E-03   231.3116       21.25000    
          10        1976           8           4 sprinkler                IRRIGATE  0.5958332      0.7446262       2.657435       92.94335       45.34332       19.89746      2.1614337E-02  5.6366026E-02  1.6159997E-03   226.6190       21.25000    
          11        1976           8           4 sprinkler                IRRIGATE  0.5958332      0.7446262       2.657433       93.03002       51.49480       22.58511      1.1001588E-02  6.2964901E-02  1.6159997E-03   259.6848       21.25000    
          12        1976           8           4 sprinkler                IRRIGATE  0.5958332      0.7446262       2.657434       92.99477       45.96908       20.16768      1.9537132E-02  5.7012830E-02  1.6159997E-03   231.4492       21.25000    
           1        1976           8           8 sprinkler                IRRIGATE  0.6164017      0.7808902       1.063530       96.97932       40.49698       17.76709      2.1004947E-02  5.0499544E-02  1.6159997E-03   187.5053       21.25000    
           3        1976           8           8 sprinkler                IRRIGATE  0.6164017      0.7808902       1.063530       97.01488       40.77782       17.88868      2.0233965E-02  5.0800588E-02  1.6159997E-03   227.6858       21.25000    
           4        1976           8           8 sprinkler                IRRIGATE  0.6164017      0.7808902       1.063529       96.97791       40.83113       17.91254      2.0102687E-02  5.0855048E-02  1.6159997E-03   228.1017       21.25000    
           5        1976           8           8 sprinkler                IRRIGATE  0.6164017      0.7808902       1.063529       97.01807       40.89493       17.93995      1.9974848E-02  5.0927650E-02  1.6159997E-03   233.7467       21.25000    
           6        1976           8           8 sprinkler                IRRIGATE  0.6164017      0.7808902       1.063529       97.01044       41.07824       18.02853      1.9744424E-02  5.1127125E-02  1.6159997E-03   240.0851       21.25000    
           7        1976           8           8 sprinkler                IRRIGATE  0.6164017      0.7808902       1.063529       96.95068       40.30486       17.69467      2.1533702E-02  5.0293557E-02  1.6159997E-03   184.1732       21.25000    
           8        1976           8           8 sprinkler                IRRIGATE  0.6164017      0.7808902       1.063517       96.93319       43.19101       18.97475      1.7132750E-02  5.3469840E-02  1.6159997E-03   201.5558       21.25000    
           9        1976           8           8 sprinkler                IRRIGATE  0.6164017      0.7808902       1.063528       97.04060       41.33733       18.14012      1.9287152E-02  5.1405050E-02  1.6159997E-03   231.3468       21.25000    
          10        1976           8           8 sprinkler                IRRIGATE  0.6164017      0.7808902       1.063525       96.99536       41.72772       18.31344      1.9904444E-02  5.1871374E-02  1.6159997E-03   226.6558       21.25000    
          11        1976           8           8 sprinkler                IRRIGATE  0.6164017      0.7808902       1.063506       97.08363       47.38518       20.78492      1.0127645E-02  5.7939801E-02  1.6159997E-03   259.7248       21.25000    
          12        1976           8           8 sprinkler                IRRIGATE  0.6164017      0.7808902       1.063525       97.04794       42.30332       18.56170      1.7989529E-02  5.2466601E-02  1.6159997E-03   231.4856       21.25000    
           1        1976           8          11 sprinkler                IRRIGATE  0.6325691      0.8100138       4.533767       99.87255       38.05169       16.69571      1.9744815E-02  4.7450185E-02  1.6159997E-03   187.5372       21.25000    
           3        1976           8          11 sprinkler                IRRIGATE  0.6325691      0.8100138       4.533769       99.90866       38.31536       16.80978      1.9019002E-02  4.7732949E-02  1.6159997E-03   227.7181       21.25000    
           4        1976           8          11 sprinkler                IRRIGATE  0.6325691      0.8100138       4.533766       99.87105       38.36563       16.83232      1.8896289E-02  4.7784176E-02  1.6159997E-03   228.1341       21.25000    
           5        1976           8          11 sprinkler                IRRIGATE  0.6325691      0.8100138       4.533767       99.91187       38.42536       16.85794      1.8775139E-02  4.7852367E-02  1.6159997E-03   233.7792       21.25000    
           6        1976           8          11 sprinkler                IRRIGATE  0.6325691      0.8100138       4.533767       99.90409       38.59763       16.94173      1.8562755E-02  4.8039861E-02  1.6159997E-03   240.1175       21.25000    
           7        1976           8          11 sprinkler                IRRIGATE  0.6325691      0.8100138       4.533768       99.84346       37.87122       16.62844      2.0248331E-02  4.7256783E-02  1.6159997E-03   184.2052       21.25000    
           8        1976           8          11 sprinkler                IRRIGATE  0.6325691      0.8100138       4.533766       99.82559       40.58152       17.83164      1.6113034E-02  5.0239358E-02  1.6159997E-03   201.5910       21.25000    
           9        1976           8          11 sprinkler                IRRIGATE  0.6325691      0.8100138       4.533766       99.93471       38.84102       17.04644      1.8132180E-02  4.8300866E-02  1.6159997E-03   231.3790       21.25000    
          10        1976           8          11 sprinkler                IRRIGATE  0.6325691      0.8100138       4.533768       99.88870       39.20759       17.20934      1.8712861E-02  4.8738532E-02  1.6159997E-03   226.6888       21.25000    
          11        1976           8          11 sprinkler                IRRIGATE  0.6325691      0.8100138       4.533765       99.97803       44.52106       19.53032      9.5188264E-03  5.4437671E-02  1.6159997E-03   259.7607       21.25000    
          12        1976           8          11 sprinkler                IRRIGATE  0.6325691      0.8100138       4.533766       99.94207       39.74825       17.44230      1.6911082E-02  4.9297832E-02  1.6159997E-03   231.5185       21.25000    
           1        1976           8          17 sprinkler                IRRIGATE  0.6624755      0.8619500       1.355994       106.1007       33.61722       14.75280      1.7460125E-02  4.1920312E-02  1.6159997E-03   187.5984       21.25000    
           3        1976           8          17 sprinkler                IRRIGATE  0.6624755      0.8619500       1.355995       106.1379       33.84974       14.85323      1.6816219E-02  4.2169914E-02  1.6159997E-03   227.7749       21.25000    
           4        1976           8          17 sprinkler                IRRIGATE  0.6624755      0.8619500       1.355993       106.0990       33.89450       14.87337      1.6709026E-02  4.2215243E-02  1.6159997E-03   228.1916       21.25000    
           5        1976           8          17 sprinkler                IRRIGATE  0.6624755      0.8619500       1.355994       106.1411       33.94684       14.89574      1.6600017E-02  4.2275451E-02  1.6159997E-03   233.8359       21.25000    
           6        1976           8          17 sprinkler                IRRIGATE  0.6624755      0.8619500       1.355992       106.1331       34.09907       14.97083      1.6420338E-02  4.2441189E-02  1.6159997E-03   240.1735       21.25000    
           7        1976           8          17 sprinkler                IRRIGATE  0.6624755      0.8619500       1.355995       106.0707       33.45785       14.69486      1.7917864E-02  4.1749723E-02  1.6159997E-03   184.2667       21.25000    
           8        1976           8          17 sprinkler                IRRIGATE  0.6624755      0.8619500       1.355968       106.0522       35.84901       15.75853      1.4264281E-02  4.4380695E-02  1.6159997E-03   201.6598       21.25000    
           9        1976           8          17 sprinkler                IRRIGATE  0.6624755      0.8619500       1.355992       106.1646       34.31399       15.06306      1.6038178E-02  4.2671505E-02  1.6159997E-03   231.4357       21.25000    
          10        1976           8          17 sprinkler                IRRIGATE  0.6624755      0.8619500       1.355987       106.1171       34.63730       15.20706      1.6552489E-02  4.3057159E-02  1.6159997E-03   226.7480       21.25000    
          11        1976           8          17 sprinkler                IRRIGATE  0.6624755      0.8619500       1.355942       106.2086       39.32650       17.25488      8.4152333E-03  4.8086014E-02  1.6159997E-03   259.8268       21.25000    
          12        1976           8          17 sprinkler                IRRIGATE  0.6624755      0.8619500       1.355984       106.1721       35.11459       15.41227      1.4955872E-02  4.3551270E-02  1.6159997E-03   231.5773       21.25000    
           1        1976           8          22 sprinkler                IRRIGATE  0.6873100      0.9050028       1.315533       110.7248       30.33991       13.31688      1.5772140E-02  3.7833516E-02  1.6159997E-03   187.6657       21.25000    
           3        1976           8          22 sprinkler                IRRIGATE  0.6873100      0.9050028       1.315086       110.7627       30.54942       13.40723      1.5188768E-02  3.8058594E-02  1.6159997E-03   227.8517       21.25000    
           4        1976           8          22 sprinkler                IRRIGATE  0.6873100      0.9050028       1.315512       110.7231       30.59011       13.42560      1.5093049E-02  3.8099568E-02  1.6159997E-03   228.2688       21.25000    
           5        1976           8          22 sprinkler                IRRIGATE  0.6873100      0.9050028       1.314983       110.7661       30.63700       13.44557      1.4993006E-02  3.8153864E-02  1.6159997E-03   233.9141       21.25000    
           6        1976           8          22 sprinkler                IRRIGATE  0.6873100      0.9050028       1.315200       110.7578       30.77442       13.51423      1.4837513E-02  3.8303535E-02  1.6159997E-03   240.2532       21.25000    
           7        1976           8          22 sprinkler                IRRIGATE  0.6873100      0.9050028       1.315697       110.6942       30.19616       13.26586      1.6196050E-02  3.7679784E-02  1.6159997E-03   184.3333       21.25000    
           8        1976           8          22 sprinkler                IRRIGATE  0.6873100      0.9050028       1.315593       110.6753       32.35149       14.22640      1.2898535E-02  4.0050931E-02  1.6159997E-03   201.7354       21.25000    
           9        1976           8          22 sprinkler                IRRIGATE  0.6873100      0.9050028       1.314686       110.7900       30.96829       13.59726      1.4491130E-02  3.8511183E-02  1.6159997E-03   231.5122       21.25000    
          10        1976           8          22 sprinkler                IRRIGATE  0.6873100      0.9050028       1.315297       110.7415       31.25964       13.72727      1.4956434E-02  3.8858395E-02  1.6159997E-03   226.8248       21.25000    
          11        1976           8          22 sprinkler                IRRIGATE  0.6873100      0.9050028       1.311567       110.8344       35.48755       15.57325      7.6002297E-03  4.3391958E-02  1.6159997E-03   259.9135       21.25000    
          12        1976           8          22 sprinkler                IRRIGATE  0.6873100      0.9050028       1.314316       110.7975       31.69009       13.91197      1.3511445E-02  3.9304312E-02  1.6159997E-03   231.6543       21.25000    
           1        1976           8          26 sprinkler                IRRIGATE  0.7089220      0.9439785       1.145142       114.1797       27.93019       12.26109      1.4531152E-02  3.4828596E-02  1.6159997E-03   187.7141       21.25000    
           3        1976           8          26 sprinkler                IRRIGATE  0.7089220      0.9439785       1.145142       114.2181       28.12278       12.34403      1.3992297E-02  3.5035666E-02  1.6159997E-03   227.9007       21.25000    
           4        1976           8          26 sprinkler                IRRIGATE  0.7089220      0.9439785       1.145142       114.1779       28.16050       12.36110      1.3905022E-02  3.5073452E-02  1.6159997E-03   228.3182       21.25000    
           5        1976           8          26 sprinkler                IRRIGATE  0.7089220      0.9439785       1.145144       114.2215       28.20337       12.37931      1.3811572E-02  3.5123400E-02  1.6159997E-03   233.9637       21.25000    
           6        1976           8          26 sprinkler                IRRIGATE  0.7089220      0.9439785       1.145142       114.2131       28.32992       12.44325      1.3673866E-02  3.5261277E-02  1.6159997E-03   240.3028       21.25000    
           7        1976           8          26 sprinkler                IRRIGATE  0.7089220      0.9439785       1.145143       114.1487       27.79790       12.21513      1.4930185E-02  3.4687251E-02  1.6159997E-03   184.3817       21.25000    
           8        1976           8          26 sprinkler                IRRIGATE  0.7089220      0.9439785       1.145131       114.1296       29.78028       13.10005      1.1894669E-02  3.6867905E-02  1.6159997E-03   201.7888       21.25000    
           9        1976           8          26 sprinkler                IRRIGATE  0.7089220      0.9439785       1.145142       114.2457       28.50832       12.51950      1.3353796E-02  3.5452273E-02  1.6159997E-03   231.5616       21.25000    
          10        1976           8          26 sprinkler                IRRIGATE  0.7089220      0.9439785       1.145139       114.1965       28.77626       12.63928      1.3783124E-02  3.5771325E-02  1.6159997E-03   226.8752       21.25000    
          11        1976           8          26 sprinkler                IRRIGATE  0.7089220      0.9439785       1.145120       114.2906       32.66580       14.33720      7.0013492E-03  3.9941695E-02  1.6159997E-03   259.9703       21.25000    
          12        1976           8          26 sprinkler                IRRIGATE  0.7089220      0.9439785       1.145138       114.2533       29.17231       12.80892      1.2449636E-02  3.6181867E-02  1.6159997E-03   231.7049       21.25000    
           8        1976           8          31 sprinkler                IRRIGATE  0.7361864      0.9933466      0.6544486       118.1658       26.83762       11.81099      1.0745996E-02  3.3225067E-02  1.6159997E-03   201.8587       21.25000    
          10        1976           8          31 sprinkler                IRRIGATE  0.7361864      0.9933466      0.6544595       118.2337       25.93391       11.39402      1.2440429E-02  3.2238040E-02  1.6159997E-03   226.9412       21.25000    
          11        1976           8          31 sprinkler                IRRIGATE  0.7361864      0.9933466      0.6544335       118.3290       29.43676       12.92274      6.3162548E-03  3.5993434E-02  1.6159997E-03   260.0450       21.25000    
          12        1976           8          31 sprinkler                IRRIGATE  0.7361864      0.9933466      0.6544580       118.2913       26.29061       11.54643      1.1234573E-02  3.2608129E-02  1.6159997E-03   231.7711       21.25000    
           1        1976          11           9 corn                                        HARV/KILL   0.9716716      0.0000000E+00   1.066342       118.2165       49.20778      2.3388497E-03   188.4851       49.28628      0.0000000E+00  0.0000000E+00  0.0000000E+00  0.0000000E+00  0.0000000E+00
           3        1976          11           9 corn                                        HARV/KILL   0.9716716      0.0000000E+00   1.066342       118.2555       49.27455      2.4114766E-03   228.5083       49.29939      0.0000000E+00  0.0000000E+00  0.0000000E+00  0.0000000E+00  0.0000000E+00
           4        1976          11           9 corn                                        HARV/KILL   0.9716716      0.0000000E+00   1.066342       118.2147       49.26606      2.3524270E-03   228.9418       49.28526      0.0000000E+00  0.0000000E+00  0.0000000E+00  0.0000000E+00  0.0000000E+00
           5        1976          11           9 corn                                        HARV/KILL   0.9716716      0.0000000E+00   1.066342       118.2589       49.29675      2.4274990E-03   234.5592       49.30039      0.0000000E+00  0.0000000E+00  0.0000000E+00  0.0000000E+00  0.0000000E+00
           6        1976          11           9 corn                                        HARV/KILL   0.9716716      0.0000000E+00   1.066342       118.2504       49.32534      2.4010846E-03   240.8775       49.29724      0.0000000E+00  0.0000000E+00  0.0000000E+00  0.0000000E+00  0.0000000E+00
           7        1976          11           9 corn                                        HARV/KILL   0.9716716      0.0000000E+00   1.066342       118.1850       49.16043      2.2969805E-03   185.1648       49.27565      0.0000000E+00  0.0000000E+00  0.0000000E+00  0.0000000E+00  0.0000000E+00
           8        1976          11           9 corn                                        HARV/KILL   0.9716716      0.0000000E+00   1.066350       118.1658       49.65745      2.4053168E-03   202.6597       49.26872      0.0000000E+00  0.0000000E+00  0.0000000E+00  0.0000000E+00  0.0000000E+00
           9        1976          11           9 corn                                        HARV/KILL   0.9716716      0.0000000E+00   1.066342       118.2835       49.38522      2.4496885E-03   232.1769       49.30833      0.0000000E+00  0.0000000E+00  0.0000000E+00  0.0000000E+00  0.0000000E+00
          10        1976          11           9 corn                                        HARV/KILL   0.9716716      0.0000000E+00   1.066343       118.2337       49.43092      2.6616738E-03   227.5609       49.29119      0.0000000E+00  0.0000000E+00  0.0000000E+00  0.0000000E+00  0.0000000E+00
          11        1976          11           9 corn                                        HARV/KILL   0.9716716      0.0000000E+00   1.066355       118.3290       50.46466      2.8172364E-03   260.7398       49.32137      0.0000000E+00  0.0000000E+00  0.0000000E+00  0.0000000E+00  0.0000000E+00
          12        1976          11           9 corn                                        HARV/KILL   0.9716716      0.0000000E+00   1.066345       118.2913       49.55719      2.7667016E-03   232.3855       49.31038      0.0000000E+00  0.0000000E+00  0.0000000E+00  0.0000000E+00  0.0000000E+00
           2        1976          11          10 corn                                        HARV/KILL   0.9719722      0.0000000E+00  0.9660361       99.71619       76.28467      2.2455051E-03   219.1556       23.54194      0.0000000E+00  0.0000000E+00  0.0000000E+00  0.0000000E+00  0.0000000E+00
           2        1976          11          11 null                                        FERT   8.3283300E-04  0.0000000E+00  0.7680327      0.0000000E+00   75.22758      2.2461300E-03   219.1699       16.80000      0.0000000E+00  0.0000000E+00  0.0000000E+00  0.0000000E+00  0.0000000E+00
           2        1976          11          11 null                                        FERT   8.3283300E-04  0.0000000E+00  0.7680327      0.0000000E+00   75.22758      2.2461300E-03   219.1699       34.30000      0.0000000E+00  0.0000000E+00  0.0000000E+00  0.0000000E+00  0.0000000E+00
           1        1976          11          14 null                                        FERT   4.1808342E-03  0.0000000E+00  0.3592208      0.0000000E+00   45.94790      2.3427473E-03   188.5379       336.0000      0.0000000E+00  0.0000000E+00  0.0000000E+00  0.0000000E+00  0.0000000E+00
           3        1976          11          14 null                                        FERT   4.1808342E-03  0.0000000E+00  0.3592229      0.0000000E+00   46.01025      2.4153742E-03   228.5506       336.0000      0.0000000E+00  0.0000000E+00  0.0000000E+00  0.0000000E+00  0.0000000E+00
           4        1976          11          14 null                                        FERT   4.1808342E-03  0.0000000E+00  0.3592232      0.0000000E+00   46.00236      2.3563248E-03   228.9853       336.0000      0.0000000E+00  0.0000000E+00  0.0000000E+00  0.0000000E+00  0.0000000E+00
           5        1976          11          14 null                                        FERT   4.1808342E-03  0.0000000E+00  0.3592238      0.0000000E+00   46.03099      2.4313969E-03   234.6005       336.0000      0.0000000E+00  0.0000000E+00  0.0000000E+00  0.0000000E+00  0.0000000E+00
           6        1976          11          14 null                                        FERT   4.1808342E-03  0.0000000E+00  0.3592247      0.0000000E+00   46.05772      2.4049822E-03   240.9178       336.0000      0.0000000E+00  0.0000000E+00  0.0000000E+00  0.0000000E+00  0.0000000E+00
           7        1976          11          14 null                                        FERT   4.1808342E-03  0.0000000E+00  0.3592197      0.0000000E+00   45.90367      2.3008781E-03   185.2184       336.0000      0.0000000E+00  0.0000000E+00  0.0000000E+00  0.0000000E+00  0.0000000E+00
           8        1976          11          14 null                                        FERT   4.1808342E-03  0.0000000E+00  0.3592431      0.0000000E+00   46.36850      2.4086183E-03   202.7186       336.0000      0.0000000E+00  0.0000000E+00  0.0000000E+00  0.0000000E+00  0.0000000E+00
           9        1976          11          14 null                                        FERT   4.1808342E-03  0.0000000E+00  0.3592263      0.0000000E+00   46.11366      2.4535861E-03   232.2194       336.0000      0.0000000E+00  0.0000000E+00  0.0000000E+00  0.0000000E+00  0.0000000E+00
          10        1976          11          14 null                                        FERT   4.1808342E-03  0.0000000E+00  0.3592297      0.0000000E+00   46.15646      2.6655714E-03   227.6058       336.0000      0.0000000E+00  0.0000000E+00  0.0000000E+00  0.0000000E+00  0.0000000E+00
          11        1976          11          14 null                                        FERT   4.1808342E-03  0.0000000E+00  0.3592739      0.0000000E+00   47.12305      2.8196436E-03   260.7908       336.0000      0.0000000E+00  0.0000000E+00  0.0000000E+00  0.0000000E+00  0.0000000E+00
          12        1976          11          14 null                                        FERT   4.1808342E-03  0.0000000E+00  0.3592337      0.0000000E+00   46.27443      2.7705992E-03   232.4299       336.0000      0.0000000E+00  0.0000000E+00  0.0000000E+00  0.0000000E+00  0.0000000E+00
           1        1977           4          24 fldcult             TILLAGE   0.1192522      0.0000000E+00   20.84401      0.0000000E+00   6.009768      4.6910276E-03   190.7601      0.5000000    
           3        1977           4          24 fldcult             TILLAGE   0.1192522      0.0000000E+00   20.84249      0.0000000E+00   6.018041      4.9278876E-03   231.0770      0.5000000    
           4        1977           4          24 fldcult             TILLAGE   0.1192522      0.0000000E+00   20.84401      0.0000000E+00   6.017175      4.7087441E-03   231.5299      0.5000000    
           5        1977           4          24 fldcult             TILLAGE   0.1192522      0.0000000E+00   20.84226      0.0000000E+00   6.020872      4.9516209E-03   237.1806      0.5000000    
           6        1977           4          24 fldcult             TILLAGE   0.1192522      0.0000000E+00   20.84289      0.0000000E+00   6.024558      4.8744609E-03   243.5502      0.5000000    
           7        1977           4          24 fldcult             TILLAGE   0.1192522      0.0000000E+00   20.84457      0.0000000E+00   6.003952      4.5515634E-03   187.4186      0.5000000    
           8        1977           4          24 fldcult             TILLAGE   0.1192522      0.0000000E+00   20.84332      0.0000000E+00   6.069838      4.4587241E-03   205.1444      0.5000000    
           9        1977           4          24 fldcult             TILLAGE   0.1192522      0.0000000E+00   20.84098      0.0000000E+00   6.032089      5.0507220E-03   234.7711      0.5000000    
          10        1977           4          24 fldcult             TILLAGE   0.1192522      0.0000000E+00   20.84329      0.0000000E+00   6.038573      5.1020910E-03   230.1407      0.5000000    
          11        1977           4          24 fldcult             TILLAGE   0.1192522      0.0000000E+00   20.83062      0.0000000E+00   6.173356      5.6345793E-03   263.6667      0.5000000    
          12        1977           4          24 fldcult             TILLAGE   0.1192522      0.0000000E+00   20.83977      0.0000000E+00   6.054621      5.4124803E-03   234.9945      0.5000000    
           1        1977           4          25 null                                        FERT   0.1225670      0.0000000E+00   15.87589      0.0000000E+00   5.943721      4.6977978E-03   190.8111       27.00000      0.0000000E+00  0.0000000E+00  0.0000000E+00  0.0000000E+00  0.0000000E+00
           1        1977           4          25 corn                                        PLANT   0.1225670      0.0000000E+00   15.87589      0.0000000E+00   5.943721      4.6977978E-03   190.8111      0.0000000E+00   6.000000    
           2        1977           4          25 null                                        FERT   0.1225670      0.0000000E+00   15.98813      0.0000000E+00   16.16346      4.6390370E-03   222.0124       40.00000      0.0000000E+00  0.0000000E+00  0.0000000E+00  0.0000000E+00  0.0000000E+00
           2        1977           4          25 corn                                        PLANT   0.1225670      0.0000000E+00   15.98813      0.0000000E+00   16.16346      4.6390370E-03   222.0124      0.0000000E+00   6.000000    
           3        1977           4          25 null                                        FERT   0.1225670      0.0000000E+00   15.87453      0.0000000E+00   5.951902      4.9341973E-03   231.1686       27.00000      0.0000000E+00  0.0000000E+00  0.0000000E+00  0.0000000E+00  0.0000000E+00
           3        1977           4          25 corn                                        PLANT   0.1225670      0.0000000E+00   15.87453      0.0000000E+00   5.951902      4.9341973E-03   231.1686      0.0000000E+00   6.000000    
           4        1977           4          25 null                                        FERT   0.1225670      0.0000000E+00   15.87590      0.0000000E+00   5.951046      4.7150222E-03   231.6201       27.00000      0.0000000E+00  0.0000000E+00  0.0000000E+00  0.0000000E+00  0.0000000E+00
           4        1977           4          25 corn                                        PLANT   0.1225670      0.0000000E+00   15.87590      0.0000000E+00   5.951046      4.7150222E-03   231.6201      0.0000000E+00   6.000000    
           5        1977           4          25 null                                        FERT   0.1225670      0.0000000E+00   15.87434      0.0000000E+00   5.954702      4.9579367E-03   237.2778       27.00000      0.0000000E+00  0.0000000E+00  0.0000000E+00  0.0000000E+00  0.0000000E+00
           5        1977           4          25 corn                                        PLANT   0.1225670      0.0000000E+00   15.87434      0.0000000E+00   5.954702      4.9579367E-03   237.2778      0.0000000E+00   6.000000    
           6        1977           4          25 null                                        FERT   0.1225670      0.0000000E+00   15.87490      0.0000000E+00   5.958348      4.8807650E-03   243.6524       27.00000      0.0000000E+00  0.0000000E+00  0.0000000E+00  0.0000000E+00  0.0000000E+00
           6        1977           4          25 corn                                        PLANT   0.1225670      0.0000000E+00   15.87490      0.0000000E+00   5.958348      4.8807650E-03   243.6524      0.0000000E+00   6.000000    
           7        1977           4          25 null                                        FERT   0.1225670      0.0000000E+00   15.87639      0.0000000E+00   5.937968      4.5590387E-03   187.4667       27.00000      0.0000000E+00  0.0000000E+00  0.0000000E+00  0.0000000E+00  0.0000000E+00
           7        1977           4          25 corn                                        PLANT   0.1225670      0.0000000E+00   15.87639      0.0000000E+00   5.937968      4.5590387E-03   187.4667      0.0000000E+00   6.000000    
           8        1977           4          25 null                                        FERT   0.1225670      0.0000000E+00   15.87519      0.0000000E+00   6.003131      4.4701481E-03   205.1968       27.00000      0.0000000E+00  0.0000000E+00  0.0000000E+00  0.0000000E+00  0.0000000E+00
           8        1977           4          25 corn                                        PLANT   0.1225670      0.0000000E+00   15.87519      0.0000000E+00   6.003131      4.4701481E-03   205.1968      0.0000000E+00   6.000000    
           9        1977           4          25 null                                        FERT   0.1225670      0.0000000E+00   15.87318      0.0000000E+00   5.965796      5.0570373E-03   234.8638       27.00000      0.0000000E+00  0.0000000E+00  0.0000000E+00  0.0000000E+00  0.0000000E+00
           9        1977           4          25 corn                                        PLANT   0.1225670      0.0000000E+00   15.87318      0.0000000E+00   5.965796      5.0570373E-03   234.8638      0.0000000E+00   6.000000    
          10        1977           4          25 null                                        FERT   0.1225670      0.0000000E+00   15.87524      0.0000000E+00   5.972209      5.1083821E-03   230.2265       27.00000      0.0000000E+00  0.0000000E+00  0.0000000E+00  0.0000000E+00  0.0000000E+00
          10        1977           4          25 corn                                        PLANT   0.1225670      0.0000000E+00   15.87524      0.0000000E+00   5.972209      5.1083821E-03   230.2265      0.0000000E+00   6.000000    
          11        1977           4          25 null                                        FERT   0.1225670      0.0000000E+00   15.86394      0.0000000E+00   6.105511      5.6405817E-03   263.7623       27.00000      0.0000000E+00  0.0000000E+00  0.0000000E+00  0.0000000E+00  0.0000000E+00
          11        1977           4          25 corn                                        PLANT   0.1225670      0.0000000E+00   15.86394      0.0000000E+00   6.105511      5.6405817E-03   263.7623      0.0000000E+00   6.000000    
          12        1977           4          25 null                                        FERT   0.1225670      0.0000000E+00   15.87209      0.0000000E+00   5.988081      5.4187933E-03   235.0829       27.00000      0.0000000E+00  0.0000000E+00  0.0000000E+00  0.0000000E+00  0.0000000E+00
          12        1977           4          25 corn                                        PLANT   0.1225670      0.0000000E+00   15.87209      0.0000000E+00   5.988081      5.4187933E-03   235.0829      0.0000000E+00   6.000000    
           1        1977           6           4 null                                        FERT   0.2678752      0.2001308      1.6000002E-05   13.06450       3.172172      1.6820417E-03   191.4721       180.3000      0.0000000E+00  0.0000000E+00  0.0000000E+00  0.0000000E+00  0.0000000E+00
           2        1977           6           4 null                                        FERT   0.2678752      0.2001308      1.6000002E-05   13.06929       7.766270      1.6490207E-03   222.5465       194.9000      0.0000000E+00  0.0000000E+00  0.0000000E+00  0.0000000E+00  0.0000000E+00
           3        1977           6           4 null                                        FERT   0.2678752      0.2001308      1.6000002E-05   13.07572       3.176523      1.6820417E-03   232.1743       180.3000      0.0000000E+00  0.0000000E+00  0.0000000E+00  0.0000000E+00  0.0000000E+00
           4        1977           6           4 null                                        FERT   0.2678752      0.2001308      1.6000002E-05   13.06525       3.176050      1.6820417E-03   232.6164       180.3000      0.0000000E+00  0.0000000E+00  0.0000000E+00  0.0000000E+00  0.0000000E+00
           5        1977           6           4 null                                        FERT   0.2678752      0.2001308      1.6000002E-05   13.07679       3.177999      1.6820417E-03   238.3318       180.3000      0.0000000E+00  0.0000000E+00  0.0000000E+00  0.0000000E+00  0.0000000E+00
           6        1977           6           4 null                                        FERT   0.2678752      0.2001308      1.6000002E-05   13.07341       3.179925      1.6820417E-03   244.7511       180.3000      0.0000000E+00  0.0000000E+00  0.0000000E+00  0.0000000E+00  0.0000000E+00
           7        1977           6           4 null                                        FERT   0.2678752      0.2001308      1.6000002E-05   13.05793       3.169114      1.6820417E-03   188.1025       180.3000      0.0000000E+00  0.0000000E+00  0.0000000E+00  0.0000000E+00  0.0000000E+00
           8        1977           6           4 null                                        FERT   0.2678752      0.2001308      1.6000002E-05   13.05689       3.203315      1.6490207E-03   205.9118       180.3000      0.0000000E+00  0.0000000E+00  0.0000000E+00  0.0000000E+00  0.0000000E+00
           9        1977           6           4 null                                        FERT   0.2678752      0.2001308      1.6000002E-05   13.08205       3.183883      1.6820417E-03   235.8811       180.3000      0.0000000E+00  0.0000000E+00  0.0000000E+00  0.0000000E+00  0.0000000E+00
          10        1977           6           4 null                                        FERT   0.2678752      0.2001308      1.6000002E-05   13.08486       3.187194      1.6820417E-03   231.1944       180.3000      0.0000000E+00  0.0000000E+00  0.0000000E+00  0.0000000E+00  0.0000000E+00
          11        1977           6           4 null                                        FERT   0.2678752      0.2001308      1.6000002E-05   13.10832       3.257385      1.6490207E-03   264.8790       180.3000      0.0000000E+00  0.0000000E+00  0.0000000E+00  0.0000000E+00  0.0000000E+00
          12        1977           6           4 null                                        FERT   0.2678752      0.2001308      1.6000002E-05   13.10012       3.195613      1.6820417E-03   236.0758       180.3000      0.0000000E+00  0.0000000E+00  0.0000000E+00  0.0000000E+00  0.0000000E+00
           2        1977          11           8 corn                                        HARV/KILL   0.9206419      0.0000000E+00   151.6551       108.8657       40.68309      5.4846727E-03   227.1365       44.34547      0.0000000E+00  0.0000000E+00  0.0000000E+00  0.0000000E+00  0.0000000E+00
           1        1977          11          10 corn                                        HARV/KILL   0.9221795      0.0000000E+00   156.3474       108.8735       40.45700      5.3271577E-03   194.9296       44.34816      0.0000000E+00  0.0000000E+00  0.0000000E+00  0.0000000E+00  0.0000000E+00
           3        1977          11          10 corn                                        HARV/KILL   0.9221795      0.0000000E+00   156.4886       108.8995       40.46994      5.5532134E-03   236.2167       44.35578      0.0000000E+00  0.0000000E+00  0.0000000E+00  0.0000000E+00  0.0000000E+00
           4        1977          11          10 corn                                        HARV/KILL   0.9221795      0.0000000E+00   156.6641       108.8755       40.45808      5.3312583E-03   236.7099       44.34882      0.0000000E+00  0.0000000E+00  0.0000000E+00  0.0000000E+00  0.0000000E+00
           5        1977          11          10 corn                                        HARV/KILL   0.9221795      0.0000000E+00   156.6072       108.9021       40.47129      5.5404552E-03   242.4785       44.35656      0.0000000E+00  0.0000000E+00  0.0000000E+00  0.0000000E+00  0.0000000E+00
           6        1977          11          10 corn                                        HARV/KILL   0.9221795      0.0000000E+00   156.8041       108.8937       40.46719      5.4747364E-03   249.0130       44.35417      0.0000000E+00  0.0000000E+00  0.0000000E+00  0.0000000E+00  0.0000000E+00
           7        1977          11          10 corn                                        HARV/KILL   0.9221795      0.0000000E+00   156.2529       108.8582       40.44941      5.1808720E-03   191.5137       44.34365      0.0000000E+00  0.0000000E+00  0.0000000E+00  0.0000000E+00  0.0000000E+00
           8        1977          11          10 corn                                        HARV/KILL   0.9221795      0.0000000E+00   158.2591       108.8454       40.44284      5.0716107E-03   209.6410       44.33992      0.0000000E+00  0.0000000E+00  0.0000000E+00  0.0000000E+00  0.0000000E+00
           9        1977          11          10 corn                                        HARV/KILL   0.9221795      0.0000000E+00   156.9397       108.9131       40.47652      5.6624003E-03   239.9943       44.35974      0.0000000E+00  0.0000000E+00  0.0000000E+00  0.0000000E+00  0.0000000E+00
          10        1977          11          10 corn                                        HARV/KILL   0.9221795      0.0000000E+00   157.6696       108.9192       40.47961      5.4551745E-03   235.2510       44.36198      0.0000000E+00  0.0000000E+00  0.0000000E+00  0.0000000E+00  0.0000000E+00
          11        1977          11          10 corn                                        HARV/KILL   0.9221795      0.0000000E+00   158.4914       108.9659       40.50259      5.9174937E-03   269.5821       44.37454      0.0000000E+00  0.0000000E+00  0.0000000E+00  0.0000000E+00  0.0000000E+00
          12        1977          11          10 corn                                        HARV/KILL   0.9221795      0.0000000E+00   157.9316       108.9534       40.49645      5.7294685E-03   240.2107       44.37188      0.0000000E+00  0.0000000E+00  0.0000000E+00  0.0000000E+00  0.0000000E+00
           1        1977          11          12 null                                        FERT   3.5246061E-03  0.0000000E+00   153.6601      0.0000000E+00   39.40948      5.3492519E-03   194.9334       152.7000      0.0000000E+00  0.0000000E+00  0.0000000E+00  0.0000000E+00  0.0000000E+00
           3        1977          11          12 null                                        FERT   3.5246061E-03  0.0000000E+00   153.8012      0.0000000E+00   39.42210      5.5787126E-03   236.2160       152.7000      0.0000000E+00  0.0000000E+00  0.0000000E+00  0.0000000E+00  0.0000000E+00
           4        1977          11          12 null                                        FERT   3.5246061E-03  0.0000000E+00   153.9767      0.0000000E+00   39.41058      5.3539583E-03   236.7093       152.7000      0.0000000E+00  0.0000000E+00  0.0000000E+00  0.0000000E+00  0.0000000E+00
           5        1977          11          12 null                                        FERT   3.5246061E-03  0.0000000E+00   153.9199      0.0000000E+00   39.42344      5.5667837E-03   242.4772       152.7000      0.0000000E+00  0.0000000E+00  0.0000000E+00  0.0000000E+00  0.0000000E+00
           6        1977          11          12 null                                        FERT   3.5246061E-03  0.0000000E+00   154.1168      0.0000000E+00   39.41949      5.4997238E-03   249.0109       152.7000      0.0000000E+00  0.0000000E+00  0.0000000E+00  0.0000000E+00  0.0000000E+00
           7        1977          11          12 null                                        FERT   3.5246061E-03  0.0000000E+00   153.5655      0.0000000E+00   39.40207      5.2012033E-03   191.5179       152.7000      0.0000000E+00  0.0000000E+00  0.0000000E+00  0.0000000E+00  0.0000000E+00
           8        1977          11          12 null                                        FERT   3.5246061E-03  0.0000000E+00   155.5718      0.0000000E+00   39.39629      5.0872737E-03   209.6426       152.7000      0.0000000E+00  0.0000000E+00  0.0000000E+00  0.0000000E+00  0.0000000E+00
           9        1977          11          12 null                                        FERT   3.5246061E-03  0.0000000E+00   154.2524      0.0000000E+00   39.42861      5.6899348E-03   239.9932       152.7000      0.0000000E+00  0.0000000E+00  0.0000000E+00  0.0000000E+00  0.0000000E+00
          10        1977          11          12 null                                        FERT   3.5246061E-03  0.0000000E+00   154.9822      0.0000000E+00   39.43177      5.4792054E-03   235.2505       152.7000      0.0000000E+00  0.0000000E+00  0.0000000E+00  0.0000000E+00  0.0000000E+00
          11        1977          11          12 null                                        FERT   3.5246061E-03  0.0000000E+00   155.8041      0.0000000E+00   39.45472      5.9503443E-03   269.5750       152.7000      0.0000000E+00  0.0000000E+00  0.0000000E+00  0.0000000E+00  0.0000000E+00
          12        1977          11          12 null                                        FERT   3.5246061E-03  0.0000000E+00   155.2443      0.0000000E+00   39.44823      5.7583414E-03   240.2091       152.7000      0.0000000E+00  0.0000000E+00  0.0000000E+00  0.0000000E+00  0.0000000E+00
           1        1977          11          16 chisplow            TILLAGE   1.0894450E-02  0.0000000E+00   145.8858      0.0000000E+00   18.70395      5.3551039E-03   194.9598      0.6500000    
           3        1977          11          16 chisplow            TILLAGE   1.0894450E-02  0.0000000E+00   146.0269      0.0000000E+00   18.70996      5.5845738E-03   236.2384      0.6500000    
           4        1977          11          16 chisplow            TILLAGE   1.0894450E-02  0.0000000E+00   146.2024      0.0000000E+00   18.70452      5.3598313E-03   236.7322      0.6500000    
           5        1977          11          16 chisplow            TILLAGE   1.0894450E-02  0.0000000E+00   146.1455      0.0000000E+00   18.71062      5.5726524E-03   242.4993      0.6500000    
           6        1977          11          16 chisplow            TILLAGE   1.0894450E-02  0.0000000E+00   146.3425      0.0000000E+00   18.70877      5.5056061E-03   249.0325      0.6500000    
           7        1977          11          16 chisplow            TILLAGE   1.0894450E-02  0.0000000E+00   145.7912      0.0000000E+00   18.70041      5.2070487E-03   191.5446      0.6500000    
           8        1977          11          16 chisplow            TILLAGE   1.0894450E-02  0.0000000E+00   147.7974      0.0000000E+00   18.69823      5.0926637E-03   209.6679      0.6500000    
           9        1977          11          16 chisplow            TILLAGE   1.0894450E-02  0.0000000E+00   146.4780      0.0000000E+00   18.71312      5.6958240E-03   240.0157      0.6500000    
          10        1977          11          16 chisplow            TILLAGE   1.0894450E-02  0.0000000E+00   147.2079      0.0000000E+00   18.71476      5.4851323E-03   235.2737      0.6500000    
          11        1977          11          16 chisplow            TILLAGE   1.0894450E-02  0.0000000E+00   148.0298      0.0000000E+00   18.72616      5.9555541E-03   269.5915      0.6500000    
          12        1977          11          16 chisplow            TILLAGE   1.0894450E-02  0.0000000E+00   147.4699      0.0000000E+00   18.72263      5.7642777E-03   240.2312      0.6500000    
           1        1978           4          16 fldcult             TILLAGE   0.1073274      0.0000000E+00   76.84682      0.0000000E+00   3.668827      6.7461818E-03   195.8143      0.5000000    
           2        1978           4          16 fldcult             TILLAGE   0.1073274      0.0000000E+00   79.59464      0.0000000E+00   7.019324      6.8828547E-03   227.8194      0.5000000    
           3        1978           4          16 fldcult             TILLAGE   0.1073274      0.0000000E+00   76.99110      0.0000000E+00   3.670204      7.0402995E-03   237.1471      0.5000000    
           4        1978           4          16 fldcult             TILLAGE   0.1073274      0.0000000E+00   77.22978      0.0000000E+00   3.669203      6.7622513E-03   237.6452      0.5000000    
           5        1978           4          16 fldcult             TILLAGE   0.1073274      0.0000000E+00   77.11240      0.0000000E+00   3.670457      7.0430394E-03   243.4205      0.5000000    
           6        1978           4          16 fldcult             TILLAGE   0.1073274      0.0000000E+00   77.39275      0.0000000E+00   3.670209      6.9552748E-03   249.9585      0.5000000    
           7        1978           4          16 fldcult             TILLAGE   0.1073274      0.0000000E+00   76.77972      0.0000000E+00   3.668025      6.5371944E-03   192.3948      0.5000000    
           8        1978           4          16 fldcult             TILLAGE   0.1073274      0.0000000E+00   79.41267      0.0000000E+00   3.670236      6.2884204E-03   210.5371      0.5000000    
           9        1978           4          16 fldcult             TILLAGE   0.1073274      0.0000000E+00   77.55861      0.0000000E+00   3.671242      7.1936566E-03   240.9266      0.5000000    
          10        1978           4          16 fldcult             TILLAGE   0.1073274      0.0000000E+00   78.50394      0.0000000E+00   3.672159      6.9177113E-03   236.1807      0.5000000    
          11        1978           4          16 fldcult             TILLAGE   0.1073274      0.0000000E+00   79.71128      0.0000000E+00   3.677651      7.5872401E-03   270.4798      0.5000000    
          12        1978           4          16 fldcult             TILLAGE   0.1073274      0.0000000E+00   78.88325      0.0000000E+00   3.674090      7.3032910E-03   241.1357      0.5000000    
           1        1978           4          30 fldcult             TILLAGE   0.1403358      0.0000000E+00   104.8223      0.0000000E+00   1.753796      7.6727285E-03   196.3687      0.5000000    
           2        1978           4          30 fldcult             TILLAGE   0.1403358      0.0000000E+00   108.8061      0.0000000E+00   3.355438      8.0523081E-03   228.6110      0.5000000    
           3        1978           4          30 fldcult             TILLAGE   0.1403358      0.0000000E+00   105.0398      0.0000000E+00   1.754454      8.0053695E-03   238.0259      0.5000000    
           4        1978           4          30 fldcult             TILLAGE   0.1403358      0.0000000E+00   105.3631      0.0000000E+00   1.753976      7.6675559E-03   238.5190      0.5000000    
           5        1978           4          30 fldcult             TILLAGE   0.1403358      0.0000000E+00   105.2215      0.0000000E+00   1.754576      7.9940939E-03   244.3428      0.5000000    
           6        1978           4          30 fldcult             TILLAGE   0.1403358      0.0000000E+00   105.6001      0.0000000E+00   1.754457      7.9145730E-03   250.9267      0.5000000    
           7        1978           4          30 fldcult             TILLAGE   0.1403358      0.0000000E+00   104.7068      0.0000000E+00   1.753412      7.4420692E-03   192.9239      0.5000000    
           8        1978           4          30 fldcult             TILLAGE   0.1403358      0.0000000E+00   108.4333      0.0000000E+00   1.754475      7.3217223E-03   211.1362      0.5000000    
           9        1978           4          30 fldcult             TILLAGE   0.1403358      0.0000000E+00   105.8406      0.0000000E+00   1.754951      8.2114227E-03   241.8155      0.5000000    
          10        1978           4          30 fldcult             TILLAGE   0.1403358      0.0000000E+00   107.1811      0.0000000E+00   1.755391      7.8977859E-03   237.0215      0.5000000    
          11        1978           4          30 fldcult             TILLAGE   0.1403358      0.0000000E+00   108.9169      0.0000000E+00   1.758025      8.7241502E-03   271.4518      0.5000000    
          12        1978           4          30 fldcult             TILLAGE   0.1403358      0.0000000E+00   107.7199      0.0000000E+00   1.756315      8.3566522E-03   242.0011      0.5000000    
           2        1978           5           5 null                                        FERT   0.1587698      0.0000000E+00   84.92250      0.0000000E+00   3.174923      8.0968607E-03   228.8665       18.29000      0.0000000E+00  0.0000000E+00  0.0000000E+00  0.0000000E+00  0.0000000E+00
           2        1978           5           5 null                                        FERT   0.1587698      0.0000000E+00   84.92250      0.0000000E+00   3.174923      8.0968607E-03   228.8665       5.350000      0.0000000E+00  0.0000000E+00  0.0000000E+00  0.0000000E+00  0.0000000E+00
           2        1978           5           5 null                                        FERT   0.1587698      0.0000000E+00   84.92250      0.0000000E+00   3.174923      8.0968607E-03   228.8665       6.740000      0.0000000E+00  0.0000000E+00  0.0000000E+00  0.0000000E+00  0.0000000E+00
           1        1978           5           6 corn                                        PLANT   0.1628935      0.0000000E+00   77.66831      0.0000000E+00   1.641187      7.7136662E-03   196.5768      0.0000000E+00   6.000000    
           2        1978           5           6 corn                                        PLANT   0.1628935      0.0000000E+00   81.11269      0.0000000E+00   3.139991      8.0988109E-03   228.9008      0.0000000E+00   6.000000    
           3        1978           5           6 corn                                        PLANT   0.1628935      0.0000000E+00   77.85562      0.0000000E+00   1.641804      8.0411686E-03   238.3494      0.0000000E+00   6.000000    
           4        1978           5           6 corn                                        PLANT   0.1628935      0.0000000E+00   78.12051      0.0000000E+00   1.641356      7.7076000E-03   238.8411      0.0000000E+00   6.000000    
           5        1978           5           6 corn                                        PLANT   0.1628935      0.0000000E+00   78.01305      0.0000000E+00   1.641917      8.0287149E-03   244.6821      0.0000000E+00   6.000000    
           6        1978           5           6 corn                                        PLANT   0.1628935      0.0000000E+00   78.31741      0.0000000E+00   1.641807      7.9512745E-03   251.2830      0.0000000E+00   6.000000    
           7        1978           5           6 corn                                        PLANT   0.1628935      0.0000000E+00   77.56071      0.0000000E+00   1.640828      7.4857310E-03   193.1234      0.0000000E+00   6.000000    
           8        1978           5           6 corn                                        PLANT   0.1628935      0.0000000E+00   80.79181      0.0000000E+00   1.641823      7.3725819E-03   211.3650      0.0000000E+00   6.000000    
           9        1978           5           6 corn                                        PLANT   0.1628935      0.0000000E+00   78.51860      0.0000000E+00   1.642269      8.2444688E-03   242.1438      0.0000000E+00   6.000000    
          10        1978           5           6 corn                                        PLANT   0.1628935      0.0000000E+00   79.69611      0.0000000E+00   1.642680      7.9363072E-03   237.3337      0.0000000E+00   6.000000    
          11        1978           5           6 corn                                        PLANT   0.1628935      0.0000000E+00   81.21956      0.0000000E+00   1.645145      8.7494422E-03   271.8171      0.0000000E+00   6.000000    
          12        1978           5           6 corn                                        PLANT   0.1628935      0.0000000E+00   80.17102      0.0000000E+00   1.643545      8.3882418E-03   242.3223      0.0000000E+00   6.000000    
           1        1978           6          17 null                                        FERT   0.3304961      0.2544011       65.59364       20.71289      0.7863323      1.6491399E-03   197.1451       119.5000      0.0000000E+00  0.0000000E+00  0.0000000E+00  0.0000000E+00  0.0000000E+00
           2        1978           6          17 null                                        FERT   0.3304961      0.2544011       67.75646       20.83693       1.503348      1.6266690E-03   229.7500       168.0000      0.0000000E+00  0.0000000E+00  0.0000000E+00  0.0000000E+00  0.0000000E+00
           3        1978           6          17 null                                        FERT   0.3304961      0.2544011       65.74051       20.73174      0.7866117      1.6491399E-03   239.2592       119.5000      0.0000000E+00  0.0000000E+00  0.0000000E+00  0.0000000E+00  0.0000000E+00
           4        1978           6          17 null                                        FERT   0.3304961      0.2544011       65.92415       20.72488      0.7863792      1.6490207E-03   239.7437       119.5000      0.0000000E+00  0.0000000E+00  0.0000000E+00  0.0000000E+00  0.0000000E+00
           5        1978           6          17 null                                        FERT   0.3304961      0.2544011       65.86417       20.73595      0.7866529      1.6490803E-03   245.6380       119.5000      0.0000000E+00  0.0000000E+00  0.0000000E+00  0.0000000E+00  0.0000000E+00
           6        1978           6          17 null                                        FERT   0.3304961      0.2544011       66.07007       20.74002      0.7865785      1.6489015E-03   252.2874       119.5000      0.0000000E+00  0.0000000E+00  0.0000000E+00  0.0000000E+00  0.0000000E+00
           7        1978           6          17 null                                        FERT   0.3304961      0.2544011       65.49530       20.70008      0.7861704      1.6493187E-03   193.6663       119.5000      0.0000000E+00  0.0000000E+00  0.0000000E+00  0.0000000E+00  0.0000000E+00
           8        1978           6          17 null                                        FERT   0.3304961      0.2544011       67.58838       20.70961      0.7862461      1.6270266E-03   212.0205       119.5000      0.0000000E+00  0.0000000E+00  0.0000000E+00  0.0000000E+00  0.0000000E+00
           9        1978           6          17 null                                        FERT   0.3304961      0.2544011       66.21112       20.75786      0.7867839      1.6486631E-03   243.0658       119.5000      0.0000000E+00  0.0000000E+00  0.0000000E+00  0.0000000E+00  0.0000000E+00
          10        1978           6          17 null                                        FERT   0.3304961      0.2544011       66.97247       20.74353      0.7868878      1.6478286E-03   238.2148       119.5000      0.0000000E+00  0.0000000E+00  0.0000000E+00  0.0000000E+00  0.0000000E+00
          11        1978           6          17 null                                        FERT   0.3304961      0.2544011       67.83015       20.83525      0.7875937      1.6266094E-03   272.8820       119.5000      0.0000000E+00  0.0000000E+00  0.0000000E+00  0.0000000E+00  0.0000000E+00
          12        1978           6          17 null                                        FERT   0.3304961      0.2544011       67.24451       20.78012      0.7872615      1.6476498E-03   243.2294       119.5000      0.0000000E+00  0.0000000E+00  0.0000000E+00  0.0000000E+00  0.0000000E+00
           1        1978          11           4 corn                                        HARV/KILL   0.9496431      0.0000000E+00   8.133402       114.7396       42.63878      4.2416751E-03   197.8434       46.48106      0.0000000E+00  0.0000000E+00  0.0000000E+00  0.0000000E+00  0.0000000E+00
           2        1978          11           4 corn                                        HARV/KILL   0.9496431      0.0000000E+00   8.688696       114.7904       42.72241      4.3977951E-03   230.5457       46.49086      0.0000000E+00  0.0000000E+00  0.0000000E+00  0.0000000E+00  0.0000000E+00
           3        1978          11           4 corn                                        HARV/KILL   0.9496431      0.0000000E+00   8.172183       114.7727       42.65359      4.3711304E-03   240.0412       46.49184      0.0000000E+00  0.0000000E+00  0.0000000E+00  0.0000000E+00  0.0000000E+00
           4        1978          11           4 corn                                        HARV/KILL   0.9496431      0.0000000E+00   8.223081       114.7412       42.64037      4.2445296E-03   240.5333       46.48071      0.0000000E+00  0.0000000E+00  0.0000000E+00  0.0000000E+00  0.0000000E+00
           5        1978          11           4 corn                                        HARV/KILL   0.9496431      0.0000000E+00   8.205810       114.7723       42.65379      4.3810620E-03   246.4353       46.49136      0.0000000E+00  0.0000000E+00  0.0000000E+00  0.0000000E+00  0.0000000E+00
           6        1978          11           4 corn                                        HARV/KILL   0.9496431      0.0000000E+00   8.262211       114.7660       42.65161      4.3468508E-03   253.0969       46.48871      0.0000000E+00  0.0000000E+00  0.0000000E+00  0.0000000E+00  0.0000000E+00
           7        1978          11           4 corn                                        HARV/KILL   0.9496431      0.0000000E+00   8.107147       114.7166       42.62852      4.1710702E-03   194.3571       46.47355      0.0000000E+00  0.0000000E+00  0.0000000E+00  0.0000000E+00  0.0000000E+00
           8        1978          11           4 corn                                        HARV/KILL   0.9496431      0.0000000E+00   8.683169       114.7044       42.62352      4.1329460E-03   212.7520       46.46902      0.0000000E+00  0.0000000E+00  0.0000000E+00  0.0000000E+00  0.0000000E+00
           9        1978          11           4 corn                                        HARV/KILL   0.9496431      0.0000000E+00   8.299637       114.7958       42.66497      4.4547673E-03   243.8525       46.49835      0.0000000E+00  0.0000000E+00  0.0000000E+00  0.0000000E+00  0.0000000E+00
          10        1978          11           4 corn                                        HARV/KILL   0.9496431      0.0000000E+00   8.514644       114.7669       42.65246      4.3313084E-03   238.9905       46.48849      0.0000000E+00  0.0000000E+00  0.0000000E+00  0.0000000E+00  0.0000000E+00
          11        1978          11           4 corn                                        HARV/KILL   0.9496431      0.0000000E+00   8.738805       114.8446       42.69096      4.6658856E-03   273.7751       46.51011      0.0000000E+00  0.0000000E+00  0.0000000E+00  0.0000000E+00  0.0000000E+00
          12        1978          11           4 corn                                        HARV/KILL   0.9496431      0.0000000E+00   8.587413       114.8141       42.67432      4.5060809E-03   244.0168       46.50316      0.0000000E+00  0.0000000E+00  0.0000000E+00  0.0000000E+00  0.0000000E+00
           1        1978          11          21 null                                        FERT   1.9822964E-02  0.0000000E+00   56.78082      0.0000000E+00   33.68863      5.0984449E-03   197.8631       167.9600      0.0000000E+00  0.0000000E+00  0.0000000E+00  0.0000000E+00  0.0000000E+00
           2        1978          11          21 null                                        FERT   1.9822964E-02  0.0000000E+00   57.32075      0.0000000E+00   33.77206      5.3477534E-03   230.5712       167.9600      0.0000000E+00  0.0000000E+00  0.0000000E+00  0.0000000E+00  0.0000000E+00
           3        1978          11          21 null                                        FERT   1.9822964E-02  0.0000000E+00   56.81837      0.0000000E+00   33.70070      5.2944785E-03   240.0806       167.9600      0.0000000E+00  0.0000000E+00  0.0000000E+00  0.0000000E+00  0.0000000E+00
           4        1978          11          21 null                                        FERT   1.9822964E-02  0.0000000E+00   56.87056      0.0000000E+00   33.69073      5.0686039E-03   240.5702       167.9600      0.0000000E+00  0.0000000E+00  0.0000000E+00  0.0000000E+00  0.0000000E+00
           5        1978          11          21 null                                        FERT   1.9822964E-02  0.0000000E+00   56.85189      0.0000000E+00   33.70119      5.2881329E-03   246.4762       167.9600      0.0000000E+00  0.0000000E+00  0.0000000E+00  0.0000000E+00  0.0000000E+00
           6        1978          11          21 null                                        FERT   1.9822964E-02  0.0000000E+00   56.90876      0.0000000E+00   33.70002      5.2347966E-03   253.1393       167.9600      0.0000000E+00  0.0000000E+00  0.0000000E+00  0.0000000E+00  0.0000000E+00
           7        1978          11          21 null                                        FERT   1.9822964E-02  0.0000000E+00   56.75505      0.0000000E+00   33.68026      4.9868356E-03   194.3757       167.9600      0.0000000E+00  0.0000000E+00  0.0000000E+00  0.0000000E+00  0.0000000E+00
           8        1978          11          21 null                                        FERT   1.9822964E-02  0.0000000E+00   57.32913      0.0000000E+00   33.68742      4.9620299E-03   212.7687       167.9600      0.0000000E+00  0.0000000E+00  0.0000000E+00  0.0000000E+00  0.0000000E+00
           9        1978          11          21 null                                        FERT   1.9822964E-02  0.0000000E+00   56.94461      0.0000000E+00   33.71100      5.4126480E-03   243.8890       167.9600      0.0000000E+00  0.0000000E+00  0.0000000E+00  0.0000000E+00  0.0000000E+00
          10        1978          11          21 null                                        FERT   1.9822964E-02  0.0000000E+00   57.16135      0.0000000E+00   33.70362      5.2229878E-03   239.0231       167.9600      0.0000000E+00  0.0000000E+00  0.0000000E+00  0.0000000E+00  0.0000000E+00
          11        1978          11          21 null                                        FERT   1.9822964E-02  0.0000000E+00   57.37518      0.0000000E+00   33.74972      5.7079629E-03   273.7910       167.9600      0.0000000E+00  0.0000000E+00  0.0000000E+00  0.0000000E+00  0.0000000E+00
          12        1978          11          21 null                                        FERT   1.9822964E-02  0.0000000E+00   57.23133      0.0000000E+00   33.72196      5.4847668E-03   244.0481       167.9600      0.0000000E+00  0.0000000E+00  0.0000000E+00  0.0000000E+00  0.0000000E+00
           1        1979           3          31 fldcult             TILLAGE   6.2140748E-02  0.0000000E+00   53.89627      0.0000000E+00   8.735450      6.9309594E-03   198.3701      0.5000000    
           3        1979           3          31 fldcult             TILLAGE   6.2140748E-02  0.0000000E+00   53.73492      0.0000000E+00   8.738985      7.2987610E-03   240.7659      0.5000000    
           4        1979           3          31 fldcult             TILLAGE   6.2140748E-02  0.0000000E+00   54.03175      0.0000000E+00   8.737123      6.9307582E-03   241.2174      0.5000000    
           5        1979           3          31 fldcult             TILLAGE   6.2140748E-02  0.0000000E+00   53.71758      0.0000000E+00   8.739583      7.3221405E-03   247.1849      0.5000000    
           6        1979           3          31 fldcult             TILLAGE   6.2140748E-02  0.0000000E+00   53.87754      0.0000000E+00   8.739922      7.2168433E-03   253.8539      0.5000000    
           7        1979           3          31 fldcult             TILLAGE   6.2140748E-02  0.0000000E+00   53.85388      0.0000000E+00   8.732938      6.7143077E-03   194.8725      0.5000000    
           8        1979           3          31 fldcult             TILLAGE   6.2140748E-02  0.0000000E+00   54.57590      0.0000000E+00   8.749338      6.5220045E-03   213.2551      0.5000000    
           9        1979           3          31 fldcult             TILLAGE   6.2140748E-02  0.0000000E+00   53.76453      0.0000000E+00   8.743453      7.5059240E-03   244.5833      0.5000000    
          10        1979           3          31 fldcult             TILLAGE   6.2140748E-02  0.0000000E+00   54.24466      0.0000000E+00   8.744610      7.1646022E-03   239.6637      0.5000000    
          11        1979           3          31 fldcult             TILLAGE   6.2140748E-02  0.0000000E+00   54.85907      0.0000000E+00   8.776289      7.9324944E-03   274.4294      0.5000000    
          12        1979           3          31 fldcult             TILLAGE   6.2140748E-02  0.0000000E+00   54.34471      0.0000000E+00   8.751095      7.6101483E-03   244.7313      0.5000000    
           1        1979           4          16 null                                        FERT   0.1007728      0.0000000E+00   26.53140      0.0000000E+00   7.091054      7.4109472E-03   198.8079       38.30000      0.0000000E+00  0.0000000E+00  0.0000000E+00  0.0000000E+00  0.0000000E+00
           2        1979           4          16 null                                        FERT   0.1007728      0.0000000E+00   27.23640      0.0000000E+00   11.87105      7.5460570E-03   231.4005       57.10000      0.0000000E+00  0.0000000E+00  0.0000000E+00  0.0000000E+00  0.0000000E+00
           3        1979           4          16 null                                        FERT   0.1007728      0.0000000E+00   26.36962      0.0000000E+00   7.093928      7.8062145E-03   241.4766       38.30000      0.0000000E+00  0.0000000E+00  0.0000000E+00  0.0000000E+00  0.0000000E+00
           4        1979           4          16 null                                        FERT   0.1007728      0.0000000E+00   26.66683      0.0000000E+00   7.092428      7.4106604E-03   241.9298       38.30000      0.0000000E+00  0.0000000E+00  0.0000000E+00  0.0000000E+00  0.0000000E+00
           5        1979           4          16 null                                        FERT   0.1007728      0.0000000E+00   26.35222      0.0000000E+00   7.094418      7.8314049E-03   247.9309       38.30000      0.0000000E+00  0.0000000E+00  0.0000000E+00  0.0000000E+00  0.0000000E+00
           6        1979           4          16 null                                        FERT   0.1007728      0.0000000E+00   26.51229      0.0000000E+00   7.094706      7.7183093E-03   254.6422       38.30000      0.0000000E+00  0.0000000E+00  0.0000000E+00  0.0000000E+00  0.0000000E+00
           7        1979           4          16 null                                        FERT   0.1007728      0.0000000E+00   26.48917      0.0000000E+00   7.089008      7.1755531E-03   195.2897       38.30000      0.0000000E+00  0.0000000E+00  0.0000000E+00  0.0000000E+00  0.0000000E+00
           8        1979           4          16 null                                        FERT   0.1007728      0.0000000E+00   27.21042      0.0000000E+00   7.102571      6.9571538E-03   213.7211       38.30000      0.0000000E+00  0.0000000E+00  0.0000000E+00  0.0000000E+00  0.0000000E+00
           9        1979           4          16 null                                        FERT   0.1007728      0.0000000E+00   26.39874      0.0000000E+00   7.097576      8.0265133E-03   245.2977       38.30000      0.0000000E+00  0.0000000E+00  0.0000000E+00  0.0000000E+00  0.0000000E+00
          10        1979           4          16 null                                        FERT   0.1007728      0.0000000E+00   26.87947      0.0000000E+00   7.098577      7.6610218E-03   240.3395       38.30000      0.0000000E+00  0.0000000E+00  0.0000000E+00  0.0000000E+00  0.0000000E+00
          11        1979           4          16 null                                        FERT   0.1007728      0.0000000E+00   27.48986      0.0000000E+00   7.124651      8.4792534E-03   275.1938       38.30000      0.0000000E+00  0.0000000E+00  0.0000000E+00  0.0000000E+00  0.0000000E+00
          12        1979           4          16 null                                        FERT   0.1007728      0.0000000E+00   26.97849      0.0000000E+00   7.103870      8.1387302E-03   245.4158       38.30000      0.0000000E+00  0.0000000E+00  0.0000000E+00  0.0000000E+00  0.0000000E+00
           1        1979           5           5 corn                                        PLANT   0.1479050      0.0000000E+00   47.78654      0.0000000E+00   5.216322      8.7692952E-03   199.0779      0.0000000E+00   6.000000    
           2        1979           5           5 corn                                        PLANT   0.1479050      0.0000000E+00   48.50211      0.0000000E+00   8.720584      8.8050729E-03   231.7430      0.0000000E+00   6.000000    
           3        1979           5           5 corn                                        PLANT   0.1479050      0.0000000E+00   47.62352      0.0000000E+00   5.218437      9.2630656E-03   241.8755      0.0000000E+00   6.000000    
           4        1979           5           5 corn                                        PLANT   0.1479050      0.0000000E+00   47.92198      0.0000000E+00   5.217348      8.7885577E-03   242.3328      0.0000000E+00   6.000000    
           5        1979           5           5 corn                                        PLANT   0.1479050      0.0000000E+00   47.60590      0.0000000E+00   5.218801      9.3082394E-03   248.3474      0.0000000E+00   6.000000    
           6        1979           5           5 corn                                        PLANT   0.1479050      0.0000000E+00   47.76657      0.0000000E+00   5.219025      9.1619622E-03   255.0804      0.0000000E+00   6.000000    
           7        1979           5           5 corn                                        PLANT   0.1479050      0.0000000E+00   47.74478      0.0000000E+00   5.214810      8.4704775E-03   195.5499      0.0000000E+00   6.000000    
           8        1979           5           5 corn                                        PLANT   0.1479050      0.0000000E+00   48.46554      0.0000000E+00   5.225016      8.0421232E-03   214.0137      0.0000000E+00   6.000000    
           9        1979           5           5 corn                                        PLANT   0.1479050      0.0000000E+00   47.65155      0.0000000E+00   5.221145      9.5299901E-03   245.6998      0.0000000E+00   6.000000    
          10        1979           5           5 corn                                        PLANT   0.1479050      0.0000000E+00   48.13403      0.0000000E+00   5.221934      9.0783900E-03   240.7258      0.0000000E+00   6.000000    
          11        1979           5           5 corn                                        PLANT   0.1479050      0.0000000E+00   48.73439      0.0000000E+00   5.241440      1.0091369E-02   275.6405      0.0000000E+00   6.000000    
          12        1979           5           5 corn                                        PLANT   0.1479050      0.0000000E+00   48.23033      0.0000000E+00   5.225850      9.6704522E-03   245.8066      0.0000000E+00   6.000000    
           1        1979           6          11 null                                        FERT   0.2869967      0.1977610       22.85454       16.06967       2.596434      1.6822801E-03   199.1881       123.2000      0.0000000E+00  0.0000000E+00  0.0000000E+00  0.0000000E+00  0.0000000E+00
           2        1979           6          11 null                                        FERT   0.2869967      0.1977610       23.42752       16.11932       4.336510      1.6487823E-03   231.9775       112.0000      0.0000000E+00  0.0000000E+00  0.0000000E+00  0.0000000E+00  0.0000000E+00
           3        1979           6          11 null                                        FERT   0.2869967      0.1977610       22.86829       16.09199       2.597465      1.6822801E-03   241.9801       123.2000      0.0000000E+00  0.0000000E+00  0.0000000E+00  0.0000000E+00  0.0000000E+00
           4        1979           6          11 null                                        FERT   0.2869967      0.1977610       22.94992       16.07530       2.596816      1.6822801E-03   242.4446       123.2000      0.0000000E+00  0.0000000E+00  0.0000000E+00  0.0000000E+00  0.0000000E+00
           5        1979           6          11 null                                        FERT   0.2869967      0.1977610       22.89558       16.09566       2.597609      1.6822801E-03   248.4527       123.2000      0.0000000E+00  0.0000000E+00  0.0000000E+00  0.0000000E+00  0.0000000E+00
           6        1979           6          11 null                                        FERT   0.2869967      0.1977610       22.96508       16.09348       2.597625      1.6822801E-03   255.1889       123.2000      0.0000000E+00  0.0000000E+00  0.0000000E+00  0.0000000E+00  0.0000000E+00
           7        1979           6          11 null                                        FERT   0.2869967      0.1977610       22.82651       16.05673       2.595720      1.6822801E-03   195.6601       123.2000      0.0000000E+00  0.0000000E+00  0.0000000E+00  0.0000000E+00  0.0000000E+00
           8        1979           6          11 null                                        FERT   0.2869967      0.1977610       23.42096       16.05342       2.599166      1.6493187E-03   214.1503       123.2000      0.0000000E+00  0.0000000E+00  0.0000000E+00  0.0000000E+00  0.0000000E+00
           9        1979           6          11 null                                        FERT   0.2869967      0.1977610       22.98334       16.11163       2.598647      1.6822801E-03   245.8062       123.2000      0.0000000E+00  0.0000000E+00  0.0000000E+00  0.0000000E+00  0.0000000E+00
          10        1979           6          11 null                                        FERT   0.2869967      0.1977610       23.23207       16.09157       2.598643      1.6822801E-03   240.8421       123.2000      0.0000000E+00  0.0000000E+00  0.0000000E+00  0.0000000E+00  0.0000000E+00
          11        1979           6          11 null                                        FERT   0.2869967      0.1977610       23.49847       16.15644       2.606015      1.6479478E-03   275.8012       123.2000      0.0000000E+00  0.0000000E+00  0.0000000E+00  0.0000000E+00  0.0000000E+00
          12        1979           6          11 null                                        FERT   0.2869967      0.1977610       23.30685       16.12393       2.600430      1.6822801E-03   245.9210       123.2000      0.0000000E+00  0.0000000E+00  0.0000000E+00  0.0000000E+00  0.0000000E+00
           1        1979          11           5 corn                                        HARV/KILL   0.9061776      0.0000000E+00   50.01949       121.9543       43.94155      3.6143879E-03   200.0623       50.70256      0.0000000E+00  0.0000000E+00  0.0000000E+00  0.0000000E+00  0.0000000E+00
           3        1979          11           5 corn                                        HARV/KILL   0.9061776      0.0000000E+00   50.02078       122.0046       43.96365      3.7166805E-03   243.2064       50.71949      0.0000000E+00  0.0000000E+00  0.0000000E+00  0.0000000E+00  0.0000000E+00
           4        1979          11           5 corn                                        HARV/KILL   0.9061776      0.0000000E+00   50.02620       121.9593       43.94383      3.5963927E-03   243.6692       50.70426      0.0000000E+00  0.0000000E+00  0.0000000E+00  0.0000000E+00  0.0000000E+00
           5        1979          11           5 corn                                        HARV/KILL   0.9061776      0.0000000E+00   50.02312       122.0101       43.96609      3.7026342E-03   249.7276       50.72131      0.0000000E+00  0.0000000E+00  0.0000000E+00  0.0000000E+00  0.0000000E+00
           6        1979          11           5 corn                                        HARV/KILL   0.9061776      0.0000000E+00   50.02782       121.9977       43.96069      3.6888060E-03   256.5156       50.71709      0.0000000E+00  0.0000000E+00  0.0000000E+00  0.0000000E+00  0.0000000E+00
           7        1979          11           5 corn                                        HARV/KILL   0.9061776      0.0000000E+00   50.01814       121.9233       43.92799      3.5546219E-03   196.5083       50.69208      0.0000000E+00  0.0000000E+00  0.0000000E+00  0.0000000E+00  0.0000000E+00
           8        1979          11           5 corn                                        HARV/KILL   0.9061776      0.0000000E+00   50.05487       122.1506       44.13465      3.6311515E-03   215.0864       50.66362      0.0000000E+00  0.0000000E+00  0.0000000E+00  0.0000000E+00  0.0000000E+00
           9        1979          11           5 corn                                        HARV/KILL   0.9061776      0.0000000E+00   50.02843       122.0355       43.97741      3.8021018E-03   247.0446       50.72976      0.0000000E+00  0.0000000E+00  0.0000000E+00  0.0000000E+00  0.0000000E+00
          10        1979          11           5 corn                                        HARV/KILL   0.9061776      0.0000000E+00   50.04558       121.9968       43.95991      3.6953061E-03   242.0291       50.71726      0.0000000E+00  0.0000000E+00  0.0000000E+00  0.0000000E+00  0.0000000E+00
          11        1979          11           5 corn                                        HARV/KILL   0.9061776      0.0000000E+00   50.04343       122.3600       44.22813      3.9922483E-03   277.1540       50.73386      0.0000000E+00  0.0000000E+00  0.0000000E+00  0.0000000E+00  0.0000000E+00
          12        1979          11           5 corn                                        HARV/KILL   0.9061776      0.0000000E+00   50.04631       122.2981       44.20320      3.8551867E-03   247.1320       50.71068      0.0000000E+00  0.0000000E+00  0.0000000E+00  0.0000000E+00  0.0000000E+00
           2        1979          11           7 corn                                        HARV/KILL   0.9098294      0.0000000E+00   73.45819       122.2293       44.28225      4.3617198E-03   233.1964       50.68853      0.0000000E+00  0.0000000E+00  0.0000000E+00  0.0000000E+00  0.0000000E+00
           1        1979          11          10 chisplow            TILLAGE   6.0164467E-03  0.0000000E+00   68.53564      0.0000000E+00   20.51481      4.0948391E-03   200.1175      0.6500000    
           3        1979          11          10 chisplow            TILLAGE   6.0164467E-03  0.0000000E+00   68.53641      0.0000000E+00   20.52518      4.2320429E-03   243.2804      0.6500000    
           4        1979          11          10 chisplow            TILLAGE   6.0164467E-03  0.0000000E+00   68.54233      0.0000000E+00   20.51600      4.0825461E-03   243.7432      0.6500000    
           5        1979          11          10 chisplow            TILLAGE   6.0164467E-03  0.0000000E+00   68.53864      0.0000000E+00   20.52637      4.2253379E-03   249.8041      0.6500000    
           6        1979          11          10 chisplow            TILLAGE   6.0164467E-03  0.0000000E+00   68.54356      0.0000000E+00   20.52393      4.1992622E-03   256.5949      0.6500000    
           7        1979          11          10 chisplow            TILLAGE   6.0164467E-03  0.0000000E+00   68.53448      0.0000000E+00   20.50844      4.0225927E-03   196.5622      0.6500000    
           8        1979          11          10 chisplow            TILLAGE   6.0164467E-03  0.0000000E+00   68.57089      0.0000000E+00   20.60667      4.0620966E-03   215.1403      0.6500000    
           9        1979          11          10 chisplow            TILLAGE   6.0164467E-03  0.0000000E+00   68.54352      0.0000000E+00   20.53180      4.3345322E-03   247.1189      0.6500000    
          10        1979          11          10 chisplow            TILLAGE   6.0164467E-03  0.0000000E+00   68.56142      0.0000000E+00   20.52399      4.1959384E-03   242.0995      0.6500000    
          11        1979          11          10 chisplow            TILLAGE   6.0164467E-03  0.0000000E+00   68.55473      0.0000000E+00   20.65156      4.5587574E-03   277.2250      0.6500000    
          12        1979          11          10 chisplow            TILLAGE   6.0164467E-03  0.0000000E+00   68.56102      0.0000000E+00   20.63774      4.3972163E-03   247.2034      0.6500000    
           1        1979          12           2 null                                        FERT   2.4207164E-02  0.0000000E+00   66.45952      0.0000000E+00   15.80782      4.5625102E-03   200.5615       142.7000      0.0000000E+00  0.0000000E+00  0.0000000E+00  0.0000000E+00  0.0000000E+00
           2        1979          12           2 null                                        FERT   2.0555317E-02  0.0000000E+00   66.82510      0.0000000E+00   32.26989      4.7589513E-03   233.3205       142.7000      0.0000000E+00  0.0000000E+00  0.0000000E+00  0.0000000E+00  0.0000000E+00
           3        1979          12           2 null                                        FERT   2.4207164E-02  0.0000000E+00   66.46003      0.0000000E+00   15.81598      4.7394163E-03   244.0473       142.7000      0.0000000E+00  0.0000000E+00  0.0000000E+00  0.0000000E+00  0.0000000E+00
           4        1979          12           2 null                                        FERT   2.4207164E-02  0.0000000E+00   66.46619      0.0000000E+00   15.80910      4.5566754E-03   244.5000       142.7000      0.0000000E+00  0.0000000E+00  0.0000000E+00  0.0000000E+00  0.0000000E+00
           5        1979          12           2 null                                        FERT   2.4207164E-02  0.0000000E+00   66.46221      0.0000000E+00   15.81703      4.7444552E-03   250.6104       142.7000      0.0000000E+00  0.0000000E+00  0.0000000E+00  0.0000000E+00  0.0000000E+00
           6        1979          12           2 null                                        FERT   2.4207164E-02  0.0000000E+00   66.46725      0.0000000E+00   15.81538      4.7002472E-03   257.4438       142.7000      0.0000000E+00  0.0000000E+00  0.0000000E+00  0.0000000E+00  0.0000000E+00
           7        1979          12           2 null                                        FERT   2.4207164E-02  0.0000000E+00   66.45845      0.0000000E+00   15.80280      4.4728499E-03   196.9828       142.7000      0.0000000E+00  0.0000000E+00  0.0000000E+00  0.0000000E+00  0.0000000E+00
           8        1979          12           2 null                                        FERT   2.4207164E-02  0.0000000E+00   66.49495      0.0000000E+00   15.88348      4.4559985E-03   215.5757       142.7000      0.0000000E+00  0.0000000E+00  0.0000000E+00  0.0000000E+00  0.0000000E+00
           9        1979          12           2 null                                        FERT   2.4207164E-02  0.0000000E+00   66.46693      0.0000000E+00   15.82163      4.8709698E-03   247.8848       142.7000      0.0000000E+00  0.0000000E+00  0.0000000E+00  0.0000000E+00  0.0000000E+00
          10        1979          12           2 null                                        FERT   2.4207164E-02  0.0000000E+00   66.48518      0.0000000E+00   15.81666      4.6822908E-03   242.8041       142.7000      0.0000000E+00  0.0000000E+00  0.0000000E+00  0.0000000E+00  0.0000000E+00
          11        1979          12           2 null                                        FERT   2.4207164E-02  0.0000000E+00   66.47652      0.0000000E+00   15.92154      5.1564262E-03   277.9488       142.7000      0.0000000E+00  0.0000000E+00  0.0000000E+00  0.0000000E+00  0.0000000E+00
          12        1979          12           2 null                                        FERT   2.4207164E-02  0.0000000E+00   66.48434      0.0000000E+00   15.90480      4.9509481E-03   247.9232       142.7000      0.0000000E+00  0.0000000E+00  0.0000000E+00  0.0000000E+00  0.0000000E+00
           1        1980           4           1 chisplow            TILLAGE   5.3102162E-02  0.0000000E+00   4.902631      0.0000000E+00   3.740411      5.0469474E-03   200.6584      0.6500000    
           3        1980           4           1 chisplow            TILLAGE   5.3102162E-02  0.0000000E+00   4.863754      0.0000000E+00   3.742478      5.2470881E-03   243.8792      0.6500000    
           4        1980           4           1 chisplow            TILLAGE   5.3102162E-02  0.0000000E+00   4.928557      0.0000000E+00   3.741132      5.0456510E-03   244.3485      0.6500000    
           5        1980           4           1 chisplow            TILLAGE   5.3102162E-02  0.0000000E+00   4.860757      0.0000000E+00   3.742887      5.2534468E-03   250.4137      0.6500000    
           6        1980           4           1 chisplow            TILLAGE   5.3102162E-02  0.0000000E+00   4.891878      0.0000000E+00   3.742768      5.2050920E-03   257.2116      0.6500000    
           7        1980           4           1 chisplow            TILLAGE   5.3102162E-02  0.0000000E+00   4.911294      0.0000000E+00   3.739110      4.9419869E-03   197.0974      0.6500000    
           8        1980           4           1 chisplow            TILLAGE   5.3102162E-02  0.0000000E+00   4.995734      0.0000000E+00   3.764098      4.8729125E-03   215.6556      0.6500000    
           9        1980           4           1 chisplow            TILLAGE   5.3102162E-02  0.0000000E+00   4.866414      0.0000000E+00   3.744442      5.3824517E-03   247.7180      0.6500000    
          10        1980           4           1 chisplow            TILLAGE   5.3102162E-02  0.0000000E+00   4.959510      0.0000000E+00   3.744539      5.1808553E-03   242.6812      0.6500000    
          11        1980           4           1 chisplow            TILLAGE   5.3102162E-02  0.0000000E+00   4.873603      0.0000000E+00   3.777631      5.6103161E-03   277.7569      0.6500000    
          12        1980           4           1 chisplow            TILLAGE   5.3102162E-02  0.0000000E+00   4.906122      0.0000000E+00   3.765910      5.4602958E-03   247.7869      0.6500000    
           1        1980           4          28 corn                                        PLANT   0.1298327      0.0000000E+00  1.6000002E-05  0.0000000E+00   2.479490      5.5487165E-03   201.2766      0.0000000E+00   6.000000    
           2        1980           4          28 corn                                        PLANT   0.1298327      0.0000000E+00  1.6000002E-05  0.0000000E+00   9.846018      5.5670575E-03   233.7860      0.0000000E+00   6.000000    
           3        1980           4          28 corn                                        PLANT   0.1298327      0.0000000E+00  1.6000002E-05  0.0000000E+00   2.480857      5.7879849E-03   245.0051      0.0000000E+00   6.000000    
           4        1980           4          28 corn                                        PLANT   0.1298327      0.0000000E+00  1.6000002E-05  0.0000000E+00   2.479959      5.5554495E-03   245.4590      0.0000000E+00   6.000000    
           5        1980           4          28 corn                                        PLANT   0.1298327      0.0000000E+00  1.6000002E-05  0.0000000E+00   2.481127      5.8027795E-03   251.6029      0.0000000E+00   6.000000    
           6        1980           4          28 corn                                        PLANT   0.1298327      0.0000000E+00  1.6000002E-05  0.0000000E+00   2.481041      5.7410123E-03   258.4707      0.0000000E+00   6.000000    
           7        1980           4          28 corn                                        PLANT   0.1298327      0.0000000E+00  1.6000002E-05  0.0000000E+00   2.478628      5.4197353E-03   197.6785      0.0000000E+00   6.000000    
           8        1980           4          28 corn                                        PLANT   0.1298327      0.0000000E+00  1.6000002E-05  0.0000000E+00   2.495087      5.2778912E-03   216.3159      0.0000000E+00   6.000000    
           9        1980           4          28 corn                                        PLANT   0.1298327      0.0000000E+00  1.6000002E-05  0.0000000E+00   2.482151      5.9433305E-03   248.8504      0.0000000E+00   6.000000    
          10        1980           4          28 corn                                        PLANT   0.1298327      0.0000000E+00  1.6000002E-05  0.0000000E+00   2.482191      5.7062428E-03   243.7321      0.0000000E+00   6.000000    
          11        1980           4          28 corn                                        PLANT   0.1298327      0.0000000E+00  1.6000002E-05  0.0000000E+00   2.503955      6.2077884E-03   278.9590      0.0000000E+00   6.000000    
          12        1980           4          28 corn                                        PLANT   0.1298327      0.0000000E+00  1.6000002E-05  0.0000000E+00   2.496349      6.0329703E-03   248.8689      0.0000000E+00   6.000000    
           1        1980           6           1 null                                        FERT   0.2610447      0.1882735       37.57688       9.188905       1.325737      1.6784654E-03   201.8161       181.4000      0.0000000E+00  0.0000000E+00  0.0000000E+00  0.0000000E+00  0.0000000E+00
           2        1980           6           1 null                                        FERT   0.2610447      0.1882735       37.57008       9.187832       5.181505      1.6459809E-03   234.0481       210.6000      0.0000000E+00  0.0000000E+00  0.0000000E+00  0.0000000E+00  0.0000000E+00
           3        1980           6           1 null                                        FERT   0.2610447      0.1882735       37.57613       9.192651       1.326463      1.6784654E-03   245.9782       181.4000      0.0000000E+00  0.0000000E+00  0.0000000E+00  0.0000000E+00  0.0000000E+00
           4        1980           6           1 null                                        FERT   0.2610447      0.1882735       37.57738       9.188992       1.325976      1.6784654E-03   246.4185       181.4000      0.0000000E+00  0.0000000E+00  0.0000000E+00  0.0000000E+00  0.0000000E+00
           5        1980           6           1 null                                        FERT   0.2610447      0.1882735       37.57620       9.192878       1.326603      1.6784654E-03   252.6302       181.4000      0.0000000E+00  0.0000000E+00  0.0000000E+00  0.0000000E+00  0.0000000E+00
           6        1980           6           1 null                                        FERT   0.2610447      0.1882735       37.57687       9.191900       1.326550      1.6784654E-03   259.5572       181.4000      0.0000000E+00  0.0000000E+00  0.0000000E+00  0.0000000E+00  0.0000000E+00
           7        1980           6           1 null                                        FERT   0.2610447      0.1882735       37.57712       9.186876       1.325279      1.6784654E-03   198.1861       181.4000      0.0000000E+00  0.0000000E+00  0.0000000E+00  0.0000000E+00  0.0000000E+00
           8        1980           6           1 null                                        FERT   0.2610447      0.1882735       37.57847       9.184280       1.333907      1.6472326E-03   216.8889       181.4000      0.0000000E+00  0.0000000E+00  0.0000000E+00  0.0000000E+00  0.0000000E+00
           9        1980           6           1 null                                        FERT   0.2610447      0.1882735       37.57586       9.195080       1.327138      1.6784654E-03   249.8293       181.4000      0.0000000E+00  0.0000000E+00  0.0000000E+00  0.0000000E+00  0.0000000E+00
          10        1980           6           1 null                                        FERT   0.2610447      0.1882735       37.57817       9.191345       1.327126      1.6784654E-03   244.6405       181.4000      0.0000000E+00  0.0000000E+00  0.0000000E+00  0.0000000E+00  0.0000000E+00
          11        1980           6           1 null                                        FERT   0.2610447      0.1882735       37.57120       9.194831       1.338476      1.6454444E-03   279.9964       181.4000      0.0000000E+00  0.0000000E+00  0.0000000E+00  0.0000000E+00  0.0000000E+00
          12        1980           6           1 null                                        FERT   0.2610447      0.1882735       37.57634       9.196373       1.334680      1.6784654E-03   249.8046       181.4000      0.0000000E+00  0.0000000E+00  0.0000000E+00  0.0000000E+00  0.0000000E+00
           1        1980          10           7 corn                                        HARV/KILL   0.8577890      0.0000000E+00  4.3962292E-02   117.2076       49.12317      2.1638905E-03   202.0448       42.27810      0.0000000E+00  0.0000000E+00  0.0000000E+00  0.0000000E+00  0.0000000E+00
           2        1980          10           7 corn                                        HARV/KILL   0.8577890      0.0000000E+00  4.3949597E-02   117.1992       49.46246      2.1189537E-03   234.9460       42.27645      0.0000000E+00  0.0000000E+00  0.0000000E+00  0.0000000E+00  0.0000000E+00
           3        1980          10           7 corn                                        HARV/KILL   0.8577890      0.0000000E+00  4.3961477E-02   117.2316       49.13468      2.2037083E-03   246.0730       42.28513      0.0000000E+00  0.0000000E+00  0.0000000E+00  0.0000000E+00  0.0000000E+00
           4        1980          10           7 corn                                        HARV/KILL   0.8577890      0.0000000E+00  4.3962218E-02   117.2083       49.12352      2.1715621E-03   246.5274       42.27833      0.0000000E+00  0.0000000E+00  0.0000000E+00  0.0000000E+00  0.0000000E+00
           5        1980          10           7 corn                                        HARV/KILL   0.8577890      0.0000000E+00  4.3961458E-02   117.2331       49.13540      2.2121088E-03   252.7133       42.28556      0.0000000E+00  0.0000000E+00  0.0000000E+00  0.0000000E+00  0.0000000E+00
           6        1980          10           7 corn                                        HARV/KILL   0.8577890      0.0000000E+00  4.3961734E-02   117.2269       49.13244      2.1981932E-03   259.6269       42.28379      0.0000000E+00  0.0000000E+00  0.0000000E+00  0.0000000E+00  0.0000000E+00
           7        1980          10           7 corn                                        HARV/KILL   0.8577890      0.0000000E+00  4.3962546E-02   117.1946       49.11634      2.1422612E-03   198.4246       42.27430      0.0000000E+00  0.0000000E+00  0.0000000E+00  0.0000000E+00  0.0000000E+00
           8        1980          10           7 corn                                        HARV/KILL   0.8577890      0.0000000E+00  4.3961283E-02   117.1730       49.10534      2.0833001E-03   217.1533       42.26883      0.0000000E+00  0.0000000E+00  0.0000000E+00  0.0000000E+00  0.0000000E+00
           9        1980          10           7 corn                                        HARV/KILL   0.8577890      0.0000000E+00  4.3960750E-02   117.2472       49.14215      2.2235140E-03   249.9330       42.28972      0.0000000E+00  0.0000000E+00  0.0000000E+00  0.0000000E+00  0.0000000E+00
          10        1980          10           7 corn                                        HARV/KILL   0.8577890      0.0000000E+00  4.3961994E-02   117.2236       49.13079      2.1873582E-03   244.7747       42.28289      0.0000000E+00  0.0000000E+00  0.0000000E+00  0.0000000E+00  0.0000000E+00
          11        1980          10           7 corn                                        HARV/KILL   0.8577890      0.0000000E+00  4.3953072E-02   117.2568       49.14717      2.2558316E-03   280.1862       42.29295      0.0000000E+00  0.0000000E+00  0.0000000E+00  0.0000000E+00  0.0000000E+00
          12        1980          10           7 corn                                        HARV/KILL   0.8577890      0.0000000E+00  4.3960106E-02   117.2564       49.14737      2.2351509E-03   249.9371       42.29246      0.0000000E+00  0.0000000E+00  0.0000000E+00  0.0000000E+00  0.0000000E+00
           1        1980          10           9 null                                        FERT   6.9840560E-03  0.0000000E+00  1.7709723E-03  0.0000000E+00   47.49640      2.1654763E-03   202.0468       142.7000      0.0000000E+00  0.0000000E+00  0.0000000E+00  0.0000000E+00  0.0000000E+00
           2        1980          10           9 null                                        FERT   6.9840560E-03  0.0000000E+00  1.7704647E-03  0.0000000E+00   47.82431      2.1201817E-03   234.9503       142.7000      0.0000000E+00  0.0000000E+00  0.0000000E+00  0.0000000E+00  0.0000000E+00
           3        1980          10           9 null                                        FERT   6.9840560E-03  0.0000000E+00  1.7709396E-03  0.0000000E+00   47.50753      2.2052939E-03   246.0716       142.7000      0.0000000E+00  0.0000000E+00  0.0000000E+00  0.0000000E+00  0.0000000E+00
           4        1980          10           9 null                                        FERT   6.9840560E-03  0.0000000E+00  1.7709697E-03  0.0000000E+00   47.49674      2.1731476E-03   246.5262       142.7000      0.0000000E+00  0.0000000E+00  0.0000000E+00  0.0000000E+00  0.0000000E+00
           5        1980          10           9 null                                        FERT   6.9840560E-03  0.0000000E+00  1.7709386E-03  0.0000000E+00   47.50822      2.2136944E-03   252.7116       142.7000      0.0000000E+00  0.0000000E+00  0.0000000E+00  0.0000000E+00  0.0000000E+00
           6        1980          10           9 null                                        FERT   6.9840560E-03  0.0000000E+00  1.7709499E-03  0.0000000E+00   47.50535      2.1997788E-03   259.6248       142.7000      0.0000000E+00  0.0000000E+00  0.0000000E+00  0.0000000E+00  0.0000000E+00
           7        1980          10           9 null                                        FERT   6.9840560E-03  0.0000000E+00  1.7709825E-03  0.0000000E+00   47.48980      2.1438468E-03   198.4268       142.7000      0.0000000E+00  0.0000000E+00  0.0000000E+00  0.0000000E+00  0.0000000E+00
           8        1980          10           9 null                                        FERT   6.9840560E-03  0.0000000E+00  1.7709325E-03  0.0000000E+00   47.47909      2.0846473E-03   217.1553       142.7000      0.0000000E+00  0.0000000E+00  0.0000000E+00  0.0000000E+00  0.0000000E+00
           9        1980          10           9 null                                        FERT   6.9840560E-03  0.0000000E+00  1.7709109E-03  0.0000000E+00   47.51475      2.2250996E-03   249.9316       142.7000      0.0000000E+00  0.0000000E+00  0.0000000E+00  0.0000000E+00  0.0000000E+00
          10        1980          10           9 null                                        FERT   6.9840560E-03  0.0000000E+00  1.7709607E-03  0.0000000E+00   47.50375      2.1889440E-03   244.7739       142.7000      0.0000000E+00  0.0000000E+00  0.0000000E+00  0.0000000E+00  0.0000000E+00
          11        1980          10           9 null                                        FERT   6.9840560E-03  0.0000000E+00  1.7706034E-03  0.0000000E+00   47.51947      2.2567019E-03   280.1848       142.7000      0.0000000E+00  0.0000000E+00  0.0000000E+00  0.0000000E+00  0.0000000E+00
          12        1980          10           9 null                                        FERT   6.9840560E-03  0.0000000E+00  1.7708852E-03  0.0000000E+00   47.51978      2.2367365E-03   249.9361       142.7000      0.0000000E+00  0.0000000E+00  0.0000000E+00  0.0000000E+00  0.0000000E+00
           1        1980          10          11 chisplow            TILLAGE   1.5261236E-02  0.0000000E+00  8.3971019E-05  0.0000000E+00   22.97541      2.1670274E-03   202.0492      0.6500000    
           3        1980          10          11 chisplow            TILLAGE   1.5261236E-02  0.0000000E+00  8.3969710E-05  0.0000000E+00   22.98079      2.2068452E-03   246.0715      0.6500000    
           4        1980          10          11 chisplow            TILLAGE   1.5261236E-02  0.0000000E+00  8.3970903E-05  0.0000000E+00   22.97557      2.1746990E-03   246.5262      0.6500000    
           5        1980          10          11 chisplow            TILLAGE   1.5261236E-02  0.0000000E+00  8.3969651E-05  0.0000000E+00   22.98113      2.2152457E-03   252.7111      0.6500000    
           6        1980          10          11 chisplow            TILLAGE   1.5261236E-02  0.0000000E+00  8.3970117E-05  0.0000000E+00   22.97974      2.2013301E-03   259.6239      0.6500000    
           7        1980          10          11 chisplow            TILLAGE   1.5261236E-02  0.0000000E+00  8.3971398E-05  0.0000000E+00   22.97222      2.1453984E-03   198.4295      0.6500000    
           8        1980          10          11 chisplow            TILLAGE   1.5261236E-02  0.0000000E+00  8.3969331E-05  0.0000000E+00   22.96701      2.0859602E-03   217.1578      0.6500000    
           9        1980          10          11 chisplow            TILLAGE   1.5261236E-02  0.0000000E+00  8.3968574E-05  0.0000000E+00   22.98428      2.2266509E-03   249.9314      0.6500000    
          10        1980          10          11 chisplow            TILLAGE   1.5261236E-02  0.0000000E+00  8.3970495E-05  0.0000000E+00   22.97895      2.1904954E-03   244.7742      0.6500000    
          11        1980          10          11 chisplow            TILLAGE   1.5261236E-02  0.0000000E+00  8.3956264E-05  0.0000000E+00   22.98652      2.2575380E-03   280.1846      0.6500000    
          12        1980          10          11 chisplow            TILLAGE   1.5261236E-02  0.0000000E+00  8.3967527E-05  0.0000000E+00   22.98671      2.2382878E-03   249.9363      0.6500000    
           1        1981           5           1 fldcult             TILLAGE   0.1505038      0.0000000E+00  1.6878152E-02  0.0000000E+00   1.537735      3.8737743E-03   202.9370      0.5000000    
           3        1981           5           1 fldcult             TILLAGE   0.1505038      0.0000000E+00  1.6878167E-02  0.0000000E+00   1.538134      4.0235948E-03   247.3289      0.5000000    
           4        1981           5           1 fldcult             TILLAGE   0.1505038      0.0000000E+00  1.6878156E-02  0.0000000E+00   1.537807      3.9004304E-03   247.7808      0.5000000    
           5        1981           5           1 fldcult             TILLAGE   0.1505038      0.0000000E+00  1.6878173E-02  0.0000000E+00   1.538182      4.0604286E-03   254.0188      0.5000000    
           6        1981           5           1 fldcult             TILLAGE   0.1505038      0.0000000E+00  1.6878165E-02  0.0000000E+00   1.538116      4.0002614E-03   260.9853      0.5000000    
           7        1981           5           1 fldcult             TILLAGE   0.1505038      0.0000000E+00  1.6878147E-02  0.0000000E+00   1.537484      3.7780402E-03   199.2900      0.5000000    
           8        1981           5           1 fldcult             TILLAGE   0.1505038      0.0000000E+00  1.6878106E-02  0.0000000E+00   1.538034      3.4633975E-03   218.0983      0.5000000    
           9        1981           5           1 fldcult             TILLAGE   0.1505038      0.0000000E+00  1.6878180E-02  0.0000000E+00   1.538468      4.1111503E-03   251.2003      0.5000000    
          10        1981           5           1 fldcult             TILLAGE   0.1505038      0.0000000E+00  1.6878152E-02  0.0000000E+00   1.538244      3.9527379E-03   245.9873      0.5000000    
          11        1981           5           1 fldcult             TILLAGE   0.1505038      0.0000000E+00  1.6878223E-02  0.0000000E+00   1.540319      4.2505777E-03   281.5470      0.5000000    
          12        1981           5           1 fldcult             TILLAGE   0.1505038      0.0000000E+00  1.6878169E-02  0.0000000E+00   1.538880      4.1639120E-03   251.1757      0.5000000    
           2        1981           5           2 null                                        FERT   0.1534525      0.0000000E+00  3.3871073E-03  0.0000000E+00   4.910100      3.5890623E-03   235.6989       40.00000      0.0000000E+00  0.0000000E+00  0.0000000E+00  0.0000000E+00  0.0000000E+00
           1        1981           5           3 corn                                        PLANT   0.1563530      0.0000000E+00  6.8664592E-04  0.0000000E+00   1.504121      3.8758088E-03   202.9662      0.0000000E+00   6.000000    
           1        1981           5           3 null                                        FERT   0.1563530      0.0000000E+00  6.8664592E-04  0.0000000E+00   1.504121      3.8758088E-03   202.9662       26.00000      0.0000000E+00  0.0000000E+00  0.0000000E+00  0.0000000E+00  0.0000000E+00
           2        1981           5           3 corn                                        PLANT   0.1563530      0.0000000E+00  6.8782154E-04  0.0000000E+00   4.829496      3.5896604E-03   235.7028      0.0000000E+00   6.000000    
           3        1981           5           3 corn                                        PLANT   0.1563530      0.0000000E+00  6.8664673E-04  0.0000000E+00   1.504511      4.0256293E-03   247.3795      0.0000000E+00   6.000000    
           3        1981           5           3 null                                        FERT   0.1563530      0.0000000E+00  6.8664673E-04  0.0000000E+00   1.504511      4.0256293E-03   247.3795       26.00000      0.0000000E+00  0.0000000E+00  0.0000000E+00  0.0000000E+00  0.0000000E+00
           4        1981           5           3 corn                                        PLANT   0.1563530      0.0000000E+00  6.8664621E-04  0.0000000E+00   1.504192      3.9024649E-03   247.8309      0.0000000E+00   6.000000    
           4        1981           5           3 null                                        FERT   0.1563530      0.0000000E+00  6.8664621E-04  0.0000000E+00   1.504192      3.9024649E-03   247.8309       26.00000      0.0000000E+00  0.0000000E+00  0.0000000E+00  0.0000000E+00  0.0000000E+00
           5        1981           5           3 corn                                        PLANT   0.1563530      0.0000000E+00  6.8664673E-04  0.0000000E+00   1.504558      4.0624631E-03   254.0722      0.0000000E+00   6.000000    
           5        1981           5           3 null                                        FERT   0.1563530      0.0000000E+00  6.8664673E-04  0.0000000E+00   1.504558      4.0624631E-03   254.0722       26.00000      0.0000000E+00  0.0000000E+00  0.0000000E+00  0.0000000E+00  0.0000000E+00
           6        1981           5           3 corn                                        PLANT   0.1563530      0.0000000E+00  6.8664644E-04  0.0000000E+00   1.504494      4.0022954E-03   261.0416      0.0000000E+00   6.000000    
           6        1981           5           3 null                                        FERT   0.1563530      0.0000000E+00  6.8664644E-04  0.0000000E+00   1.504494      4.0022954E-03   261.0416       26.00000      0.0000000E+00  0.0000000E+00  0.0000000E+00  0.0000000E+00  0.0000000E+00
           7        1981           5           3 corn                                        PLANT   0.1563530      0.0000000E+00  6.8664580E-04  0.0000000E+00   1.503875      3.7800742E-03   199.3177      0.0000000E+00   6.000000    
           7        1981           5           3 null                                        FERT   0.1563530      0.0000000E+00  6.8664580E-04  0.0000000E+00   1.503875      3.7800742E-03   199.3177       26.00000      0.0000000E+00  0.0000000E+00  0.0000000E+00  0.0000000E+00  0.0000000E+00
           8        1981           5           3 corn                                        PLANT   0.1563530      0.0000000E+00  6.8664411E-04  0.0000000E+00   1.504413      3.4651926E-03   218.1289      0.0000000E+00   6.000000    
           8        1981           5           3 null                                        FERT   0.1563530      0.0000000E+00  6.8664411E-04  0.0000000E+00   1.504413      3.4651926E-03   218.1289       26.00000      0.0000000E+00  0.0000000E+00  0.0000000E+00  0.0000000E+00  0.0000000E+00
           9        1981           5           3 corn                                        PLANT   0.1563530      0.0000000E+00  6.8664702E-04  0.0000000E+00   1.504838      4.1131848E-03   251.2513      0.0000000E+00   6.000000    
           9        1981           5           3 null                                        FERT   0.1563530      0.0000000E+00  6.8664702E-04  0.0000000E+00   1.504838      4.1131848E-03   251.2513       26.00000      0.0000000E+00  0.0000000E+00  0.0000000E+00  0.0000000E+00  0.0000000E+00
          10        1981           5           3 corn                                        PLANT   0.1563530      0.0000000E+00  6.8664592E-04  0.0000000E+00   1.504619      3.9547719E-03   246.0348      0.0000000E+00   6.000000    
          10        1981           5           3 null                                        FERT   0.1563530      0.0000000E+00  6.8664592E-04  0.0000000E+00   1.504619      3.9547719E-03   246.0348       26.00000      0.0000000E+00  0.0000000E+00  0.0000000E+00  0.0000000E+00  0.0000000E+00
          11        1981           5           3 corn                                        PLANT   0.1563530      0.0000000E+00  6.8664871E-04  0.0000000E+00   1.506649      4.2518964E-03   281.6000      0.0000000E+00   6.000000    
          11        1981           5           3 null                                        FERT   0.1563530      0.0000000E+00  6.8664871E-04  0.0000000E+00   1.506649      4.2518964E-03   281.6000       26.00000      0.0000000E+00  0.0000000E+00  0.0000000E+00  0.0000000E+00  0.0000000E+00
          12        1981           5           3 corn                                        PLANT   0.1563530      0.0000000E+00  6.8664667E-04  0.0000000E+00   1.505241      4.1659460E-03   251.2244      0.0000000E+00   6.000000    
          12        1981           5           3 null                                        FERT   0.1563530      0.0000000E+00  6.8664667E-04  0.0000000E+00   1.505241      4.1659460E-03   251.2244       26.00000      0.0000000E+00  0.0000000E+00  0.0000000E+00  0.0000000E+00  0.0000000E+00
           1        1981           6           6 null                                        FERT   0.2884781      0.1918285      5.4270201E-03   10.28364      0.9659684      1.6824530E-03   203.2986       182.6000      0.0000000E+00  0.0000000E+00  0.0000000E+00  0.0000000E+00  0.0000000E+00
           2        1981           6           6 null                                        FERT   0.2884781      0.1918285      4.8568235E-03   10.30335       2.558156      1.6489015E-03   235.8843       196.0000      0.0000000E+00  0.0000000E+00  0.0000000E+00  0.0000000E+00  0.0000000E+00
           3        1981           6           6 null                                        FERT   0.2884781      0.1918285      5.4270350E-03   10.28974      0.9662191      1.6824531E-03   247.9387       182.6000      0.0000000E+00  0.0000000E+00  0.0000000E+00  0.0000000E+00  0.0000000E+00
           4        1981           6           6 null                                        FERT   0.2884781      0.1918285      5.4270201E-03   10.28469      0.9660138      1.6824530E-03   248.3846       182.6000      0.0000000E+00  0.0000000E+00  0.0000000E+00  0.0000000E+00  0.0000000E+00
           5        1981           6           6 null                                        FERT   0.2884781      0.1918285      5.4270276E-03   10.29121      0.9662489      1.6824530E-03   254.6605       182.6000      0.0000000E+00  0.0000000E+00  0.0000000E+00  0.0000000E+00  0.0000000E+00
           6        1981           6           6 null                                        FERT   0.2884781      0.1918285      5.4270201E-03   10.28876      0.9662071      1.6824530E-03   261.6612       182.6000      0.0000000E+00  0.0000000E+00  0.0000000E+00  0.0000000E+00  0.0000000E+00
           7        1981           6           6 null                                        FERT   0.2884781      0.1918285      5.4270201E-03   10.27973      0.9658110      1.6824530E-03   199.6332       182.6000      0.0000000E+00  0.0000000E+00  0.0000000E+00  0.0000000E+00  0.0000000E+00
           8        1981           6           6 null                                        FERT   0.2884781      0.1918285      5.4269847E-03   10.26809      0.9661474      1.6495518E-03   218.4779       182.6000      0.0000000E+00  0.0000000E+00  0.0000000E+00  0.0000000E+00  0.0000000E+00
           9        1981           6           6 null                                        FERT   0.2884781      0.1918285      5.4270257E-03   10.29331      0.9664274      1.6824531E-03   251.8147       182.6000      0.0000000E+00  0.0000000E+00  0.0000000E+00  0.0000000E+00  0.0000000E+00
          10        1981           6           6 null                                        FERT   0.2884781      0.1918285      5.4270071E-03   10.28683      0.9662858      1.6824532E-03   246.5610       182.6000      0.0000000E+00  0.0000000E+00  0.0000000E+00  0.0000000E+00  0.0000000E+00
          11        1981           6           6 null                                        FERT   0.2884781      0.1918285      5.4269736E-03   10.29763      0.9675728      1.6495523E-03   282.1935       182.6000      0.0000000E+00  0.0000000E+00  0.0000000E+00  0.0000000E+00  0.0000000E+00
          12        1981           6           6 null                                        FERT   0.2884781      0.1918285      5.4270145E-03   10.29547      0.9666841      1.6824532E-03   251.7652       182.6000      0.0000000E+00  0.0000000E+00  0.0000000E+00  0.0000000E+00  0.0000000E+00
           1        1981          11           9 corn                                        HARV/KILL   0.9448902      0.0000000E+00   18.38360       114.8849       44.08612      3.2290614E-03   203.9694       45.38339      0.0000000E+00  0.0000000E+00  0.0000000E+00  0.0000000E+00  0.0000000E+00
           3        1981          11           9 corn                                        HARV/KILL   0.9448902      0.0000000E+00   18.38315       114.9004       44.09375      3.3466918E-03   248.8894       45.38787      0.0000000E+00  0.0000000E+00  0.0000000E+00  0.0000000E+00  0.0000000E+00
           4        1981          11           9 corn                                        HARV/KILL   0.9448902      0.0000000E+00   18.38358       114.8877       44.08738      3.2521607E-03   249.3347       45.38433      0.0000000E+00  0.0000000E+00  0.0000000E+00  0.0000000E+00  0.0000000E+00
           5        1981          11           9 corn                                        HARV/KILL   0.9448902      0.0000000E+00   18.38304       114.9042       44.09558      3.3708559E-03   255.6501       45.38902      0.0000000E+00  0.0000000E+00  0.0000000E+00  0.0000000E+00  0.0000000E+00
           6        1981          11           9 corn                                        HARV/KILL   0.9448902      0.0000000E+00   18.38327       114.8980       44.09246      3.3307122E-03   262.6922       45.38730      0.0000000E+00  0.0000000E+00  0.0000000E+00  0.0000000E+00  0.0000000E+00
           7        1981          11           9 corn                                        HARV/KILL   0.9448902      0.0000000E+00   18.38376       114.8751       44.08130      3.1545018E-03   200.2830       45.38047      0.0000000E+00  0.0000000E+00  0.0000000E+00  0.0000000E+00  0.0000000E+00
           8        1981          11           9 corn                                        HARV/KILL   0.9448902      0.0000000E+00   18.38378       114.8366       44.06207      2.9590910E-03   219.1935       45.36953      0.0000000E+00  0.0000000E+00  0.0000000E+00  0.0000000E+00  0.0000000E+00
           9        1981          11           9 corn                                        HARV/KILL   0.9448902      0.0000000E+00   18.38276       114.9094       44.09819      3.4033793E-03   252.7768       45.39050      0.0000000E+00  0.0000000E+00  0.0000000E+00  0.0000000E+00  0.0000000E+00
          10        1981          11           9 corn                                        HARV/KILL   0.9448902      0.0000000E+00   18.38338       114.8932       44.08992      3.2989581E-03   247.4819       45.38609      0.0000000E+00  0.0000000E+00  0.0000000E+00  0.0000000E+00  0.0000000E+00
          11        1981          11           9 corn                                        HARV/KILL   0.9448902      0.0000000E+00   18.37968       114.9076       44.09898      3.5249258E-03   283.2480       45.38837      0.0000000E+00  0.0000000E+00  0.0000000E+00  0.0000000E+00  0.0000000E+00
          12        1981          11           9 corn                                        HARV/KILL   0.9448902      0.0000000E+00   18.38240       114.9150       44.10083      3.4361496E-03   252.7078       45.39223      0.0000000E+00  0.0000000E+00  0.0000000E+00  0.0000000E+00  0.0000000E+00
           2        1981          11          10 corn                                        HARV/KILL   0.9454359      0.0000000E+00   17.02977       114.8805       44.17267      3.0771734E-03   236.9012       45.37907      0.0000000E+00  0.0000000E+00  0.0000000E+00  0.0000000E+00  0.0000000E+00
           2        1981          11          11 null                                        FERT   1.0798462E-03  0.0000000E+00   15.74391      0.0000000E+00   43.57881      3.0780383E-03   236.9083       16.80000      0.0000000E+00  0.0000000E+00  0.0000000E+00  0.0000000E+00  0.0000000E+00
           2        1981          11          11 null                                        FERT   1.0798462E-03  0.0000000E+00   15.74391      0.0000000E+00   43.57881      3.0780383E-03   236.9083       34.30000      0.0000000E+00  0.0000000E+00  0.0000000E+00  0.0000000E+00  0.0000000E+00
           1        1981          11          14 null                                        FERT   6.8887975E-03  0.0000000E+00   10.32323      0.0000000E+00   41.18338      3.2345101E-03   203.9889       336.0000      0.0000000E+00  0.0000000E+00  0.0000000E+00  0.0000000E+00  0.0000000E+00
           3        1981          11          14 null                                        FERT   6.8887975E-03  0.0000000E+00   10.32284      0.0000000E+00   41.19066      3.3521380E-03   248.9144       336.0000      0.0000000E+00  0.0000000E+00  0.0000000E+00  0.0000000E+00  0.0000000E+00
           4        1981          11          14 null                                        FERT   6.8887975E-03  0.0000000E+00   10.32321      0.0000000E+00   41.18488      3.2576041E-03   249.3596       336.0000      0.0000000E+00  0.0000000E+00  0.0000000E+00  0.0000000E+00  0.0000000E+00
           5        1981          11          14 null                                        FERT   6.8887975E-03  0.0000000E+00   10.32275      0.0000000E+00   41.19251      3.3763000E-03   255.6758       336.0000      0.0000000E+00  0.0000000E+00  0.0000000E+00  0.0000000E+00  0.0000000E+00
           6        1981          11          14 null                                        FERT   6.8887975E-03  0.0000000E+00   10.32294      0.0000000E+00   41.18978      3.3361530E-03   262.7187       336.0000      0.0000000E+00  0.0000000E+00  0.0000000E+00  0.0000000E+00  0.0000000E+00
           7        1981          11          14 null                                        FERT   6.8887975E-03  0.0000000E+00   10.32337      0.0000000E+00   41.17879      3.1599521E-03   200.3022       336.0000      0.0000000E+00  0.0000000E+00  0.0000000E+00  0.0000000E+00  0.0000000E+00
           8        1981          11          14 null                                        FERT   6.8887975E-03  0.0000000E+00   10.32337      0.0000000E+00   41.16565      2.9638596E-03   219.2128       336.0000      0.0000000E+00  0.0000000E+00  0.0000000E+00  0.0000000E+00  0.0000000E+00
           9        1981          11          14 null                                        FERT   6.8887975E-03  0.0000000E+00   10.32250      0.0000000E+00   41.19529      3.4088173E-03   252.8017       336.0000      0.0000000E+00  0.0000000E+00  0.0000000E+00  0.0000000E+00  0.0000000E+00
          10        1981          11          14 null                                        FERT   6.8887975E-03  0.0000000E+00   10.32304      0.0000000E+00   41.18850      3.3043793E-03   247.5059       336.0000      0.0000000E+00  0.0000000E+00  0.0000000E+00  0.0000000E+00  0.0000000E+00
          11        1981          11          14 null                                        FERT   6.8887975E-03  0.0000000E+00   10.31984      0.0000000E+00   41.20454      3.5293160E-03   283.2711       336.0000      0.0000000E+00  0.0000000E+00  0.0000000E+00  0.0000000E+00  0.0000000E+00
          12        1981          11          14 null                                        FERT   6.8887975E-03  0.0000000E+00   10.32220      0.0000000E+00   41.19914      3.4415624E-03   252.7318       336.0000      0.0000000E+00  0.0000000E+00  0.0000000E+00  0.0000000E+00  0.0000000E+00
           1        1982           4          24 fldcult             TILLAGE   9.9045523E-02  0.0000000E+00   23.72108      0.0000000E+00   5.848009      6.1960742E-03   204.5710      0.5000000    
           3        1982           4          24 fldcult             TILLAGE   9.9045523E-02  0.0000000E+00   23.70924      0.0000000E+00   5.849453      6.5602353E-03   249.7150      0.5000000    
           4        1982           4          24 fldcult             TILLAGE   9.9045523E-02  0.0000000E+00   23.71719      0.0000000E+00   5.849156      6.2680617E-03   250.1589      0.5000000    
           5        1982           4          24 fldcult             TILLAGE   9.9045523E-02  0.0000000E+00   23.70827      0.0000000E+00   5.850064      6.6346484E-03   256.5062      0.5000000    
           6        1982           4          24 fldcult             TILLAGE   9.9045523E-02  0.0000000E+00   23.71073      0.0000000E+00   5.850282      6.5069599E-03   263.5797      0.5000000    
           7        1982           4          24 fldcult             TILLAGE   9.9045523E-02  0.0000000E+00   23.72360      0.0000000E+00   5.847076      5.9999274E-03   200.8680      0.5000000    
           8        1982           4          24 fldcult             TILLAGE   9.9045523E-02  0.0000000E+00   23.72289      0.0000000E+00   5.859270      5.4999408E-03   219.8074      0.5000000    
           9        1982           4          24 fldcult             TILLAGE   9.9045523E-02  0.0000000E+00   23.70601      0.0000000E+00   5.851528      6.7315726E-03   253.6074      0.5000000    
          10        1982           4          24 fldcult             TILLAGE   9.9045523E-02  0.0000000E+00   23.71370      0.0000000E+00   5.853383      6.4059929E-03   248.2733      0.5000000    
          11        1982           4          24 fldcult             TILLAGE   9.9045523E-02  0.0000000E+00   23.67858      0.0000000E+00   5.937809      7.0714038E-03   284.0930      0.5000000    
          12        1982           4          24 fldcult             TILLAGE   9.9045523E-02  0.0000000E+00   23.70416      0.0000000E+00   5.856222      6.8012318E-03   253.5128      0.5000000    
           1        1982           4          25 null                                        FERT   0.1008668      0.0000000E+00   20.15849      0.0000000E+00   5.783740      6.2029380E-03   204.6068       27.00000      0.0000000E+00  0.0000000E+00  0.0000000E+00  0.0000000E+00  0.0000000E+00
           1        1982           4          25 corn                                        PLANT   0.1008668      0.0000000E+00   20.15849      0.0000000E+00   5.783740      6.2029380E-03   204.6068      0.0000000E+00   6.000000    
           2        1982           4          25 null                                        FERT   0.1008668      0.0000000E+00   20.15564      0.0000000E+00   10.28362      5.9171552E-03   237.6440       40.00000      0.0000000E+00  0.0000000E+00  0.0000000E+00  0.0000000E+00  0.0000000E+00
           2        1982           4          25 corn                                        PLANT   0.1008668      0.0000000E+00   20.15564      0.0000000E+00   10.28362      5.9171552E-03   237.6440      0.0000000E+00   6.000000    
           3        1982           4          25 null                                        FERT   0.1008668      0.0000000E+00   20.14667      0.0000000E+00   5.785168      6.5657962E-03   249.7793       27.00000      0.0000000E+00  0.0000000E+00  0.0000000E+00  0.0000000E+00  0.0000000E+00
           3        1982           4          25 corn                                        PLANT   0.1008668      0.0000000E+00   20.14667      0.0000000E+00   5.785168      6.5657962E-03   249.7793      0.0000000E+00   6.000000    
           4        1982           4          25 null                                        FERT   0.1008668      0.0000000E+00   20.15461      0.0000000E+00   5.784874      6.2715607E-03   250.2224       27.00000      0.0000000E+00  0.0000000E+00  0.0000000E+00  0.0000000E+00  0.0000000E+00
           4        1982           4          25 corn                                        PLANT   0.1008668      0.0000000E+00   20.15461      0.0000000E+00   5.784874      6.2715607E-03   250.2224      0.0000000E+00   6.000000    
           5        1982           4          25 null                                        FERT   0.1008668      0.0000000E+00   20.14569      0.0000000E+00   5.785772      6.6379160E-03   256.5740       27.00000      0.0000000E+00  0.0000000E+00  0.0000000E+00  0.0000000E+00  0.0000000E+00
           5        1982           4          25 corn                                        PLANT   0.1008668      0.0000000E+00   20.14569      0.0000000E+00   5.785772      6.6379160E-03   256.5740      0.0000000E+00   6.000000    
           6        1982           4          25 null                                        FERT   0.1008668      0.0000000E+00   20.14815      0.0000000E+00   5.785987      6.5109832E-03   263.6514       27.00000      0.0000000E+00  0.0000000E+00  0.0000000E+00  0.0000000E+00  0.0000000E+00
           6        1982           4          25 corn                                        PLANT   0.1008668      0.0000000E+00   20.14815      0.0000000E+00   5.785987      6.5109832E-03   263.6514      0.0000000E+00   6.000000    
           7        1982           4          25 null                                        FERT   0.1008668      0.0000000E+00   20.16102      0.0000000E+00   5.782817      6.0073854E-03   200.9017       27.00000      0.0000000E+00  0.0000000E+00  0.0000000E+00  0.0000000E+00  0.0000000E+00
           7        1982           4          25 corn                                        PLANT   0.1008668      0.0000000E+00   20.16102      0.0000000E+00   5.782817      6.0073854E-03   200.9017      0.0000000E+00   6.000000    
           8        1982           4          25 null                                        FERT   0.1008668      0.0000000E+00   20.16031      0.0000000E+00   5.794876      5.5168280E-03   219.8448       27.00000      0.0000000E+00  0.0000000E+00  0.0000000E+00  0.0000000E+00  0.0000000E+00
           8        1982           4          25 corn                                        PLANT   0.1008668      0.0000000E+00   20.16031      0.0000000E+00   5.794876      5.5168280E-03   219.8448      0.0000000E+00   6.000000    
           9        1982           4          25 null                                        FERT   0.1008668      0.0000000E+00   20.14343      0.0000000E+00   5.787220      6.7366594E-03   253.6720       27.00000      0.0000000E+00  0.0000000E+00  0.0000000E+00  0.0000000E+00  0.0000000E+00
           9        1982           4          25 corn                                        PLANT   0.1008668      0.0000000E+00   20.14343      0.0000000E+00   5.787220      6.7366594E-03   253.6720      0.0000000E+00   6.000000    
          10        1982           4          25 null                                        FERT   0.1008668      0.0000000E+00   20.15112      0.0000000E+00   5.789054      6.4117983E-03   248.3331       27.00000      0.0000000E+00  0.0000000E+00  0.0000000E+00  0.0000000E+00  0.0000000E+00
          10        1982           4          25 corn                                        PLANT   0.1008668      0.0000000E+00   20.15112      0.0000000E+00   5.789054      6.4117983E-03   248.3331      0.0000000E+00   6.000000    
          11        1982           4          25 null                                        FERT   0.1008668      0.0000000E+00   20.11602      0.0000000E+00   5.872553      7.0755472E-03   284.1597       27.00000      0.0000000E+00  0.0000000E+00  0.0000000E+00  0.0000000E+00  0.0000000E+00
          11        1982           4          25 corn                                        PLANT   0.1008668      0.0000000E+00   20.11602      0.0000000E+00   5.872553      7.0755472E-03   284.1597      0.0000000E+00   6.000000    
          12        1982           4          25 null                                        FERT   0.1008668      0.0000000E+00   20.14158      0.0000000E+00   5.791862      6.8061328E-03   253.5743       27.00000      0.0000000E+00  0.0000000E+00  0.0000000E+00  0.0000000E+00  0.0000000E+00
          12        1982           4          25 corn                                        PLANT   0.1008668      0.0000000E+00   20.14158      0.0000000E+00   5.791862      6.8061328E-03   253.5743      0.0000000E+00   6.000000    
           1        1982           6           4 null                                        FERT   0.2249267      0.1450061       120.9916       8.066027       3.102834      1.8226834E-03   205.5113       180.3000      0.0000000E+00  0.0000000E+00  0.0000000E+00  0.0000000E+00  0.0000000E+00
           2        1982           6           4 null                                        FERT   0.2249267      0.1450061       121.7710       8.065990       5.108906      1.8407573E-03   238.3833       194.9000      0.0000000E+00  0.0000000E+00  0.0000000E+00  0.0000000E+00  0.0000000E+00
           3        1982           6           4 null                                        FERT   0.2249267      0.1450061       121.0530       8.098071       3.103587      1.8229228E-03   251.2711       180.3000      0.0000000E+00  0.0000000E+00  0.0000000E+00  0.0000000E+00  0.0000000E+00
           4        1982           6           4 null                                        FERT   0.2249267      0.1450061       121.1315       8.067719       3.103411      1.8314288E-03   251.6602       180.3000      0.0000000E+00  0.0000000E+00  0.0000000E+00  0.0000000E+00  0.0000000E+00
           5        1982           6           4 null                                        FERT   0.2249267      0.1450061       121.1055       8.101631       3.103899      1.8262665E-03   258.1661       180.3000      0.0000000E+00  0.0000000E+00  0.0000000E+00  0.0000000E+00  0.0000000E+00
           6        1982           6           4 null                                        FERT   0.2249267      0.1450061       121.1923       8.090225       3.103993      1.8317201E-03   265.4852       180.3000      0.0000000E+00  0.0000000E+00  0.0000000E+00  0.0000000E+00  0.0000000E+00
           7        1982           6           4 null                                        FERT   0.2249267      0.1450061       120.9497       8.048848       3.102349      1.8224523E-03   201.8163       180.3000      0.0000000E+00  0.0000000E+00  0.0000000E+00  0.0000000E+00  0.0000000E+00
           8        1982           6           4 null                                        FERT   0.2249267      0.1450061       121.7912       8.016684       3.108381      1.8021816E-03   220.6031       180.3000      0.0000000E+00  0.0000000E+00  0.0000000E+00  0.0000000E+00  0.0000000E+00
           9        1982           6           4 null                                        FERT   0.2249267      0.1450061       121.2508       8.112602       3.104639      1.8320262E-03   255.2936       180.3000      0.0000000E+00  0.0000000E+00  0.0000000E+00  0.0000000E+00  0.0000000E+00
          10        1982           6           4 null                                        FERT   0.2249267      0.1450061       121.5654       8.082800       3.105533      1.8335241E-03   249.7527       180.3000      0.0000000E+00  0.0000000E+00  0.0000000E+00  0.0000000E+00  0.0000000E+00
          11        1982           6           4 null                                        FERT   0.2249267      0.1450061       121.8515       8.151814       3.149738      1.8106366E-03   285.8018       180.3000      0.0000000E+00  0.0000000E+00  0.0000000E+00  0.0000000E+00  0.0000000E+00
          12        1982           6           4 null                                        FERT   0.2249267      0.1450061       121.6660       8.118642       3.106995      1.8395833E-03   255.1841       180.3000      0.0000000E+00  0.0000000E+00  0.0000000E+00  0.0000000E+00  0.0000000E+00
           2        1982          11           8 corn                                        HARV/KILL   0.8840122      0.0000000E+00   5.866699       119.1398       43.36997      3.3801671E-03   240.1608       49.27986      0.0000000E+00  0.0000000E+00  0.0000000E+00  0.0000000E+00  0.0000000E+00
           1        1982          11          10 corn                                        HARV/KILL   0.8857317      0.0000000E+00   14.40091       119.1670       43.26194      3.6808620E-03   206.1244       49.28963      0.0000000E+00  0.0000000E+00  0.0000000E+00  0.0000000E+00  0.0000000E+00
           3        1982          11          10 corn                                        HARV/KILL   0.8857317      0.0000000E+00   14.40078       119.2038       43.27837      3.8146595E-03   251.8749       49.30135      0.0000000E+00  0.0000000E+00  0.0000000E+00  0.0000000E+00  0.0000000E+00
           4        1982          11          10 corn                                        HARV/KILL   0.8857317      0.0000000E+00   14.40089       119.1747       43.26537      3.7067814E-03   252.3354       49.29207      0.0000000E+00  0.0000000E+00  0.0000000E+00  0.0000000E+00  0.0000000E+00
           5        1982          11          10 corn                                        HARV/KILL   0.8857317      0.0000000E+00   14.40073       119.2113       43.28173      3.8463729E-03   258.7550       49.30375      0.0000000E+00  0.0000000E+00  0.0000000E+00  0.0000000E+00  0.0000000E+00
           6        1982          11          10 corn                                        HARV/KILL   0.8857317      0.0000000E+00   14.40080       119.1991       43.27627      3.7961840E-03   265.9247       49.29982      0.0000000E+00  0.0000000E+00  0.0000000E+00  0.0000000E+00  0.0000000E+00
           7        1982          11          10 corn                                        HARV/KILL   0.8857317      0.0000000E+00   14.40096       119.1472       43.25193      3.5973093E-03   202.3907       49.28331      0.0000000E+00  0.0000000E+00  0.0000000E+00  0.0000000E+00  0.0000000E+00
           8        1982          11          10 corn                                        HARV/KILL   0.8857317      0.0000000E+00   14.40105       119.0935       43.22745      3.3650862E-03   221.4231       49.26674      0.0000000E+00  0.0000000E+00  0.0000000E+00  0.0000000E+00  0.0000000E+00
           9        1982          11          10 corn                                        HARV/KILL   0.8857317      0.0000000E+00   14.40065       119.2221       43.28663      3.8944494E-03   255.8182       49.30708      0.0000000E+00  0.0000000E+00  0.0000000E+00  0.0000000E+00  0.0000000E+00
          10        1982          11          10 corn                                        HARV/KILL   0.8857317      0.0000000E+00   14.40085       119.1899       43.27231      3.7598568E-03   250.3799       49.29674      0.0000000E+00  0.0000000E+00  0.0000000E+00  0.0000000E+00  0.0000000E+00
          11        1982          11          10 corn                                        HARV/KILL   0.8857317      0.0000000E+00   14.39967       119.2473       43.30015      4.1136476E-03   286.5480       49.31420      0.0000000E+00  0.0000000E+00  0.0000000E+00  0.0000000E+00  0.0000000E+00
          12        1982          11          10 corn                                        HARV/KILL   0.8857317      0.0000000E+00   14.40054       119.2305       43.29058      3.9441870E-03   255.6908       49.30961      0.0000000E+00  0.0000000E+00  0.0000000E+00  0.0000000E+00  0.0000000E+00
           1        1982          11          12 null                                        FERT   9.9474692E-04  0.0000000E+00   23.20670      0.0000000E+00   42.10827      3.9399276E-03   206.1196       152.7000      0.0000000E+00  0.0000000E+00  0.0000000E+00  0.0000000E+00  0.0000000E+00
           3        1982          11          12 null                                        FERT   9.9474692E-04  0.0000000E+00   23.20634      0.0000000E+00   42.12431      4.1036606E-03   251.8671       152.7000      0.0000000E+00  0.0000000E+00  0.0000000E+00  0.0000000E+00  0.0000000E+00
           4        1982          11          12 null                                        FERT   9.9474692E-04  0.0000000E+00   23.20668      0.0000000E+00   42.11171      3.9718673E-03   252.3264       152.7000      0.0000000E+00  0.0000000E+00  0.0000000E+00  0.0000000E+00  0.0000000E+00
           5        1982          11          12 null                                        FERT   9.9474692E-04  0.0000000E+00   23.20625      0.0000000E+00   42.12762      4.1411445E-03   258.7482       152.7000      0.0000000E+00  0.0000000E+00  0.0000000E+00  0.0000000E+00  0.0000000E+00
           6        1982          11          12 null                                        FERT   9.9474692E-04  0.0000000E+00   23.20643      0.0000000E+00   42.12236      4.0812390E-03   265.9183       152.7000      0.0000000E+00  0.0000000E+00  0.0000000E+00  0.0000000E+00  0.0000000E+00
           7        1982          11          12 null                                        FERT   9.9474692E-04  0.0000000E+00   23.20683      0.0000000E+00   42.09851      3.8364637E-03   202.3857       152.7000      0.0000000E+00  0.0000000E+00  0.0000000E+00  0.0000000E+00  0.0000000E+00
           8        1982          11          12 null                                        FERT   9.9474692E-04  0.0000000E+00   23.20685      0.0000000E+00   42.07618      3.5539742E-03   221.4164       152.7000      0.0000000E+00  0.0000000E+00  0.0000000E+00  0.0000000E+00  0.0000000E+00
           9        1982          11          12 null                                        FERT   9.9474692E-04  0.0000000E+00   23.20602      0.0000000E+00   42.13250      4.1967989E-03   255.8106       152.7000      0.0000000E+00  0.0000000E+00  0.0000000E+00  0.0000000E+00  0.0000000E+00
          10        1982          11          12 null                                        FERT   9.9474692E-04  0.0000000E+00   23.20652      0.0000000E+00   42.11885      4.0369481E-03   250.3703       152.7000      0.0000000E+00  0.0000000E+00  0.0000000E+00  0.0000000E+00  0.0000000E+00
          11        1982          11          12 null                                        FERT   9.9474692E-04  0.0000000E+00   23.20354      0.0000000E+00   42.14843      4.4416799E-03   286.5361       152.7000      0.0000000E+00  0.0000000E+00  0.0000000E+00  0.0000000E+00  0.0000000E+00
          12        1982          11          12 null                                        FERT   9.9474692E-04  0.0000000E+00   23.20573      0.0000000E+00   42.13676      4.2539919E-03   255.6820       152.7000      0.0000000E+00  0.0000000E+00  0.0000000E+00  0.0000000E+00  0.0000000E+00
           1        1982          11          16 chisplow            TILLAGE   6.1407443E-03  0.0000000E+00   42.84510      0.0000000E+00   20.02846      4.2796815E-03   206.1380      0.6500000    
           3        1982          11          16 chisplow            TILLAGE   6.1407443E-03  0.0000000E+00   42.84407      0.0000000E+00   20.03614      4.4570952E-03   251.8999      0.6500000    
           4        1982          11          16 chisplow            TILLAGE   6.1407443E-03  0.0000000E+00   42.84517      0.0000000E+00   20.03023      4.2798934E-03   252.3569      0.6500000    
           5        1982          11          16 chisplow            TILLAGE   6.1407443E-03  0.0000000E+00   42.84397      0.0000000E+00   20.03777      4.4780178E-03   258.7848      0.6500000    
           6        1982          11          16 chisplow            TILLAGE   6.1407443E-03  0.0000000E+00   42.84439      0.0000000E+00   20.03536      4.4157859E-03   265.9583      0.6500000    
           7        1982          11          16 chisplow            TILLAGE   6.1407443E-03  0.0000000E+00   42.84551      0.0000000E+00   20.02378      4.1675782E-03   202.4026      0.6500000    
           8        1982          11          16 chisplow            TILLAGE   6.1407443E-03  0.0000000E+00   42.84402      0.0000000E+00   20.01513      3.9462657E-03   221.4318      0.6500000    
           9        1982          11          16 chisplow            TILLAGE   6.1407443E-03  0.0000000E+00   42.84307      0.0000000E+00   20.04024      4.5577972E-03   255.8438      0.6500000    
          10        1982          11          16 chisplow            TILLAGE   6.1407443E-03  0.0000000E+00   42.84454      0.0000000E+00   20.03413      4.3818876E-03   250.3969      0.6500000    
          11        1982          11          16 chisplow            TILLAGE   6.1407443E-03  0.0000000E+00   42.83591      0.0000000E+00   20.05124      4.8195347E-03   286.5605      0.6500000    
          12        1982          11          16 chisplow            TILLAGE   6.1407443E-03  0.0000000E+00   42.84219      0.0000000E+00   20.04285      4.6198224E-03   255.7108      0.6500000    
           1        1983           4          16 fldcult             TILLAGE   0.1076828      0.0000000E+00   163.7413      0.0000000E+00   3.652674      8.6049382E-03   207.3725      0.5000000    
           2        1983           4          16 fldcult             TILLAGE   0.1076828      0.0000000E+00   167.5679      0.0000000E+00   7.067452      9.2380522E-03   241.7347      0.5000000    
           3        1983           4          16 fldcult             TILLAGE   0.1076828      0.0000000E+00   164.0042      0.0000000E+00   3.654282      8.9374548E-03   253.8147      0.5000000    
           4        1983           4          16 fldcult             TILLAGE   0.1076828      0.0000000E+00   164.3111      0.0000000E+00   3.653367      8.5521834E-03   254.2786      0.5000000    
           5        1983           4          16 fldcult             TILLAGE   0.1076828      0.0000000E+00   164.2202      0.0000000E+00   3.654727      8.9537771E-03   260.7748      0.5000000    
           6        1983           4          16 fldcult             TILLAGE   0.1076828      0.0000000E+00   164.5766      0.0000000E+00   3.654501      8.8701751E-03   268.0165      0.5000000    
           7        1983           4          16 fldcult             TILLAGE   0.1076828      0.0000000E+00   163.5703      0.0000000E+00   3.651700      8.3934898E-03   203.5958      0.5000000    
           8        1983           4          16 fldcult             TILLAGE   0.1076828      0.0000000E+00   167.4284      0.0000000E+00   3.654601      8.4379213E-03   222.6668      0.5000000    
           9        1983           4          16 fldcult             TILLAGE   0.1076828      0.0000000E+00   164.8441      0.0000000E+00   3.655603      9.2115905E-03   257.7521      0.5000000    
          10        1983           4          16 fldcult             TILLAGE   0.1076828      0.0000000E+00   166.2445      0.0000000E+00   3.655472      8.8183433E-03   252.1317      0.5000000    
          11        1983           4          16 fldcult             TILLAGE   0.1076828      0.0000000E+00   168.0368      0.0000000E+00   3.739523      9.8192506E-03   288.4348      0.5000000    
          12        1983           4          16 fldcult             TILLAGE   0.1076828      0.0000000E+00   166.7985      0.0000000E+00   3.657558      9.3492875E-03   257.4988      0.5000000    
           1        1983           4          30 fldcult             TILLAGE   0.1358255      0.0000000E+00   116.8422      0.0000000E+00   1.760514      8.7885661E-03   207.6426      0.5000000    
           2        1983           4          30 fldcult             TILLAGE   0.1358255      0.0000000E+00   120.6769      0.0000000E+00   3.406387      9.4107958E-03   242.1833      0.5000000    
           3        1983           4          30 fldcult             TILLAGE   0.1358255      0.0000000E+00   117.1050      0.0000000E+00   1.761289      9.1343280E-03   254.2749      0.5000000    
           4        1983           4          30 fldcult             TILLAGE   0.1358255      0.0000000E+00   117.4120      0.0000000E+00   1.760849      8.7338304E-03   254.7430      0.5000000    
           5        1983           4          30 fldcult             TILLAGE   0.1358255      0.0000000E+00   117.3210      0.0000000E+00   1.761504      9.1509651E-03   261.2464      0.5000000    
           6        1983           4          30 fldcult             TILLAGE   0.1358255      0.0000000E+00   117.6774      0.0000000E+00   1.761397      9.0628974E-03   268.5059      0.5000000    
           7        1983           4          30 fldcult             TILLAGE   0.1358255      0.0000000E+00   116.6712      0.0000000E+00   1.760043      8.5699810E-03   203.8569      0.5000000    
           8        1983           4          30 fldcult             TILLAGE   0.1358255      0.0000000E+00   120.5292      0.0000000E+00   1.761458      8.6002322E-03   222.9631      0.5000000    
           9        1983           4          30 fldcult             TILLAGE   0.1358255      0.0000000E+00   117.9449      0.0000000E+00   1.761929      9.4158025E-03   258.2198      0.5000000    
          10        1983           4          30 fldcult             TILLAGE   0.1358255      0.0000000E+00   119.3454      0.0000000E+00   1.761869      9.0101389E-03   252.6254      0.5000000    
          11        1983           4          30 fldcult             TILLAGE   0.1358255      0.0000000E+00   121.1377      0.0000000E+00   1.802394      1.0042809E-02   289.0060      0.5000000    
          12        1983           4          30 fldcult             TILLAGE   0.1358255      0.0000000E+00   119.8993      0.0000000E+00   1.762877      9.5588146E-03   257.9885      0.5000000    
           2        1983           5           5 null                                        FERT   0.1538613      0.0000000E+00   116.5675      0.0000000E+00   3.213022      9.6721668E-03   242.4151       18.29000      0.0000000E+00  0.0000000E+00  0.0000000E+00  0.0000000E+00  0.0000000E+00
           2        1983           5           5 null                                        FERT   0.1538613      0.0000000E+00   116.5675      0.0000000E+00   3.213022      9.6721668E-03   242.4151       5.350000      0.0000000E+00  0.0000000E+00  0.0000000E+00  0.0000000E+00  0.0000000E+00
           2        1983           5           5 null                                        FERT   0.1538613      0.0000000E+00   116.5675      0.0000000E+00   3.213022      9.6721668E-03   242.4151       6.740000      0.0000000E+00  0.0000000E+00  0.0000000E+00  0.0000000E+00  0.0000000E+00
           1        1983           5           6 corn                                        PLANT   0.1579939      0.0000000E+00   108.0958      0.0000000E+00   1.638947      9.0755858E-03   207.8493      0.0000000E+00   6.000000    
           2        1983           5           6 corn                                        PLANT   0.1579939      0.0000000E+00   111.9330      0.0000000E+00   3.171157      9.6800691E-03   242.4641      0.0000000E+00   6.000000    
           3        1983           5           6 corn                                        PLANT   0.1579939      0.0000000E+00   108.3584      0.0000000E+00   1.639669      9.4505716E-03   254.6770      0.0000000E+00   6.000000    
           4        1983           5           6 corn                                        PLANT   0.1579939      0.0000000E+00   108.6655      0.0000000E+00   1.639259      9.0211416E-03   255.1439      0.0000000E+00   6.000000    
           5        1983           5           6 corn                                        PLANT   0.1579939      0.0000000E+00   108.5743      0.0000000E+00   1.639869      9.4704106E-03   261.6647      0.0000000E+00   6.000000    
           6        1983           5           6 corn                                        PLANT   0.1579939      0.0000000E+00   108.9308      0.0000000E+00   1.639769      9.3724336E-03   268.9436      0.0000000E+00   6.000000    
           7        1983           5           6 corn                                        PLANT   0.1579939      0.0000000E+00   107.9248      0.0000000E+00   1.638510      8.8418163E-03   204.0547      0.0000000E+00   6.000000    
           8        1983           5           6 corn                                        PLANT   0.1579939      0.0000000E+00   111.7830      0.0000000E+00   1.639821      8.8581089E-03   223.1860      0.0000000E+00   6.000000    
           9        1983           5           6 corn                                        PLANT   0.1579939      0.0000000E+00   109.1981      0.0000000E+00   1.640264      9.7465543E-03   258.6265      0.0000000E+00   6.000000    
          10        1983           5           6 corn                                        PLANT   0.1579939      0.0000000E+00   110.5989      0.0000000E+00   1.640207      9.3143592E-03   253.0243      0.0000000E+00   6.000000    
          11        1983           5           6 corn                                        PLANT   0.1579939      0.0000000E+00   112.3894      0.0000000E+00   1.677927      1.0402814E-02   289.4599      0.0000000E+00   6.000000    
          12        1983           5           6 corn                                        PLANT   0.1579939      0.0000000E+00   111.1523      0.0000000E+00   1.641144      9.8977387E-03   258.3929      0.0000000E+00   6.000000    
           1        1983           6          17 null                                        FERT   0.3284336      0.2595061       86.06784       22.61860      0.7443577      1.6493783E-03   208.2088       119.5000      0.0000000E+00  0.0000000E+00  0.0000000E+00  0.0000000E+00  0.0000000E+00
           2        1983           6          17 null                                        FERT   0.3284336      0.2595061       90.45778       22.98565       1.439387      1.6298280E-03   243.0348       168.0000      0.0000000E+00  0.0000000E+00  0.0000000E+00  0.0000000E+00  0.0000000E+00
           3        1983           6          17 null                                        FERT   0.3284336      0.2595061       86.37514       22.65575      0.7446717      1.6493783E-03   255.1778       119.5000      0.0000000E+00  0.0000000E+00  0.0000000E+00  0.0000000E+00  0.0000000E+00
           4        1983           6          17 null                                        FERT   0.3284336      0.2595061       86.73592       22.65119      0.7444696      1.6493783E-03   255.6466       119.5000      0.0000000E+00  0.0000000E+00  0.0000000E+00  0.0000000E+00  0.0000000E+00
           5        1983           6          17 null                                        FERT   0.3284336      0.2595061       86.62826       22.67235      0.7447510      1.6493783E-03   262.1877       119.5000      0.0000000E+00  0.0000000E+00  0.0000000E+00  0.0000000E+00  0.0000000E+00
           6        1983           6          17 null                                        FERT   0.3284336      0.2595061       87.04694       22.69141      0.7446870      1.6493783E-03   269.4959       119.5000      0.0000000E+00  0.0000000E+00  0.0000000E+00  0.0000000E+00  0.0000000E+00
           7        1983           6          17 null                                        FERT   0.3284336      0.2595061       85.86784       22.59514      0.7441686      1.6493783E-03   204.4037       119.5000      0.0000000E+00  0.0000000E+00  0.0000000E+00  0.0000000E+00  0.0000000E+00
           8        1983           6          17 null                                        FERT   0.3284336      0.2595061       90.23009       22.73084      0.7444379      1.6319738E-03   223.5997       119.5000      0.0000000E+00  0.0000000E+00  0.0000000E+00  0.0000000E+00  0.0000000E+00
           9        1983           6          17 null                                        FERT   0.3284336      0.2595061       87.36031       22.73518      0.7448967      1.6493783E-03   259.1426       119.5000      0.0000000E+00  0.0000000E+00  0.0000000E+00  0.0000000E+00  0.0000000E+00
          10        1983           6          17 null                                        FERT   0.3284336      0.2595061       88.91380       22.72718      0.7447922      1.6493783E-03   253.5578       119.5000      0.0000000E+00  0.0000000E+00  0.0000000E+00  0.0000000E+00  0.0000000E+00
          11        1983           6          17 null                                        FERT   0.3284336      0.2595061       90.91005       22.99790      0.7615694      1.6291128E-03   290.1063       119.5000      0.0000000E+00  0.0000000E+00  0.0000000E+00  0.0000000E+00  0.0000000E+00
          12        1983           6          17 null                                        FERT   0.3284336      0.2595061       89.52656       22.82264      0.7451842      1.6493783E-03   258.9312       119.5000      0.0000000E+00  0.0000000E+00  0.0000000E+00  0.0000000E+00  0.0000000E+00
           1        1983          11           4 corn                                        HARV/KILL   0.9208343      0.0000000E+00   81.16040       114.2636       41.81234      5.2502034E-03   208.7446       47.01568      0.0000000E+00  0.0000000E+00  0.0000000E+00  0.0000000E+00  0.0000000E+00
           2        1983          11           4 corn                                        HARV/KILL   0.9208343      0.0000000E+00   81.24535       114.3712       41.92680      5.4796408E-03   243.5285       47.02940      0.0000000E+00  0.0000000E+00  0.0000000E+00  0.0000000E+00  0.0000000E+00
           3        1983          11           4 corn                                        HARV/KILL   0.9208343      0.0000000E+00   81.16757       114.3039       41.83119      5.4994966E-03   255.7033       47.02837      0.0000000E+00  0.0000000E+00  0.0000000E+00  0.0000000E+00  0.0000000E+00
           4        1983          11           4 corn                                        HARV/KILL   0.9208343      0.0000000E+00   81.18958       114.2642       41.81517      5.2366131E-03   256.1753       47.01346      0.0000000E+00  0.0000000E+00  0.0000000E+00  0.0000000E+00  0.0000000E+00
           5        1983          11           4 corn                                        HARV/KILL   0.9208343      0.0000000E+00   81.17778       114.3085       41.83431      5.5057164E-03   262.9311       47.02887      0.0000000E+00  0.0000000E+00  0.0000000E+00  0.0000000E+00  0.0000000E+00
           6        1983          11           4 corn                                        HARV/KILL   0.9208343      0.0000000E+00   81.19798       114.3027       41.83351      5.4291794E-03   270.4360       47.02530      0.0000000E+00  0.0000000E+00  0.0000000E+00  0.0000000E+00  0.0000000E+00
           7        1983          11           4 corn                                        HARV/KILL   0.9208343      0.0000000E+00   81.15384       114.2384       41.80053      5.1107137E-03   204.9222       47.00775      0.0000000E+00  0.0000000E+00  0.0000000E+00  0.0000000E+00  0.0000000E+00
           8        1983          11           4 corn                                        HARV/KILL   0.9208343      0.0000000E+00   81.32041       114.2587       41.81942      5.0159842E-03   224.1725       47.00486      0.0000000E+00  0.0000000E+00  0.0000000E+00  0.0000000E+00  0.0000000E+00
           9        1983          11           4 corn                                        HARV/KILL   0.9208343      0.0000000E+00   81.20277       114.3439       41.85313      5.6501105E-03   259.6764       47.03787      0.0000000E+00  0.0000000E+00  0.0000000E+00  0.0000000E+00  0.0000000E+00
          10        1983          11           4 corn                                        HARV/KILL   0.9208343      0.0000000E+00   81.27610       114.3045       41.83754      5.3962129E-03   254.0809       47.02279      0.0000000E+00  0.0000000E+00  0.0000000E+00  0.0000000E+00  0.0000000E+00
          11        1983          11           4 corn                                        HARV/KILL   0.9208343      0.0000000E+00   81.28280       114.4345       41.91168      6.0287416E-03   290.7083       47.05189      0.0000000E+00  0.0000000E+00  0.0000000E+00  0.0000000E+00  0.0000000E+00
          12        1983          11           4 corn                                        HARV/KILL   0.9208343      0.0000000E+00   81.28336       114.3722       41.87161      5.7517914E-03   259.4618       47.04181      0.0000000E+00  0.0000000E+00  0.0000000E+00  0.0000000E+00  0.0000000E+00
           1        1983          11          21 null                                        FERT   1.7949268E-02  0.0000000E+00   122.1601      0.0000000E+00   33.71978      6.1300090E-03   208.7552       167.9600      0.0000000E+00  0.0000000E+00  0.0000000E+00  0.0000000E+00  0.0000000E+00
           2        1983          11          21 null                                        FERT   1.7949268E-02  0.0000000E+00   122.2100      0.0000000E+00   33.82660      6.5448429E-03   243.4674       167.9600      0.0000000E+00  0.0000000E+00  0.0000000E+00  0.0000000E+00  0.0000000E+00
           3        1983          11          21 null                                        FERT   1.7949268E-02  0.0000000E+00   122.1661      0.0000000E+00   33.73534      6.4332676E-03   255.6861       167.9600      0.0000000E+00  0.0000000E+00  0.0000000E+00  0.0000000E+00  0.0000000E+00
           4        1983          11          21 null                                        FERT   1.7949268E-02  0.0000000E+00   122.1889      0.0000000E+00   33.72285      6.1178398E-03   256.1583       167.9600      0.0000000E+00  0.0000000E+00  0.0000000E+00  0.0000000E+00  0.0000000E+00
           5        1983          11          21 null                                        FERT   1.7949268E-02  0.0000000E+00   122.1760      0.0000000E+00   33.73814      6.4355051E-03   262.9509       167.9600      0.0000000E+00  0.0000000E+00  0.0000000E+00  0.0000000E+00  0.0000000E+00
           6        1983          11          21 null                                        FERT   1.7949268E-02  0.0000000E+00   122.1963      0.0000000E+00   33.73800      6.3520265E-03   270.3949       167.9600      0.0000000E+00  0.0000000E+00  0.0000000E+00  0.0000000E+00  0.0000000E+00
           7        1983          11          21 null                                        FERT   1.7949268E-02  0.0000000E+00   122.1540      0.0000000E+00   33.71004      5.9575192E-03   204.9331       167.9600      0.0000000E+00  0.0000000E+00  0.0000000E+00  0.0000000E+00  0.0000000E+00
           8        1983          11          21 null                                        FERT   1.7949268E-02  0.0000000E+00   122.3185      0.0000000E+00   33.73519      5.9117214E-03   224.1667       167.9600      0.0000000E+00  0.0000000E+00  0.0000000E+00  0.0000000E+00  0.0000000E+00
           9        1983          11          21 null                                        FERT   1.7949268E-02  0.0000000E+00   122.1997      0.0000000E+00   33.75420      6.6212737E-03   259.6588       167.9600      0.0000000E+00  0.0000000E+00  0.0000000E+00  0.0000000E+00  0.0000000E+00
          10        1983          11          21 null                                        FERT   1.7949268E-02  0.0000000E+00   122.2747      0.0000000E+00   33.74379      6.3153445E-03   254.0569       167.9600      0.0000000E+00  0.0000000E+00  0.0000000E+00  0.0000000E+00  0.0000000E+00
          11        1983          11          21 null                                        FERT   1.7949268E-02  0.0000000E+00   122.2682      0.0000000E+00   33.81584      7.1210922E-03   290.6579       167.9600      0.0000000E+00  0.0000000E+00  0.0000000E+00  0.0000000E+00  0.0000000E+00
          12        1983          11          21 null                                        FERT   1.7949268E-02  0.0000000E+00   122.2788      0.0000000E+00   33.77222      6.7548580E-03   259.4369       167.9600      0.0000000E+00  0.0000000E+00  0.0000000E+00  0.0000000E+00  0.0000000E+00
           1        1984           3          31 fldcult             TILLAGE   6.3017927E-02  0.0000000E+00   106.6445      0.0000000E+00   7.429260      8.5985158E-03   209.0621      0.5000000    
           3        1984           3          31 fldcult             TILLAGE   6.3017927E-02  0.0000000E+00   106.7827      0.0000000E+00   7.432931      9.0300087E-03   256.1185      0.5000000    
           4        1984           3          31 fldcult             TILLAGE   6.3017927E-02  0.0000000E+00   106.9572      0.0000000E+00   7.430450      8.5904850E-03   256.5905      0.5000000    
           5        1984           3          31 fldcult             TILLAGE   6.3017927E-02  0.0000000E+00   106.9003      0.0000000E+00   7.433734      9.0526119E-03   263.1836      0.5000000    
           6        1984           3          31 fldcult             TILLAGE   6.3017927E-02  0.0000000E+00   107.0981      0.0000000E+00   7.434022      8.9192092E-03   270.5468      0.5000000    
           7        1984           3          31 fldcult             TILLAGE   6.3017927E-02  0.0000000E+00   106.5526      0.0000000E+00   7.426962      8.3494913E-03   205.2193      0.5000000    
           8        1984           3          31 fldcult             TILLAGE   6.3017927E-02  0.0000000E+00   108.6666      0.0000000E+00   7.438213      8.1461025E-03   224.4497      0.5000000    
           9        1984           3          31 fldcult             TILLAGE   6.3017927E-02  0.0000000E+00   107.2363      0.0000000E+00   7.437831      9.3143228E-03   260.0940      0.5000000    
          10        1984           3          31 fldcult             TILLAGE   6.3017927E-02  0.0000000E+00   108.0097      0.0000000E+00   7.436884      8.8624367E-03   254.3806      0.5000000    
          11        1984           3          31 fldcult             TILLAGE   6.3017927E-02  0.0000000E+00   109.0881      0.0000000E+00   7.458502      1.0053413E-02   291.0027      0.5000000    
          12        1984           3          31 fldcult             TILLAGE   6.3017927E-02  0.0000000E+00   108.2919      0.0000000E+00   7.443727      9.5089162E-03   259.8004      0.5000000    
           1        1984           4          16 null                                        FERT   9.0068072E-02  0.0000000E+00   128.5471      0.0000000E+00   6.036935      9.5497901E-03   209.3540       38.30000      0.0000000E+00  0.0000000E+00  0.0000000E+00  0.0000000E+00  0.0000000E+00
           2        1984           4          16 null                                        FERT   9.0068072E-02  0.0000000E+00   130.8330      0.0000000E+00   10.36747      9.9642249E-03   243.9373       57.10000      0.0000000E+00  0.0000000E+00  0.0000000E+00  0.0000000E+00  0.0000000E+00
           3        1984           4          16 null                                        FERT   9.0068072E-02  0.0000000E+00   128.6784      0.0000000E+00   6.039937      1.0061389E-02   256.5255       38.30000      0.0000000E+00  0.0000000E+00  0.0000000E+00  0.0000000E+00  0.0000000E+00
           4        1984           4          16 null                                        FERT   9.0068072E-02  0.0000000E+00   128.8492      0.0000000E+00   6.037943      9.5529621E-03   257.0023       38.30000      0.0000000E+00  0.0000000E+00  0.0000000E+00  0.0000000E+00  0.0000000E+00
           5        1984           4          16 null                                        FERT   9.0068072E-02  0.0000000E+00   128.7917      0.0000000E+00   6.040605      1.0102072E-02   263.6082       38.30000      0.0000000E+00  0.0000000E+00  0.0000000E+00  0.0000000E+00  0.0000000E+00
           6        1984           4          16 null                                        FERT   9.0068072E-02  0.0000000E+00   128.9832      0.0000000E+00   6.040867      9.9382140E-03   270.9917       38.30000      0.0000000E+00  0.0000000E+00  0.0000000E+00  0.0000000E+00  0.0000000E+00
           7        1984           4          16 null                                        FERT   9.0068072E-02  0.0000000E+00   128.4583      0.0000000E+00   6.035053      9.2641814E-03   205.4949       38.30000      0.0000000E+00  0.0000000E+00  0.0000000E+00  0.0000000E+00  0.0000000E+00
           8        1984           4          16 null                                        FERT   9.0068072E-02  0.0000000E+00   130.4793      0.0000000E+00   6.044689      8.9390622E-03   224.7599       38.30000      0.0000000E+00  0.0000000E+00  0.0000000E+00  0.0000000E+00  0.0000000E+00
           9        1984           4          16 null                                        FERT   9.0068072E-02  0.0000000E+00   129.1140      0.0000000E+00   6.043984      1.0397405E-02   260.5068       38.30000      0.0000000E+00  0.0000000E+00  0.0000000E+00  0.0000000E+00  0.0000000E+00
          10        1984           4          16 null                                        FERT   9.0068072E-02  0.0000000E+00   129.8581      0.0000000E+00   6.043329      9.8566776E-03   254.8084       38.30000      0.0000000E+00  0.0000000E+00  0.0000000E+00  0.0000000E+00  0.0000000E+00
          11        1984           4          16 null                                        FERT   9.0068072E-02  0.0000000E+00   130.8627      0.0000000E+00   6.061429      1.1295950E-02   291.4952       38.30000      0.0000000E+00  0.0000000E+00  0.0000000E+00  0.0000000E+00  0.0000000E+00
          12        1984           4          16 null                                        FERT   9.0068072E-02  0.0000000E+00   130.1213      0.0000000E+00   6.048939      1.0631401E-02   260.2249       38.30000      0.0000000E+00  0.0000000E+00  0.0000000E+00  0.0000000E+00  0.0000000E+00
           1        1984           5           5 corn                                        PLANT   0.1423913      0.0000000E+00   169.1872      0.0000000E+00   4.400907      1.0836335E-02   209.7160      0.0000000E+00   6.000000    
           2        1984           5           5 corn                                        PLANT   0.1423913      0.0000000E+00   175.5899      0.0000000E+00   7.557933      1.1344934E-02   244.3284      0.0000000E+00   6.000000    
           3        1984           5           5 corn                                        PLANT   0.1423913      0.0000000E+00   169.5223      0.0000000E+00   4.403093      1.1396692E-02   257.0115      0.0000000E+00   6.000000    
           4        1984           5           5 corn                                        PLANT   0.1423913      0.0000000E+00   169.9308      0.0000000E+00   4.401639      1.0839796E-02   257.4911      0.0000000E+00   6.000000    
           5        1984           5           5 corn                                        PLANT   0.1423913      0.0000000E+00   169.8038      0.0000000E+00   4.403578      1.1424998E-02   264.0976      0.0000000E+00   6.000000    
           6        1984           5           5 corn                                        PLANT   0.1423913      0.0000000E+00   170.2762      0.0000000E+00   4.403770      1.1253786E-02   271.4860      0.0000000E+00   6.000000    
           7        1984           5           5 corn                                        PLANT   0.1423913      0.0000000E+00   168.9676      0.0000000E+00   4.399535      1.0529019E-02   205.8109      0.0000000E+00   6.000000    
           8        1984           5           5 corn                                        PLANT   0.1423913      0.0000000E+00   174.3340      0.0000000E+00   4.406544      1.0240437E-02   225.1397      0.0000000E+00   6.000000    
           9        1984           5           5 corn                                        PLANT   0.1423913      0.0000000E+00   170.6244      0.0000000E+00   4.406038      1.1763967E-02   261.0014      0.0000000E+00   6.000000    
          10        1984           5           5 corn                                        PLANT   0.1423913      0.0000000E+00   172.5529      0.0000000E+00   4.405557      1.1181296E-02   255.3278      0.0000000E+00   6.000000    
          11        1984           5           5 corn                                        PLANT   0.1423913      0.0000000E+00   175.5334      0.0000000E+00   4.418749      1.2730489E-02   292.1004      0.0000000E+00   6.000000    
          12        1984           5           5 corn                                        PLANT   0.1423913      0.0000000E+00   173.3390      0.0000000E+00   4.409646      1.2021420E-02   260.7464      0.0000000E+00   6.000000    
           1        1984           6          11 null                                        FERT   0.2839651      0.2053707       131.9228       15.35192       2.186964      1.6703592E-03   210.1162       123.2000      0.0000000E+00  0.0000000E+00  0.0000000E+00  0.0000000E+00  0.0000000E+00
           2        1984           6          11 null                                        FERT   0.2839651      0.2053707       140.9551       16.14974       3.754892      1.6349540E-03   244.8305       112.0000      0.0000000E+00  0.0000000E+00  0.0000000E+00  0.0000000E+00  0.0000000E+00
           3        1984           6          11 null                                        FERT   0.2839651      0.2053707       132.3828       15.46051       2.188027      1.6702400E-03   257.5727       123.2000      0.0000000E+00  0.0000000E+00  0.0000000E+00  0.0000000E+00  0.0000000E+00
           4        1984           6          11 null                                        FERT   0.2839651      0.2053707       132.9476       15.43936       2.187283      1.6701804E-03   258.0586       123.2000      0.0000000E+00  0.0000000E+00  0.0000000E+00  0.0000000E+00  0.0000000E+00
           5        1984           6          11 null                                        FERT   0.2839651      0.2053707       132.7744       15.50054       2.188253      1.6701804E-03   264.6625       123.2000      0.0000000E+00  0.0000000E+00  0.0000000E+00  0.0000000E+00  0.0000000E+00
           6        1984           6          11 null                                        FERT   0.2839651      0.2053707       133.4310       15.53220       2.188320      1.6699419E-03   272.0564       123.2000      0.0000000E+00  0.0000000E+00  0.0000000E+00  0.0000000E+00  0.0000000E+00
           7        1984           6          11 null                                        FERT   0.2839651      0.2053707       131.6446       15.29386       2.186293      1.6704188E-03   206.2430       123.2000      0.0000000E+00  0.0000000E+00  0.0000000E+00  0.0000000E+00  0.0000000E+00
           8        1984           6          11 null                                        FERT   0.2839651      0.2053707       139.1413       15.53189       2.189336      1.6362653E-03   225.6006       123.2000      0.0000000E+00  0.0000000E+00  0.0000000E+00  0.0000000E+00  0.0000000E+00
           9        1984           6          11 null                                        FERT   0.2839651      0.2053707       133.9208       15.63956       2.189426      1.6695843E-03   261.5732       123.2000      0.0000000E+00  0.0000000E+00  0.0000000E+00  0.0000000E+00  0.0000000E+00
          10        1984           6          11 null                                        FERT   0.2839651      0.2053707       136.6199       15.59469       2.189076      1.6684518E-03   255.9222       123.2000      0.0000000E+00  0.0000000E+00  0.0000000E+00  0.0000000E+00  0.0000000E+00
          11        1984           6          11 null                                        FERT   0.2839651      0.2053707       140.8438       16.27511       2.195258      1.6344772E-03   292.7938       123.2000      0.0000000E+00  0.0000000E+00  0.0000000E+00  0.0000000E+00  0.0000000E+00
          12        1984           6          11 null                                        FERT   0.2839651      0.2053707       137.7404       15.83795       2.191064      1.6681538E-03   261.3438       123.2000      0.0000000E+00  0.0000000E+00  0.0000000E+00  0.0000000E+00  0.0000000E+00
           1        1984          11           5 corn                                        HARV/KILL   0.8960586      0.0000000E+00   106.9390       112.8340       43.65083      4.8016482E-03   210.4241       43.94084      0.0000000E+00  0.0000000E+00  0.0000000E+00  0.0000000E+00  0.0000000E+00
           3        1984          11           5 corn                                        HARV/KILL   0.8960586      0.0000000E+00   106.9409       112.8964       43.68226      5.0041447E-03   257.9879       43.95724      0.0000000E+00  0.0000000E+00  0.0000000E+00  0.0000000E+00  0.0000000E+00
           4        1984          11           5 corn                                        HARV/KILL   0.8960586      0.0000000E+00   106.9496       112.8427       43.65849      4.7253864E-03   258.4660       43.93970      0.0000000E+00  0.0000000E+00  0.0000000E+00  0.0000000E+00  0.0000000E+00
           5        1984          11           5 corn                                        HARV/KILL   0.8960586      0.0000000E+00   106.9446       112.9029       43.68683      4.9735219E-03   265.1048       43.95758      0.0000000E+00  0.0000000E+00  0.0000000E+00  0.0000000E+00  0.0000000E+00
           6        1984          11           5 corn                                        HARV/KILL   0.8960586      0.0000000E+00   106.9518       112.8900       43.68280      4.9244426E-03   272.5250       43.95166      0.0000000E+00  0.0000000E+00  0.0000000E+00  0.0000000E+00  0.0000000E+00
           7        1984          11           5 corn                                        HARV/KILL   0.8960586      0.0000000E+00   106.9367       112.7999       43.63247      4.6850112E-03   206.5549       43.93182      0.0000000E+00  0.0000000E+00  0.0000000E+00  0.0000000E+00  0.0000000E+00
           8        1984          11           5 corn                                        HARV/KILL   0.8960586      0.0000000E+00   106.9815       113.5103       43.64093      4.7494257E-03   225.9483       44.42157      0.0000000E+00  0.0000000E+00  0.0000000E+00  0.0000000E+00  0.0000000E+00
           9        1984          11           5 corn                                        HARV/KILL   0.8960586      0.0000000E+00   106.9518       112.9478       43.71223      5.1423241E-03   261.9910       43.96644      0.0000000E+00  0.0000000E+00  0.0000000E+00  0.0000000E+00  0.0000000E+00
          10        1984          11           5 corn                                        HARV/KILL   0.8960586      0.0000000E+00   106.9749       113.6069       43.68641      4.9291849E-03   256.3123       44.45162      0.0000000E+00  0.0000000E+00  0.0000000E+00  0.0000000E+00  0.0000000E+00
          11        1984          11           5 corn                                        HARV/KILL   0.8960586      0.0000000E+00   106.9535       113.8081       43.80471      5.4624695E-03   293.2338       44.48653      0.0000000E+00  0.0000000E+00  0.0000000E+00  0.0000000E+00  0.0000000E+00
          12        1984          11           5 corn                                        HARV/KILL   0.8960586      0.0000000E+00   106.9711       113.7093       43.74131      5.2275453E-03   261.7452       44.47498      0.0000000E+00  0.0000000E+00  0.0000000E+00  0.0000000E+00  0.0000000E+00
           2        1984          11           7 corn                                        HARV/KILL   0.8975223      0.0000000E+00   102.6798       113.6731       43.84674      5.1830737E-03   245.2777       44.44667      0.0000000E+00  0.0000000E+00  0.0000000E+00  0.0000000E+00  0.0000000E+00
           1        1984          11          10 chisplow            TILLAGE   5.4833032E-03  0.0000000E+00   104.4467      0.0000000E+00   20.39358      4.9005579E-03   210.4651      0.6500000    
           3        1984          11          10 chisplow            TILLAGE   5.4833032E-03  0.0000000E+00   104.4487      0.0000000E+00   20.40832      5.1079728E-03   258.0254      0.6500000    
           4        1984          11          10 chisplow            TILLAGE   5.4833032E-03  0.0000000E+00   104.4574      0.0000000E+00   20.39727      4.8252684E-03   258.5038      0.6500000    
           5        1984          11          10 chisplow            TILLAGE   5.4833032E-03  0.0000000E+00   104.4523      0.0000000E+00   20.41049      5.0786487E-03   265.1451      0.6500000    
           6        1984          11          10 chisplow            TILLAGE   5.4833032E-03  0.0000000E+00   104.4595      0.0000000E+00   20.40867      5.0276029E-03   272.5712      0.6500000    
           7        1984          11          10 chisplow            TILLAGE   5.4833032E-03  0.0000000E+00   104.4444      0.0000000E+00   20.38497      4.7806534E-03   206.5943      0.6500000    
           8        1984          11          10 chisplow            TILLAGE   5.4833032E-03  0.0000000E+00   104.4893      0.0000000E+00   20.39040      4.8333122E-03   225.9866      0.6500000    
           9        1984          11          10 chisplow            TILLAGE   5.4833032E-03  0.0000000E+00   104.4595      0.0000000E+00   20.42249      5.2519506E-03   262.0293      0.6500000    
          10        1984          11          10 chisplow            TILLAGE   5.4833032E-03  0.0000000E+00   104.4826      0.0000000E+00   20.41073      5.0309710E-03   256.3452      0.6500000    
          11        1984          11          10 chisplow            TILLAGE   5.4833032E-03  0.0000000E+00   104.4611      0.0000000E+00   20.46788      5.5912142E-03   293.2670      0.6500000    
          12        1984          11          10 chisplow            TILLAGE   5.4833032E-03  0.0000000E+00   104.4788      0.0000000E+00   20.43653      5.3419434E-03   261.7794      0.6500000    
           1        1984          12           2 null                                        FERT   3.0779293E-02  0.0000000E+00   111.1510      0.0000000E+00   15.52618      5.7960078E-03   210.8643       142.7000      0.0000000E+00  0.0000000E+00  0.0000000E+00  0.0000000E+00  0.0000000E+00
           2        1984          12           2 null                                        FERT   2.9315621E-02  0.0000000E+00   110.0513      0.0000000E+00   31.56908      6.0657151E-03   245.4211       142.7000      0.0000000E+00  0.0000000E+00  0.0000000E+00  0.0000000E+00  0.0000000E+00
           3        1984          12           2 null                                        FERT   3.0779293E-02  0.0000000E+00   111.1523      0.0000000E+00   15.53752      6.0805953E-03   258.6030       142.7000      0.0000000E+00  0.0000000E+00  0.0000000E+00  0.0000000E+00  0.0000000E+00
           4        1984          12           2 null                                        FERT   3.0779293E-02  0.0000000E+00   111.1613      0.0000000E+00   15.52924      5.7363687E-03   259.0787       142.7000      0.0000000E+00  0.0000000E+00  0.0000000E+00  0.0000000E+00  0.0000000E+00
           5        1984          12           2 null                                        FERT   3.0779293E-02  0.0000000E+00   111.1557      0.0000000E+00   15.53926      6.0684970E-03   265.7453       142.7000      0.0000000E+00  0.0000000E+00  0.0000000E+00  0.0000000E+00  0.0000000E+00
           6        1984          12           2 null                                        FERT   3.0779293E-02  0.0000000E+00   111.1629      0.0000000E+00   15.53805      5.9902654E-03   273.1934       142.7000      0.0000000E+00  0.0000000E+00  0.0000000E+00  0.0000000E+00  0.0000000E+00
           7        1984          12           2 null                                        FERT   3.0779293E-02  0.0000000E+00   111.1489      0.0000000E+00   15.51954      5.6290212E-03   206.9762       142.7000      0.0000000E+00  0.0000000E+00  0.0000000E+00  0.0000000E+00  0.0000000E+00
           8        1984          12           2 null                                        FERT   3.0779293E-02  0.0000000E+00   111.1922      0.0000000E+00   15.52682      5.6009796E-03   226.3899       142.7000      0.0000000E+00  0.0000000E+00  0.0000000E+00  0.0000000E+00  0.0000000E+00
           9        1984          12           2 null                                        FERT   3.0779293E-02  0.0000000E+00   111.1621      0.0000000E+00   15.54868      6.2627993E-03   262.6114       142.7000      0.0000000E+00  0.0000000E+00  0.0000000E+00  0.0000000E+00  0.0000000E+00
          10        1984          12           2 null                                        FERT   3.0779293E-02  0.0000000E+00   111.1861      0.0000000E+00   15.54043      5.9720650E-03   256.8941       142.7000      0.0000000E+00  0.0000000E+00  0.0000000E+00  0.0000000E+00  0.0000000E+00
          11        1984          12           2 null                                        FERT   3.0779293E-02  0.0000000E+00   111.1567      0.0000000E+00   15.58758      6.6774865E-03   293.8653       142.7000      0.0000000E+00  0.0000000E+00  0.0000000E+00  0.0000000E+00  0.0000000E+00
          12        1984          12           2 null                                        FERT   3.0779293E-02  0.0000000E+00   111.1805      0.0000000E+00   15.56038      6.3737039E-03   262.3397       142.7000      0.0000000E+00  0.0000000E+00  0.0000000E+00  0.0000000E+00  0.0000000E+00
           1        1985           4           1 chisplow            TILLAGE   6.5676101E-02  0.0000000E+00   75.85854      0.0000000E+00   3.384169      6.9684554E-03   211.1028      0.6500000    
           3        1985           4           1 chisplow            TILLAGE   6.5676101E-02  0.0000000E+00   76.03477      0.0000000E+00   3.386882      7.3267561E-03   258.6126      0.6500000    
           4        1985           4           1 chisplow            TILLAGE   6.5676101E-02  0.0000000E+00   76.24641      0.0000000E+00   3.385136      6.9217249E-03   259.0965      0.6500000    
           5        1985           4           1 chisplow            TILLAGE   6.5676101E-02  0.0000000E+00   76.18215      0.0000000E+00   3.387407      7.3306444E-03   265.7455      0.6500000    
           6        1985           4           1 chisplow            TILLAGE   6.5676101E-02  0.0000000E+00   76.42960      0.0000000E+00   3.387271      7.2251982E-03   273.1759      0.6500000    
           7        1985           4           1 chisplow            TILLAGE   6.5676101E-02  0.0000000E+00   75.74455      0.0000000E+00   3.382631      6.7499648E-03   207.1984      0.6500000    
           8        1985           4           1 chisplow            TILLAGE   6.5676101E-02  0.0000000E+00   78.64923      0.0000000E+00   3.387653      6.6742823E-03   226.5816      0.6500000    
           9        1985           4           1 chisplow            TILLAGE   6.5676101E-02  0.0000000E+00   76.61613      0.0000000E+00   3.389836      7.5414483E-03   262.6187      0.6500000    
          10        1985           4           1 chisplow            TILLAGE   6.5676101E-02  0.0000000E+00   77.65398      0.0000000E+00   3.388696      7.1847225E-03   256.9115      0.6500000    
          11        1985           4           1 chisplow            TILLAGE   6.5676101E-02  0.0000000E+00   79.28865      0.0000000E+00   3.403008      8.0559747E-03   293.8278      0.6500000    
          12        1985           4           1 chisplow            TILLAGE   6.5676101E-02  0.0000000E+00   78.09792      0.0000000E+00   3.393545      7.6721930E-03   262.3496      0.6500000    
           1        1985           4          28 corn                                        PLANT   0.1362229      0.0000000E+00   67.20488      0.0000000E+00   2.363137      8.1658978E-03   211.8207      0.0000000E+00   6.000000    
           2        1985           4          28 corn                                        PLANT   0.1362229      0.0000000E+00   68.00648      0.0000000E+00   8.882617      8.3990144E-03   246.0192      0.0000000E+00   6.000000    
           3        1985           4          28 corn                                        PLANT   0.1362229      0.0000000E+00   67.28484      0.0000000E+00   2.365031      8.6023137E-03   259.6745      0.0000000E+00   6.000000    
           4        1985           4          28 corn                                        PLANT   0.1362229      0.0000000E+00   67.40015      0.0000000E+00   2.363813      8.1343260E-03   260.1515      0.0000000E+00   6.000000    
           5        1985           4          28 corn                                        PLANT   0.1362229      0.0000000E+00   67.36076      0.0000000E+00   2.365399      8.6226603E-03   266.8578      0.0000000E+00   6.000000    
           6        1985           4          28 corn                                        PLANT   0.1362229      0.0000000E+00   67.48021      0.0000000E+00   2.365305      8.4900623E-03   274.3429      0.0000000E+00   6.000000    
           7        1985           4          28 corn                                        PLANT   0.1362229      0.0000000E+00   67.14787      0.0000000E+00   2.362062      7.8992136E-03   207.8983      0.0000000E+00   6.000000    
           8        1985           4          28 corn                                        PLANT   0.1362229      0.0000000E+00   68.56772      0.0000000E+00   2.365592      7.7126040E-03   227.3676      0.0000000E+00   6.000000    
           9        1985           4          28 corn                                        PLANT   0.1362229      0.0000000E+00   67.68914      0.0000000E+00   2.367097      8.8558728E-03   263.6953      0.0000000E+00   6.000000    
          10        1985           4          28 corn                                        PLANT   0.1362229      0.0000000E+00   68.38879      0.0000000E+00   2.366307      8.4285103E-03   257.9317      0.0000000E+00   6.000000    
          11        1985           4          28 corn                                        PLANT   0.1362229      0.0000000E+00   71.86270      0.0000000E+00   2.376350      9.4528850E-03   294.9978      0.0000000E+00   6.000000    
          12        1985           4          28 corn                                        PLANT   0.1362229      0.0000000E+00   69.60078      0.0000000E+00   2.369702      9.0092598E-03   263.3979      0.0000000E+00   6.000000    
           1        1985           6           1 null                                        FERT   0.2650343      0.1818503       14.69494       11.00233       1.247163      1.6830550E-03   211.7838       181.4000      0.0000000E+00  0.0000000E+00  0.0000000E+00  0.0000000E+00  0.0000000E+00
           2        1985           6           1 null                                        FERT   0.2650343      0.1818503       14.24266       11.16750       4.683821      1.6428814E-03   246.0856       210.6000      0.0000000E+00  0.0000000E+00  0.0000000E+00  0.0000000E+00  0.0000000E+00
           3        1985           6           1 null                                        FERT   0.2650343      0.1818503       14.68984       11.04456       1.248138      1.6828761E-03   259.6328       181.4000      0.0000000E+00  0.0000000E+00  0.0000000E+00  0.0000000E+00  0.0000000E+00
           4        1985           6           1 null                                        FERT   0.2650343      0.1818503       14.69076       11.01631       1.247466      1.6827569E-03   260.1108       181.4000      0.0000000E+00  0.0000000E+00  0.0000000E+00  0.0000000E+00  0.0000000E+00
           5        1985           6           1 null                                        FERT   0.2650343      0.1818503       14.68766       11.05179       1.248312      1.6828165E-03   266.8141       181.4000      0.0000000E+00  0.0000000E+00  0.0000000E+00  0.0000000E+00  0.0000000E+00
           6        1985           6           1 null                                        FERT   0.2650343      0.1818503       14.68660       11.05453       1.248229      1.6826973E-03   274.2981       181.4000      0.0000000E+00  0.0000000E+00  0.0000000E+00  0.0000000E+00  0.0000000E+00
           7        1985           6           1 null                                        FERT   0.2650343      0.1818503       14.69732       10.97671       1.246610      1.6832338E-03   207.8647       181.4000      0.0000000E+00  0.0000000E+00  0.0000000E+00  0.0000000E+00  0.0000000E+00
           8        1985           6           1 null                                        FERT   0.2650343      0.1818503       14.64851       11.04422       1.247737      1.6455636E-03   227.3407       181.4000      0.0000000E+00  0.0000000E+00  0.0000000E+00  0.0000000E+00  0.0000000E+00
           9        1985           6           1 null                                        FERT   0.2650343      0.1818503       14.93171       11.09080       1.249127      1.6823397E-03   263.6546       181.4000      0.0000000E+00  0.0000000E+00  0.0000000E+00  0.0000000E+00  0.0000000E+00
          10        1985           6           1 null                                        FERT   0.2650343      0.1818503       15.28904       11.06540       1.248523      1.6808496E-03   257.8960       181.4000      0.0000000E+00  0.0000000E+00  0.0000000E+00  0.0000000E+00  0.0000000E+00
          11        1985           6           1 null                                        FERT   0.2650343      0.1818503       20.92924       11.14862       1.252355      1.6421662E-03   294.9962       181.4000      0.0000000E+00  0.0000000E+00  0.0000000E+00  0.0000000E+00  0.0000000E+00
          12        1985           6           1 null                                        FERT   0.2650343      0.1818503       17.35857       11.10123       1.250077      1.6798959E-03   263.3672       181.4000      0.0000000E+00  0.0000000E+00  0.0000000E+00  0.0000000E+00  0.0000000E+00
           1        1985          10           7 corn                                        HARV/KILL   0.8792275      0.0000000E+00   41.02618       113.2047       44.96921      3.5234911E-03   212.1206       43.12991      0.0000000E+00  0.0000000E+00  0.0000000E+00  0.0000000E+00  0.0000000E+00
           2        1985          10           7 corn                                        HARV/KILL   0.8792275      0.0000000E+00   40.99655       113.2148       45.28953      3.7513250E-03   246.7085       43.13034      0.0000000E+00  0.0000000E+00  0.0000000E+00  0.0000000E+00  0.0000000E+00
           3        1985          10           7 corn                                        HARV/KILL   0.8792275      0.0000000E+00   41.02454       113.2513       44.98880      3.6290381E-03   260.1310       43.14635      0.0000000E+00  0.0000000E+00  0.0000000E+00  0.0000000E+00  0.0000000E+00
           4        1985          10           7 corn                                        HARV/KILL   0.8792275      0.0000000E+00   41.02669       113.2041       44.96888      3.5201607E-03   260.6053       43.12975      0.0000000E+00  0.0000000E+00  0.0000000E+00  0.0000000E+00  0.0000000E+00
           5        1985          10           7 corn                                        HARV/KILL   0.8792275      0.0000000E+00   41.02452       113.2544       44.99011      3.6200874E-03   267.3342       43.14745      0.0000000E+00  0.0000000E+00  0.0000000E+00  0.0000000E+00  0.0000000E+00
           6        1985          10           7 corn                                        HARV/KILL   0.8792275      0.0000000E+00   41.02552       113.2424       44.98495      3.5915372E-03   274.8382       43.14329      0.0000000E+00  0.0000000E+00  0.0000000E+00  0.0000000E+00  0.0000000E+00
           7        1985          10           7 corn                                        HARV/KILL   0.8792275      0.0000000E+00   41.02673       113.1762       44.95627      3.4629039E-03   208.1898       43.11975      0.0000000E+00  0.0000000E+00  0.0000000E+00  0.0000000E+00  0.0000000E+00
           8        1985          10           7 corn                                        HARV/KILL   0.8792275      0.0000000E+00   41.02711       113.1629       44.95053      3.4634813E-03   227.7050       43.11522      0.0000000E+00  0.0000000E+00  0.0000000E+00  0.0000000E+00  0.0000000E+00
           9        1985          10           7 corn                                        HARV/KILL   0.8792275      0.0000000E+00   41.02849       113.2918       45.00538      3.6856099E-03   264.1562       43.16112      0.0000000E+00  0.0000000E+00  0.0000000E+00  0.0000000E+00  0.0000000E+00
          10        1985          10           7 corn                                        HARV/KILL   0.8792275      0.0000000E+00   41.03930       113.2654       44.99330      3.5823053E-03   258.3741       43.15300      0.0000000E+00  0.0000000E+00  0.0000000E+00  0.0000000E+00  0.0000000E+00
          11        1985          10           7 corn                                        HARV/KILL   0.8792275      0.0000000E+00   41.18773       113.5867       45.11982      3.8734197E-03   295.5512       43.27731      0.0000000E+00  0.0000000E+00  0.0000000E+00  0.0000000E+00  0.0000000E+00
          12        1985          10           7 corn                                        HARV/KILL   0.8792275      0.0000000E+00   41.07204       113.3946       45.04477      3.7295949E-03   263.8577       43.20218      0.0000000E+00  0.0000000E+00  0.0000000E+00  0.0000000E+00  0.0000000E+00
           1        1985          10           9 null                                        FERT   6.9066361E-03  0.0000000E+00   35.04514      0.0000000E+00   43.34851      3.5293959E-03   212.1307       142.7000      0.0000000E+00  0.0000000E+00  0.0000000E+00  0.0000000E+00  0.0000000E+00
           2        1985          10           9 null                                        FERT   6.9066361E-03  0.0000000E+00   35.01560      0.0000000E+00   43.65540      3.7569527E-03   246.7242       142.7000      0.0000000E+00  0.0000000E+00  0.0000000E+00  0.0000000E+00  0.0000000E+00
           3        1985          10           9 null                                        FERT   6.9066361E-03  0.0000000E+00   35.04350      0.0000000E+00   43.36735      3.6349443E-03   260.1478       142.7000      0.0000000E+00  0.0000000E+00  0.0000000E+00  0.0000000E+00  0.0000000E+00
           4        1985          10           9 null                                        FERT   6.9066361E-03  0.0000000E+00   35.04565      0.0000000E+00   43.34811      3.5260688E-03   260.6222       142.7000      0.0000000E+00  0.0000000E+00  0.0000000E+00  0.0000000E+00  0.0000000E+00
           5        1985          10           9 null                                        FERT   6.9066361E-03  0.0000000E+00   35.04348      0.0000000E+00   43.36858      3.6259950E-03   267.3518       142.7000      0.0000000E+00  0.0000000E+00  0.0000000E+00  0.0000000E+00  0.0000000E+00
           6        1985          10           9 null                                        FERT   6.9066361E-03  0.0000000E+00   35.04448      0.0000000E+00   43.36356      3.5974470E-03   274.8565       142.7000      0.0000000E+00  0.0000000E+00  0.0000000E+00  0.0000000E+00  0.0000000E+00
           7        1985          10           9 null                                        FERT   6.9066361E-03  0.0000000E+00   35.04568      0.0000000E+00   43.33606      3.4688080E-03   208.1992       142.7000      0.0000000E+00  0.0000000E+00  0.0000000E+00  0.0000000E+00  0.0000000E+00
           8        1985          10           9 null                                        FERT   6.9066361E-03  0.0000000E+00   35.04607      0.0000000E+00   43.32933      3.4691957E-03   227.7150       142.7000      0.0000000E+00  0.0000000E+00  0.0000000E+00  0.0000000E+00  0.0000000E+00
           9        1985          10           9 null                                        FERT   6.9066361E-03  0.0000000E+00   35.04746      0.0000000E+00   43.38321      3.6915191E-03   264.1733       142.7000      0.0000000E+00  0.0000000E+00  0.0000000E+00  0.0000000E+00  0.0000000E+00
          10        1985          10           9 null                                        FERT   6.9066361E-03  0.0000000E+00   35.05826      0.0000000E+00   43.37132      3.5882215E-03   258.3902       142.7000      0.0000000E+00  0.0000000E+00  0.0000000E+00  0.0000000E+00  0.0000000E+00
          11        1985          10           9 null                                        FERT   6.9066361E-03  0.0000000E+00   35.20673      0.0000000E+00   43.49157      3.8787683E-03   295.5690       142.7000      0.0000000E+00  0.0000000E+00  0.0000000E+00  0.0000000E+00  0.0000000E+00
          12        1985          10           9 null                                        FERT   6.9066361E-03  0.0000000E+00   35.09103      0.0000000E+00   43.42083      3.7355025E-03   263.8741       142.7000      0.0000000E+00  0.0000000E+00  0.0000000E+00  0.0000000E+00  0.0000000E+00
           1        1985          10          11 chisplow            TILLAGE   1.0984126E-02  0.0000000E+00   40.85698      0.0000000E+00   20.93963      3.6900614E-03   212.1414      0.6500000    
           3        1985          10          11 chisplow            TILLAGE   1.0984126E-02  0.0000000E+00   40.85532      0.0000000E+00   20.94871      3.8067347E-03   260.1651      0.6500000    
           4        1985          10          11 chisplow            TILLAGE   1.0984126E-02  0.0000000E+00   40.85748      0.0000000E+00   20.93940      3.6889117E-03   260.6394      0.6500000    
           5        1985          10          11 chisplow            TILLAGE   1.0984126E-02  0.0000000E+00   40.85529      0.0000000E+00   20.94930      3.8000704E-03   267.3705      0.6500000    
           6        1985          10          11 chisplow            TILLAGE   1.0984126E-02  0.0000000E+00   40.85630      0.0000000E+00   20.94684      3.7677258E-03   274.8760      0.6500000    
           7        1985          10          11 chisplow            TILLAGE   1.0984126E-02  0.0000000E+00   40.85754      0.0000000E+00   20.93362      3.6224506E-03   208.2094      0.6500000    
           8        1985          10          11 chisplow            TILLAGE   1.0984126E-02  0.0000000E+00   40.85794      0.0000000E+00   20.92988      3.6005399E-03   227.7257      0.6500000    
           9        1985          10          11 chisplow            TILLAGE   1.0984126E-02  0.0000000E+00   40.85925      0.0000000E+00   20.95632      3.8686569E-03   264.1908      0.6500000    
          10        1985          10          11 chisplow            TILLAGE   1.0984126E-02  0.0000000E+00   40.87009      0.0000000E+00   20.95048      3.7555085E-03   258.4067      0.6500000    
          11        1985          10          11 chisplow            TILLAGE   1.0984126E-02  0.0000000E+00   41.01831      0.0000000E+00   21.00784      4.0872125E-03   295.5885      0.6500000    
          12        1985          10          11 chisplow            TILLAGE   1.0984126E-02  0.0000000E+00   40.90279      0.0000000E+00   20.97434      3.9193924E-03   263.8910      0.6500000    
           1        1986           5           1 fldcult             TILLAGE   0.1581347      0.0000000E+00   39.13246      0.0000000E+00   1.560164      8.2429238E-03   212.8334      0.5000000    
           3        1986           5           1 fldcult             TILLAGE   0.1581347      0.0000000E+00   39.16668      0.0000000E+00   1.560973      8.6195106E-03   261.0820      0.5000000    
           4        1986           5           1 fldcult             TILLAGE   0.1581347      0.0000000E+00   39.14494      0.0000000E+00   1.560399      8.2681244E-03   261.5559      0.5000000    
           5        1986           5           1 fldcult             TILLAGE   0.1581347      0.0000000E+00   39.17358      0.0000000E+00   1.561110      8.6237304E-03   268.3191      0.5000000    
           6        1986           5           1 fldcult             TILLAGE   0.1581347      0.0000000E+00   39.16798      0.0000000E+00   1.561080      8.5146446E-03   275.8524      0.5000000    
           7        1986           5           1 fldcult             TILLAGE   0.1581347      0.0000000E+00   39.10563      0.0000000E+00   1.559632      8.0261733E-03   208.8813      0.5000000    
           8        1986           5           1 fldcult             TILLAGE   0.1581347      0.0000000E+00   39.10555      0.0000000E+00   1.562913      7.7510276E-03   228.4229      0.5000000    
           9        1986           5           1 fldcult             TILLAGE   0.1581347      0.0000000E+00   39.18401      0.0000000E+00   1.561918      8.7909568E-03   265.1144      0.5000000    
          10        1986           5           1 fldcult             TILLAGE   0.1581347      0.0000000E+00   39.17449      0.0000000E+00   1.562203      8.4570441E-03   259.2892      0.5000000    
          11        1986           5           1 fldcult             TILLAGE   0.1581347      0.0000000E+00   39.18015      0.0000000E+00   1.571755      9.1602113E-03   296.5298      0.5000000    
          12        1986           5           1 fldcult             TILLAGE   0.1581347      0.0000000E+00   39.21065      0.0000000E+00   1.564354      8.8885315E-03   264.7918      0.5000000    
           2        1986           5           2 null                                        FERT   0.1614106      0.0000000E+00   36.32948      0.0000000E+00   5.207058      8.5263690E-03   247.4906       40.00000      0.0000000E+00  0.0000000E+00  0.0000000E+00  0.0000000E+00  0.0000000E+00
           1        1986           5           3 null                                        FERT   0.1658836      0.0000000E+00   30.79782      0.0000000E+00   1.525431      8.3201146E-03   212.8894       26.00000      0.0000000E+00  0.0000000E+00  0.0000000E+00  0.0000000E+00  0.0000000E+00
           1        1986           5           3 corn                                        PLANT   0.1658836      0.0000000E+00   30.79782      0.0000000E+00   1.525431      8.3201146E-03   212.8894      0.0000000E+00   6.000000    
           2        1986           5           3 corn                                        PLANT   0.1658836      0.0000000E+00   30.79362      0.0000000E+00   5.122810      8.5286582E-03   247.5026      0.0000000E+00   6.000000    
           3        1986           5           3 null                                        FERT   0.1658836      0.0000000E+00   30.83205      0.0000000E+00   1.526222      8.7033641E-03   261.1792       26.00000      0.0000000E+00  0.0000000E+00  0.0000000E+00  0.0000000E+00  0.0000000E+00
           3        1986           5           3 corn                                        PLANT   0.1658836      0.0000000E+00   30.83205      0.0000000E+00   1.526222      8.7033641E-03   261.1792      0.0000000E+00   6.000000    
           4        1986           5           3 null                                        FERT   0.1658836      0.0000000E+00   30.81031      0.0000000E+00   1.525661      8.3399201E-03   261.6518       26.00000      0.0000000E+00  0.0000000E+00  0.0000000E+00  0.0000000E+00  0.0000000E+00
           4        1986           5           3 corn                                        PLANT   0.1658836      0.0000000E+00   30.81031      0.0000000E+00   1.525661      8.3399201E-03   261.6518      0.0000000E+00   6.000000    
           5        1986           5           3 null                                        FERT   0.1658836      0.0000000E+00   30.83894      0.0000000E+00   1.526356      8.7047396E-03   268.4215       26.00000      0.0000000E+00  0.0000000E+00  0.0000000E+00  0.0000000E+00  0.0000000E+00
           5        1986           5           3 corn                                        PLANT   0.1658836      0.0000000E+00   30.83894      0.0000000E+00   1.526356      8.7047396E-03   268.4215      0.0000000E+00   6.000000    
           6        1986           5           3 null                                        FERT   0.1658836      0.0000000E+00   30.83334      0.0000000E+00   1.526326      8.5937092E-03   275.9603       26.00000      0.0000000E+00  0.0000000E+00  0.0000000E+00  0.0000000E+00  0.0000000E+00
           6        1986           5           3 corn                                        PLANT   0.1658836      0.0000000E+00   30.83334      0.0000000E+00   1.526326      8.5937092E-03   275.9603      0.0000000E+00   6.000000    
           7        1986           5           3 null                                        FERT   0.1658836      0.0000000E+00   30.77099      0.0000000E+00   1.524910      8.0997422E-03   208.9332       26.00000      0.0000000E+00  0.0000000E+00  0.0000000E+00  0.0000000E+00  0.0000000E+00
           7        1986           5           3 corn                                        PLANT   0.1658836      0.0000000E+00   30.77099      0.0000000E+00   1.524910      8.0997422E-03   208.9332      0.0000000E+00   6.000000    
           8        1986           5           3 null                                        FERT   0.1658836      0.0000000E+00   30.77091      0.0000000E+00   1.528119      7.8335302E-03   228.4812       26.00000      0.0000000E+00  0.0000000E+00  0.0000000E+00  0.0000000E+00  0.0000000E+00
           8        1986           5           3 corn                                        PLANT   0.1658836      0.0000000E+00   30.77091      0.0000000E+00   1.528119      7.8335302E-03   228.4812      0.0000000E+00   6.000000    
           9        1986           5           3 null                                        FERT   0.1658836      0.0000000E+00   30.84937      0.0000000E+00   1.527145      8.8791167E-03   265.2122       26.00000      0.0000000E+00  0.0000000E+00  0.0000000E+00  0.0000000E+00  0.0000000E+00
           9        1986           5           3 corn                                        PLANT   0.1658836      0.0000000E+00   30.84937      0.0000000E+00   1.527145      8.8791167E-03   265.2122      0.0000000E+00   6.000000    
          10        1986           5           3 null                                        FERT   0.1658836      0.0000000E+00   30.83985      0.0000000E+00   1.527424      8.5372971E-03   259.3802       26.00000      0.0000000E+00  0.0000000E+00  0.0000000E+00  0.0000000E+00  0.0000000E+00
          10        1986           5           3 corn                                        PLANT   0.1658836      0.0000000E+00   30.83985      0.0000000E+00   1.527424      8.5372971E-03   259.3802      0.0000000E+00   6.000000    
          11        1986           5           3 null                                        FERT   0.1658836      0.0000000E+00   30.84552      0.0000000E+00   1.536764      9.2606172E-03   296.6319       26.00000      0.0000000E+00  0.0000000E+00  0.0000000E+00  0.0000000E+00  0.0000000E+00
          11        1986           5           3 corn                                        PLANT   0.1658836      0.0000000E+00   30.84552      0.0000000E+00   1.536764      9.2606172E-03   296.6319      0.0000000E+00   6.000000    
          12        1986           5           3 null                                        FERT   0.1658836      0.0000000E+00   30.87601      0.0000000E+00   1.529528      8.9796623E-03   264.8855       26.00000      0.0000000E+00  0.0000000E+00  0.0000000E+00  0.0000000E+00  0.0000000E+00
          12        1986           5           3 corn                                        PLANT   0.1658836      0.0000000E+00   30.87601      0.0000000E+00   1.529528      8.9796623E-03   264.8855      0.0000000E+00   6.000000    
           1        1986           6           6 null                                        FERT   0.2879475      0.1718392       34.26318       15.87899      0.8640894      1.6991482E-03   213.0841       182.6000      0.0000000E+00  0.0000000E+00  0.0000000E+00  0.0000000E+00  0.0000000E+00
           2        1986           6           6 null                                        FERT   0.2879475      0.1718392       34.25713       15.89774       2.737204      1.6643987E-03   247.6545       196.0000      0.0000000E+00  0.0000000E+00  0.0000000E+00  0.0000000E+00  0.0000000E+00
           3        1986           6           6 null                                        FERT   0.2879475      0.1718392       34.26237       15.89434      0.8645288      1.6991482E-03   261.5119       182.6000      0.0000000E+00  0.0000000E+00  0.0000000E+00  0.0000000E+00  0.0000000E+00
           4        1986           6           6 null                                        FERT   0.2879475      0.1718392       34.26324       15.87981      0.8642029      1.6991482E-03   261.9813       182.6000      0.0000000E+00  0.0000000E+00  0.0000000E+00  0.0000000E+00  0.0000000E+00
           5        1986           6           6 null                                        FERT   0.2879475      0.1718392       34.26228       15.89424      0.8645993      1.6991482E-03   268.7719       182.6000      0.0000000E+00  0.0000000E+00  0.0000000E+00  0.0000000E+00  0.0000000E+00
           6        1986           6           6 null                                        FERT   0.2879475      0.1718392       34.26264       15.89046      0.8645710      1.6991482E-03   276.3305       182.6000      0.0000000E+00  0.0000000E+00  0.0000000E+00  0.0000000E+00  0.0000000E+00
           7        1986           6           6 null                                        FERT   0.2879475      0.1718392       34.26350       15.87011      0.8637996      1.6991482E-03   209.1190       182.6000      0.0000000E+00  0.0000000E+00  0.0000000E+00  0.0000000E+00  0.0000000E+00
           8        1986           6           6 null                                        FERT   0.2879475      0.1718392       34.26262       15.86408      0.8653581      1.6656504E-03   228.6926       182.6000      0.0000000E+00  0.0000000E+00  0.0000000E+00  0.0000000E+00  0.0000000E+00
           9        1986           6           6 null                                        FERT   0.2879475      0.1718392       34.26163       15.90248      0.8650271      1.6991482E-03   265.5490       182.6000      0.0000000E+00  0.0000000E+00  0.0000000E+00  0.0000000E+00  0.0000000E+00
          10        1986           6           6 null                                        FERT   0.2879475      0.1718392       34.26278       15.88860      0.8651341      1.6991482E-03   259.6961       182.6000      0.0000000E+00  0.0000000E+00  0.0000000E+00  0.0000000E+00  0.0000000E+00
          11        1986           6           6 null                                        FERT   0.2879475      0.1718392       34.25626       15.92149      0.8700186      1.6636834E-03   296.9983       182.6000      0.0000000E+00  0.0000000E+00  0.0000000E+00  0.0000000E+00  0.0000000E+00
          12        1986           6           6 null                                        FERT   0.2879475      0.1718392       34.26098       15.90731      0.8663012      1.6991482E-03   265.2102       182.6000      0.0000000E+00  0.0000000E+00  0.0000000E+00  0.0000000E+00  0.0000000E+00
           1        1986          11           9 corn                                        HARV/KILL   0.9356674      0.0000000E+00   135.8019       113.6784       41.19955      6.7959456E-03   213.9164       46.21413      0.0000000E+00  0.0000000E+00  0.0000000E+00  0.0000000E+00  0.0000000E+00
           3        1986          11           9 corn                                        HARV/KILL   0.9356674      0.0000000E+00   135.8326       113.7164       41.21560      7.0705162E-03   262.5800       46.22715      0.0000000E+00  0.0000000E+00  0.0000000E+00  0.0000000E+00  0.0000000E+00
           4        1986          11           9 corn                                        HARV/KILL   0.9356674      0.0000000E+00   135.8770       113.6806       41.20035      6.7899702E-03   263.0573       46.21500      0.0000000E+00  0.0000000E+00  0.0000000E+00  0.0000000E+00  0.0000000E+00
           5        1986          11           9 corn                                        HARV/KILL   0.9356674      0.0000000E+00   135.8602       113.7166       41.21563      7.0903855E-03   269.8765       46.22726      0.0000000E+00  0.0000000E+00  0.0000000E+00  0.0000000E+00  0.0000000E+00
           6        1986          11           9 corn                                        HARV/KILL   0.9356674      0.0000000E+00   135.9070       113.7058       41.21103      7.0079886E-03   277.4743       46.22363      0.0000000E+00  0.0000000E+00  0.0000000E+00  0.0000000E+00  0.0000000E+00
           7        1986          11           9 corn                                        HARV/KILL   0.9356674      0.0000000E+00   135.7800       113.6565       41.19028      6.6214963E-03   209.9338       46.20663      0.0000000E+00  0.0000000E+00  0.0000000E+00  0.0000000E+00  0.0000000E+00
           8        1986          11           9 corn                                        HARV/KILL   0.9356674      0.0000000E+00   136.1840       113.6248       41.17534      6.3923597E-03   229.5712       46.19724      0.0000000E+00  0.0000000E+00  0.0000000E+00  0.0000000E+00  0.0000000E+00
           9        1986          11           9 corn                                        HARV/KILL   0.9356674      0.0000000E+00   135.9333       113.7341       41.22303      7.2379196E-03   266.6360       46.23334      0.0000000E+00  0.0000000E+00  0.0000000E+00  0.0000000E+00  0.0000000E+00
          10        1986          11           9 corn                                        HARV/KILL   0.9356674      0.0000000E+00   136.0925       113.7010       41.20868      6.9710515E-03   260.7480       46.22226      0.0000000E+00  0.0000000E+00  0.0000000E+00  0.0000000E+00  0.0000000E+00
          11        1986          11           9 corn                                        HARV/KILL   0.9356674      0.0000000E+00   136.1586       113.7573       41.23263      7.6824743E-03   298.2019       46.24162      0.0000000E+00  0.0000000E+00  0.0000000E+00  0.0000000E+00  0.0000000E+00
          12        1986          11           9 corn                                        HARV/KILL   0.9356674      0.0000000E+00   136.1275       113.7448       41.22725      7.3502930E-03   266.2857       46.23730      0.0000000E+00  0.0000000E+00  0.0000000E+00  0.0000000E+00  0.0000000E+00
           2        1986          11          10 corn                                        HARV/KILL   0.9371236      0.0000000E+00   134.8848       113.6920       41.30569      7.0912219E-03   248.7589       46.21991      0.0000000E+00  0.0000000E+00  0.0000000E+00  0.0000000E+00  0.0000000E+00
           2        1986          11          11 null                                        FERT   3.0904208E-04  0.0000000E+00   133.5634      0.0000000E+00   40.79020      7.0917420E-03   248.7573       16.80000      0.0000000E+00  0.0000000E+00  0.0000000E+00  0.0000000E+00  0.0000000E+00
           2        1986          11          11 null                                        FERT   3.0904208E-04  0.0000000E+00   133.5634      0.0000000E+00   40.79020      7.0917420E-03   248.7573       34.30000      0.0000000E+00  0.0000000E+00  0.0000000E+00  0.0000000E+00  0.0000000E+00
           1        1986          11          14 null                                        FERT   6.7338319E-03  0.0000000E+00   129.6154      0.0000000E+00   38.70319      6.8617375E-03   213.9186       336.0000      0.0000000E+00  0.0000000E+00  0.0000000E+00  0.0000000E+00  0.0000000E+00
           3        1986          11          14 null                                        FERT   6.7338319E-03  0.0000000E+00   129.6460      0.0000000E+00   38.71836      7.1462938E-03   262.5745       336.0000      0.0000000E+00  0.0000000E+00  0.0000000E+00  0.0000000E+00  0.0000000E+00
           4        1986          11          14 null                                        FERT   6.7338319E-03  0.0000000E+00   129.6905      0.0000000E+00   38.70412      6.8575130E-03   263.0522       336.0000      0.0000000E+00  0.0000000E+00  0.0000000E+00  0.0000000E+00  0.0000000E+00
           5        1986          11          14 null                                        FERT   6.7338319E-03  0.0000000E+00   129.6737      0.0000000E+00   38.71844      7.1685202E-03   269.8700       336.0000      0.0000000E+00  0.0000000E+00  0.0000000E+00  0.0000000E+00  0.0000000E+00
           6        1986          11          14 null                                        FERT   6.7338319E-03  0.0000000E+00   129.7205      0.0000000E+00   38.71424      7.0822276E-03   277.4666       336.0000      0.0000000E+00  0.0000000E+00  0.0000000E+00  0.0000000E+00  0.0000000E+00
           7        1986          11          14 null                                        FERT   6.7338319E-03  0.0000000E+00   129.5935      0.0000000E+00   38.69444      6.6819703E-03   209.9366       336.0000      0.0000000E+00  0.0000000E+00  0.0000000E+00  0.0000000E+00  0.0000000E+00
           8        1986          11          14 null                                        FERT   6.7338319E-03  0.0000000E+00   129.9975      0.0000000E+00   38.68252      6.4375708E-03   229.5706       336.0000      0.0000000E+00  0.0000000E+00  0.0000000E+00  0.0000000E+00  0.0000000E+00
           9        1986          11          14 null                                        FERT   6.7338319E-03  0.0000000E+00   129.7468      0.0000000E+00   38.72561      7.3194117E-03   266.6301       336.0000      0.0000000E+00  0.0000000E+00  0.0000000E+00  0.0000000E+00  0.0000000E+00
          10        1986          11          14 null                                        FERT   6.7338319E-03  0.0000000E+00   129.9060      0.0000000E+00   38.71262      7.0422809E-03   260.7427       336.0000      0.0000000E+00  0.0000000E+00  0.0000000E+00  0.0000000E+00  0.0000000E+00
          11        1986          11          14 null                                        FERT   6.7338319E-03  0.0000000E+00   129.9720      0.0000000E+00   38.73732      7.7779302E-03   298.1917       336.0000      0.0000000E+00  0.0000000E+00  0.0000000E+00  0.0000000E+00  0.0000000E+00
          12        1986          11          14 null                                        FERT   6.7338319E-03  0.0000000E+00   129.9410      0.0000000E+00   38.73026      7.4352268E-03   266.2798       336.0000      0.0000000E+00  0.0000000E+00  0.0000000E+00  0.0000000E+00  0.0000000E+00
           1        1987           4          24 fldcult             TILLAGE   0.1325740      0.0000000E+00   62.00055      0.0000000E+00   4.724107      9.5780306E-03   214.3771      0.5000000    
           3        1987           4          24 fldcult             TILLAGE   0.1325740      0.0000000E+00   62.01530      0.0000000E+00   4.726229      9.9898940E-03   263.0837      0.5000000    
           4        1987           4          24 fldcult             TILLAGE   0.1325740      0.0000000E+00   62.09741      0.0000000E+00   4.724799      9.5752645E-03   263.5679      0.5000000    
           5        1987           4          24 fldcult             TILLAGE   0.1325740      0.0000000E+00   62.05685      0.0000000E+00   4.726459      1.0018189E-02   270.3895      0.5000000    
           6        1987           4          24 fldcult             TILLAGE   0.1325740      0.0000000E+00   62.11281      0.0000000E+00   4.726305      9.9012069E-03   277.9956      0.5000000    
           7        1987           4          24 fldcult             TILLAGE   0.1325740      0.0000000E+00   61.98014      0.0000000E+00   4.722868      9.3068574E-03   210.3913      0.5000000    
           8        1987           4          24 fldcult             TILLAGE   0.1325740      0.0000000E+00   62.57293      0.0000000E+00   4.728580      8.8088047E-03   230.0308      0.5000000    
           9        1987           4          24 fldcult             TILLAGE   0.1325740      0.0000000E+00   62.17617      0.0000000E+00   4.727972      1.0238882E-02   267.1457      0.5000000    
          10        1987           4          24 fldcult             TILLAGE   0.1325740      0.0000000E+00   62.39631      0.0000000E+00   4.727988      9.8350253E-03   261.2477      0.5000000    
          11        1987           4          24 fldcult             TILLAGE   0.1325740      0.0000000E+00   62.63787      0.0000000E+00   4.739610      1.0815698E-02   298.7234      0.5000000    
          12        1987           4          24 fldcult             TILLAGE   0.1325740      0.0000000E+00   62.48647      0.0000000E+00   4.730847      1.0388194E-02   266.7907      0.5000000    
           1        1987           4          25 null                                        FERT   0.1345037      0.0000000E+00   58.49167      0.0000000E+00   4.672189      9.6001551E-03   214.3997       27.00000      0.0000000E+00  0.0000000E+00  0.0000000E+00  0.0000000E+00  0.0000000E+00
           1        1987           4          25 corn                                        PLANT   0.1345037      0.0000000E+00   58.49167      0.0000000E+00   4.672189      9.6001551E-03   214.3997      0.0000000E+00   6.000000    
           2        1987           4          25 null                                        FERT   0.1345037      0.0000000E+00   59.07483      0.0000000E+00   8.204803      9.7931344E-03   249.2730       40.00000      0.0000000E+00  0.0000000E+00  0.0000000E+00  0.0000000E+00  0.0000000E+00
           2        1987           4          25 corn                                        PLANT   0.1345037      0.0000000E+00   59.07483      0.0000000E+00   8.204803      9.7931344E-03   249.2730      0.0000000E+00   6.000000    
           3        1987           4          25 null                                        FERT   0.1345037      0.0000000E+00   58.50642      0.0000000E+00   4.674287      1.0011520E-02   263.1220       27.00000      0.0000000E+00  0.0000000E+00  0.0000000E+00  0.0000000E+00  0.0000000E+00
           3        1987           4          25 corn                                        PLANT   0.1345037      0.0000000E+00   58.50642      0.0000000E+00   4.674287      1.0011520E-02   263.1220      0.0000000E+00   6.000000    
           4        1987           4          25 null                                        FERT   0.1345037      0.0000000E+00   58.58853      0.0000000E+00   4.672873      9.5972903E-03   263.6057       27.00000      0.0000000E+00  0.0000000E+00  0.0000000E+00  0.0000000E+00  0.0000000E+00
           4        1987           4          25 corn                                        PLANT   0.1345037      0.0000000E+00   58.58853      0.0000000E+00   4.672873      9.5972903E-03   263.6057      0.0000000E+00   6.000000    
           5        1987           4          25 null                                        FERT   0.1345037      0.0000000E+00   58.54797      0.0000000E+00   4.674515      1.0039715E-02   270.4298       27.00000      0.0000000E+00  0.0000000E+00  0.0000000E+00  0.0000000E+00  0.0000000E+00
           5        1987           4          25 corn                                        PLANT   0.1345037      0.0000000E+00   58.54797      0.0000000E+00   4.674515      1.0039715E-02   270.4298      0.0000000E+00   6.000000    
           6        1987           4          25 null                                        FERT   0.1345037      0.0000000E+00   58.60393      0.0000000E+00   4.674363      9.9228984E-03   278.0380       27.00000      0.0000000E+00  0.0000000E+00  0.0000000E+00  0.0000000E+00  0.0000000E+00
           6        1987           4          25 corn                                        PLANT   0.1345037      0.0000000E+00   58.60393      0.0000000E+00   4.674363      9.9228984E-03   278.0380      0.0000000E+00   6.000000    
           7        1987           4          25 null                                        FERT   0.1345037      0.0000000E+00   58.47126      0.0000000E+00   4.670964      9.3293041E-03   210.4126       27.00000      0.0000000E+00  0.0000000E+00  0.0000000E+00  0.0000000E+00  0.0000000E+00
           7        1987           4          25 corn                                        PLANT   0.1345037      0.0000000E+00   58.47126      0.0000000E+00   4.670964      9.3293041E-03   210.4126      0.0000000E+00   6.000000    
           8        1987           4          25 null                                        FERT   0.1345037      0.0000000E+00   59.06404      0.0000000E+00   4.676612      8.8321492E-03   230.0543       27.00000      0.0000000E+00  0.0000000E+00  0.0000000E+00  0.0000000E+00  0.0000000E+00
           8        1987           4          25 corn                                        PLANT   0.1345037      0.0000000E+00   59.06404      0.0000000E+00   4.676612      8.8321492E-03   230.0543      0.0000000E+00   6.000000    
           9        1987           4          25 null                                        FERT   0.1345037      0.0000000E+00   58.66729      0.0000000E+00   4.676012      1.0260277E-02   267.1843       27.00000      0.0000000E+00  0.0000000E+00  0.0000000E+00  0.0000000E+00  0.0000000E+00
           9        1987           4          25 corn                                        PLANT   0.1345037      0.0000000E+00   58.66729      0.0000000E+00   4.676012      1.0260277E-02   267.1843      0.0000000E+00   6.000000    
          10        1987           4          25 null                                        FERT   0.1345037      0.0000000E+00   58.88743      0.0000000E+00   4.676028      9.8568490E-03   261.2838       27.00000      0.0000000E+00  0.0000000E+00  0.0000000E+00  0.0000000E+00  0.0000000E+00
          10        1987           4          25 corn                                        PLANT   0.1345037      0.0000000E+00   58.88743      0.0000000E+00   4.676028      9.8568490E-03   261.2838      0.0000000E+00   6.000000    
          11        1987           4          25 null                                        FERT   0.1345037      0.0000000E+00   59.12899      0.0000000E+00   4.687522      1.0836487E-02   298.7639       27.00000      0.0000000E+00  0.0000000E+00  0.0000000E+00  0.0000000E+00  0.0000000E+00
          11        1987           4          25 corn                                        PLANT   0.1345037      0.0000000E+00   59.12899      0.0000000E+00   4.687522      1.0836487E-02   298.7639      0.0000000E+00   6.000000    
          12        1987           4          25 null                                        FERT   0.1345037      0.0000000E+00   58.97759      0.0000000E+00   4.678855      1.0409458E-02   266.8277       27.00000      0.0000000E+00  0.0000000E+00  0.0000000E+00  0.0000000E+00  0.0000000E+00
          12        1987           4          25 corn                                        PLANT   0.1345037      0.0000000E+00   58.97759      0.0000000E+00   4.678855      1.0409458E-02   266.8277      0.0000000E+00   6.000000    
           1        1987           6           4 null                                        FERT   0.2772515      0.1925652       78.96581       10.36465       2.589647      1.6740547E-03   214.8560       180.3000      0.0000000E+00  0.0000000E+00  0.0000000E+00  0.0000000E+00  0.0000000E+00
           2        1987           6           4 null                                        FERT   0.2772515      0.1925652       79.25002       10.58443       3.931566      1.6380535E-03   249.4758       194.9000      0.0000000E+00  0.0000000E+00  0.0000000E+00  0.0000000E+00  0.0000000E+00
           3        1987           6           4 null                                        FERT   0.2772515      0.1925652       78.99535       10.40393       2.590781      1.6740547E-03   263.7644       180.3000      0.0000000E+00  0.0000000E+00  0.0000000E+00  0.0000000E+00  0.0000000E+00
           4        1987           6           4 null                                        FERT   0.2772515      0.1925652       79.04094       10.39222       2.589966      1.6739951E-03   264.3199       180.3000      0.0000000E+00  0.0000000E+00  0.0000000E+00  0.0000000E+00  0.0000000E+00
           5        1987           6           4 null                                        FERT   0.2772515      0.1925652       79.02287       10.41730       2.590888      1.6740547E-03   271.1309       180.3000      0.0000000E+00  0.0000000E+00  0.0000000E+00  0.0000000E+00  0.0000000E+00
           6        1987           6           4 null                                        FERT   0.2772515      0.1925652       79.07010       10.42595       2.590765      1.6737566E-03   278.7948       180.3000      0.0000000E+00  0.0000000E+00  0.0000000E+00  0.0000000E+00  0.0000000E+00
           7        1987           6           4 null                                        FERT   0.2772515      0.1925652       78.94440       10.33931       2.588986      1.6741143E-03   210.8710       180.3000      0.0000000E+00  0.0000000E+00  0.0000000E+00  0.0000000E+00  0.0000000E+00
           8        1987           6           4 null                                        FERT   0.2772515      0.1925652       79.34660       10.34364       2.591307      1.6392455E-03   230.3793       180.3000      0.0000000E+00  0.0000000E+00  0.0000000E+00  0.0000000E+00  0.0000000E+00
           9        1987           6           4 null                                        FERT   0.2772515      0.1925652       79.09499       10.46181       2.591649      1.6735778E-03   267.8788       180.3000      0.0000000E+00  0.0000000E+00  0.0000000E+00  0.0000000E+00  0.0000000E+00
          10        1987           6           4 null                                        FERT   0.2772515      0.1925652       79.25574       10.42400       2.591485      1.6732798E-03   261.8652       180.3000      0.0000000E+00  0.0000000E+00  0.0000000E+00  0.0000000E+00  0.0000000E+00
          11        1987           6           4 null                                        FERT   0.2772515      0.1925652       79.31261       10.62787       2.596759      1.6377554E-03   299.3228       180.3000      0.0000000E+00  0.0000000E+00  0.0000000E+00  0.0000000E+00  0.0000000E+00
          12        1987           6           4 null                                        FERT   0.2772515      0.1925652       79.28822       10.50257       2.592976      1.6730414E-03   267.4260       180.3000      0.0000000E+00  0.0000000E+00  0.0000000E+00  0.0000000E+00  0.0000000E+00
           2        1987          11           8 corn                                        HARV/KILL   0.9489202      0.0000000E+00   12.61924       120.2150       43.73685      2.6754164E-03   250.8102       49.74039      0.0000000E+00  0.0000000E+00  0.0000000E+00  0.0000000E+00  0.0000000E+00
           1        1987          11          10 corn                                        HARV/KILL   0.9521570      0.0000000E+00   10.06170       120.1810       43.64339      2.8522203E-03   215.7396       49.73145      0.0000000E+00  0.0000000E+00  0.0000000E+00  0.0000000E+00  0.0000000E+00
           3        1987          11          10 corn                                        HARV/KILL   0.9521570      0.0000000E+00   10.06159       120.2249       43.66338      2.9572141E-03   264.7613       49.74572      0.0000000E+00  0.0000000E+00  0.0000000E+00  0.0000000E+00  0.0000000E+00
           4        1987          11          10 corn                                        HARV/KILL   0.9521570      0.0000000E+00   10.06169       120.1848       43.64561      2.8726575E-03   265.2806       49.73226      0.0000000E+00  0.0000000E+00  0.0000000E+00  0.0000000E+00  0.0000000E+00
           5        1987          11          10 corn                                        HARV/KILL   0.9521570      0.0000000E+00   10.06155       120.2294       43.66562      2.9793312E-03   272.1266       49.74698      0.0000000E+00  0.0000000E+00  0.0000000E+00  0.0000000E+00  0.0000000E+00
           6        1987          11          10 corn                                        HARV/KILL   0.9521570      0.0000000E+00   10.06162       120.2198       43.66161      2.9429491E-03   279.7927       49.74356      0.0000000E+00  0.0000000E+00  0.0000000E+00  0.0000000E+00  0.0000000E+00
           7        1987          11          10 corn                                        HARV/KILL   0.9521570      0.0000000E+00   10.06175       120.1520       43.63023      2.7873181E-03   211.7283       49.72205      0.0000000E+00  0.0000000E+00  0.0000000E+00  0.0000000E+00  0.0000000E+00
           8        1987          11          10 corn                                        HARV/KILL   0.9521570      0.0000000E+00   10.37368       120.1102       43.60918      2.5870604E-03   231.4331       49.71045      0.0000000E+00  0.0000000E+00  0.0000000E+00  0.0000000E+00  0.0000000E+00
           9        1987          11          10 corn                                        HARV/KILL   0.9521570      0.0000000E+00   10.06149       120.2561       43.67821      3.0095656E-03   268.8668       49.75523      0.0000000E+00  0.0000000E+00  0.0000000E+00  0.0000000E+00  0.0000000E+00
          10        1987          11          10 corn                                        HARV/KILL   0.9521570      0.0000000E+00   10.06166       120.2200       43.66106      2.9153307E-03   262.9166       49.74417      0.0000000E+00  0.0000000E+00  0.0000000E+00  0.0000000E+00  0.0000000E+00
          11        1987          11          10 corn                                        HARV/KILL   0.9521570      0.0000000E+00   11.22710       120.3185       43.70685      3.1165625E-03   300.6588       49.77523      0.0000000E+00  0.0000000E+00  0.0000000E+00  0.0000000E+00  0.0000000E+00
          12        1987          11          10 corn                                        HARV/KILL   0.9521570      0.0000000E+00   10.06141       120.2801       43.68915      3.0412970E-03   268.5029       49.76301      0.0000000E+00  0.0000000E+00  0.0000000E+00  0.0000000E+00  0.0000000E+00
           1        1987          11          12 null                                        FERT   3.8878303E-03  0.0000000E+00   6.453718      0.0000000E+00   42.46497      2.8540303E-03   215.7217       152.7000      0.0000000E+00  0.0000000E+00  0.0000000E+00  0.0000000E+00  0.0000000E+00
           3        1987          11          12 null                                        FERT   3.8878303E-03  0.0000000E+00   6.453610      0.0000000E+00   42.48449      2.9590237E-03   264.7425       152.7000      0.0000000E+00  0.0000000E+00  0.0000000E+00  0.0000000E+00  0.0000000E+00
           4        1987          11          12 null                                        FERT   3.8878303E-03  0.0000000E+00   6.453705      0.0000000E+00   42.46729      2.8744668E-03   265.2615       152.7000      0.0000000E+00  0.0000000E+00  0.0000000E+00  0.0000000E+00  0.0000000E+00
           5        1987          11          12 null                                        FERT   3.8878303E-03  0.0000000E+00   6.453573      0.0000000E+00   42.48674      2.9811407E-03   272.1075       152.7000      0.0000000E+00  0.0000000E+00  0.0000000E+00  0.0000000E+00  0.0000000E+00
           6        1987          11          12 null                                        FERT   3.8878303E-03  0.0000000E+00   6.453635      0.0000000E+00   42.48295      2.9447579E-03   279.7733       152.7000      0.0000000E+00  0.0000000E+00  0.0000000E+00  0.0000000E+00  0.0000000E+00
           7        1987          11          12 null                                        FERT   3.8878303E-03  0.0000000E+00   6.453759      0.0000000E+00   42.45212      2.7891283E-03   211.7105       152.7000      0.0000000E+00  0.0000000E+00  0.0000000E+00  0.0000000E+00  0.0000000E+00
           8        1987          11          12 null                                        FERT   3.8878303E-03  0.0000000E+00   6.765695      0.0000000E+00   42.43426      2.5885312E-03   231.4123       152.7000      0.0000000E+00  0.0000000E+00  0.0000000E+00  0.0000000E+00  0.0000000E+00
           9        1987          11          12 null                                        FERT   3.8878303E-03  0.0000000E+00   6.453513      0.0000000E+00   42.49918      3.0113740E-03   268.8474       152.7000      0.0000000E+00  0.0000000E+00  0.0000000E+00  0.0000000E+00  0.0000000E+00
          10        1987          11          12 null                                        FERT   3.8878303E-03  0.0000000E+00   6.453681      0.0000000E+00   42.48309      2.9171365E-03   262.8968       152.7000      0.0000000E+00  0.0000000E+00  0.0000000E+00  0.0000000E+00  0.0000000E+00
          11        1987          11          12 null                                        FERT   3.8878303E-03  0.0000000E+00   7.619122      0.0000000E+00   42.53144      3.1178652E-03   300.6337       152.7000      0.0000000E+00  0.0000000E+00  0.0000000E+00  0.0000000E+00  0.0000000E+00
          12        1987          11          12 null                                        FERT   3.8878303E-03  0.0000000E+00   6.453437      0.0000000E+00   42.51075      3.0431012E-03   268.4825       152.7000      0.0000000E+00  0.0000000E+00  0.0000000E+00  0.0000000E+00  0.0000000E+00
           1        1987          11          16 fldcult             TILLAGE   1.0955385E-02  0.0000000E+00   2.668938      0.0000000E+00   23.13744      2.8582313E-03   215.6932      0.5000000    
           3        1987          11          16 fldcult             TILLAGE   1.0955385E-02  0.0000000E+00   2.668943      0.0000000E+00   23.14814      2.9632240E-03   264.7123      0.5000000    
           4        1987          11          16 fldcult             TILLAGE   1.0955385E-02  0.0000000E+00   2.668938      0.0000000E+00   23.13884      2.8786664E-03   265.2309      0.5000000    
           5        1987          11          16 fldcult             TILLAGE   1.0955385E-02  0.0000000E+00   2.668942      0.0000000E+00   23.14941      2.9853405E-03   272.0770      0.5000000    
           6        1987          11          16 fldcult             TILLAGE   1.0955385E-02  0.0000000E+00   2.668942      0.0000000E+00   23.14742      2.9489573E-03   279.7423      0.5000000    
           7        1987          11          16 fldcult             TILLAGE   1.0955385E-02  0.0000000E+00   2.668938      0.0000000E+00   23.13042      2.7933295E-03   211.6825      0.5000000    
           8        1987          11          16 fldcult             TILLAGE   1.0955385E-02  0.0000000E+00   2.980762      0.0000000E+00   23.12266      2.5918840E-03   231.3797      0.5000000    
           9        1987          11          16 fldcult             TILLAGE   1.0955385E-02  0.0000000E+00   2.668944      0.0000000E+00   23.15632      3.0155133E-03   268.8165      0.5000000    
          10        1987          11          16 fldcult             TILLAGE   1.0955385E-02  0.0000000E+00   2.668941      0.0000000E+00   23.14798      2.9212725E-03   262.8653      0.5000000    
          11        1987          11          16 fldcult             TILLAGE   1.0955385E-02  0.0000000E+00   3.835310      0.0000000E+00   23.17749      3.1208880E-03   300.5941      0.5000000    
          12        1987          11          16 fldcult             TILLAGE   1.0955385E-02  0.0000000E+00   2.668944      0.0000000E+00   23.16327      3.0471759E-03   268.4501      0.5000000    
           1        1988           4          16 fldcult             TILLAGE   0.1187877      0.0000000E+00  6.0137779E-02  0.0000000E+00   3.778068      4.4829086E-03   216.0193      0.5000000    
           2        1988           4          16 fldcult             TILLAGE   0.1187877      0.0000000E+00   1.781603      0.0000000E+00   6.311661      4.2788959E-03   251.0687      0.5000000    
           3        1988           4          16 fldcult             TILLAGE   0.1187877      0.0000000E+00  6.0135923E-02  0.0000000E+00   3.780356      4.6812724E-03   265.1591      0.5000000    
           4        1988           4          16 fldcult             TILLAGE   0.1187877      0.0000000E+00  6.0137536E-02  0.0000000E+00   3.778846      4.5092488E-03   265.6658      0.5000000    
           5        1988           4          16 fldcult             TILLAGE   0.1187877      0.0000000E+00  6.0135286E-02  0.0000000E+00   3.780736      4.7223927E-03   272.5405      0.5000000    
           6        1988           4          16 fldcult             TILLAGE   0.1187877      0.0000000E+00  6.0136307E-02  0.0000000E+00   3.780713      4.6405979E-03   280.2140      0.5000000    
           7        1988           4          16 fldcult             TILLAGE   0.1187877      0.0000000E+00  6.0138412E-02  0.0000000E+00   3.776469      4.3494930E-03   211.9976      0.5000000    
           8        1988           4          16 fldcult             TILLAGE   0.1187877      0.0000000E+00  0.3719749      0.0000000E+00   3.780544      4.0406263E-03   231.6976      0.5000000    
           9        1988           4          16 fldcult             TILLAGE   0.1187877      0.0000000E+00  6.0134228E-02  0.0000000E+00   3.782390      4.7956547E-03   269.2680      0.5000000    
          10        1988           4          16 fldcult             TILLAGE   0.1187877      0.0000000E+00  6.0137004E-02  0.0000000E+00   3.782298      4.6014939E-03   263.2805      0.5000000    
          11        1988           4          16 fldcult             TILLAGE   0.1187877      0.0000000E+00   1.226494      0.0000000E+00   3.798930      5.0446610E-03   301.0330      0.5000000    
          12        1988           4          16 fldcult             TILLAGE   0.1187877      0.0000000E+00  6.0132761E-02  0.0000000E+00   3.785593      4.8930733E-03   268.8874      0.5000000    
           1        1988           4          30 fldcult             TILLAGE   0.1487129      0.0000000E+00   2.087966      0.0000000E+00   1.851551      4.6582739E-03   216.1487      0.5000000    
           2        1988           4          30 fldcult             TILLAGE   0.1487129      0.0000000E+00   3.809877      0.0000000E+00   3.093224      4.4306498E-03   251.2663      0.5000000    
           3        1988           4          30 fldcult             TILLAGE   0.1487129      0.0000000E+00   2.087956      0.0000000E+00   1.852673      4.8703253E-03   265.3662      0.5000000    
           4        1988           4          30 fldcult             TILLAGE   0.1487129      0.0000000E+00   2.087964      0.0000000E+00   1.851932      4.6870583E-03   265.8719      0.5000000    
           5        1988           4          30 fldcult             TILLAGE   0.1487129      0.0000000E+00   2.087950      0.0000000E+00   1.852859      4.9140421E-03   272.7575      0.5000000    
           6        1988           4          30 fldcult             TILLAGE   0.1487129      0.0000000E+00   2.087957      0.0000000E+00   1.852848      4.8278277E-03   280.4424      0.5000000    
           7        1988           4          30 fldcult             TILLAGE   0.1487129      0.0000000E+00   2.087971      0.0000000E+00   1.850767      4.5157461E-03   212.1216      0.5000000    
           8        1988           4          30 fldcult             TILLAGE   0.1487129      0.0000000E+00   2.399814      0.0000000E+00   1.852767      4.1735126E-03   231.8391      0.5000000    
           9        1988           4          30 fldcult             TILLAGE   0.1487129      0.0000000E+00   2.087944      0.0000000E+00   1.853669      4.9908734E-03   269.4770      0.5000000    
          10        1988           4          30 fldcult             TILLAGE   0.1487129      0.0000000E+00   2.087961      0.0000000E+00   1.853624      4.7850292E-03   263.4786      0.5000000    
          11        1988           4          30 fldcult             TILLAGE   0.1487129      0.0000000E+00   3.254235      0.0000000E+00   1.861782      5.2472483E-03   301.2612      0.5000000    
          12        1988           4          30 fldcult             TILLAGE   0.1487129      0.0000000E+00   2.087934      0.0000000E+00   1.855240      5.0916411E-03   269.0894      0.5000000    
           2        1988           5           5 null                                        FERT   0.1665162      0.0000000E+00   1.723131      0.0000000E+00   2.926067      4.4390522E-03   251.3952       5.350000      0.0000000E+00  0.0000000E+00  0.0000000E+00  0.0000000E+00  0.0000000E+00
           2        1988           5           5 null                                        FERT   0.1665162      0.0000000E+00   1.723131      0.0000000E+00   2.926067      4.4390522E-03   251.3952       6.740000      0.0000000E+00  0.0000000E+00  0.0000000E+00  0.0000000E+00  0.0000000E+00
           2        1988           5           5 null                                        FERT   0.1665162      0.0000000E+00   1.723131      0.0000000E+00   2.926067      4.4390522E-03   251.3952       18.29000      0.0000000E+00  0.0000000E+00  0.0000000E+00  0.0000000E+00  0.0000000E+00
           1        1988           5           6 corn                                        PLANT   0.1697378      0.0000000E+00  3.6420167E-04  0.0000000E+00   1.732087      4.6685268E-03   216.2424      0.0000000E+00   6.000000    
           2        1988           5           6 corn                                        PLANT   0.1697378      0.0000000E+00   1.721721      0.0000000E+00   2.893644      4.4395998E-03   251.4107      0.0000000E+00   6.000000    
           3        1988           5           6 corn                                        PLANT   0.1697378      0.0000000E+00  3.6419876E-04  0.0000000E+00   1.733137      4.8805759E-03   265.5236      0.0000000E+00   6.000000    
           4        1988           5           6 corn                                        PLANT   0.1697378      0.0000000E+00  3.6420114E-04  0.0000000E+00   1.732444      4.6973089E-03   266.0279      0.0000000E+00   6.000000    
           5        1988           5           6 corn                                        PLANT   0.1697378      0.0000000E+00  3.6419631E-04  0.0000000E+00   1.733311      4.9242913E-03   272.9230      0.0000000E+00   6.000000    
           6        1988           5           6 corn                                        PLANT   0.1697378      0.0000000E+00  3.6419899E-04  0.0000000E+00   1.733300      4.8380787E-03   280.6167      0.0000000E+00   6.000000    
           7        1988           5           6 corn                                        PLANT   0.1697378      0.0000000E+00  3.6420370E-04  0.0000000E+00   1.731354      4.5260000E-03   212.2104      0.0000000E+00   6.000000    
           8        1988           5           6 corn                                        PLANT   0.1697378      0.0000000E+00  0.3121993      0.0000000E+00   1.733224      4.1827820E-03   231.9388      0.0000000E+00   6.000000    
           9        1988           5           6 corn                                        PLANT   0.1697378      0.0000000E+00  3.6419439E-04  0.0000000E+00   1.734068      5.0011207E-03   269.6358      0.0000000E+00   6.000000    
          10        1988           5           6 corn                                        PLANT   0.1697378      0.0000000E+00  3.6420103E-04  0.0000000E+00   1.734026      4.7952803E-03   263.6273      0.0000000E+00   6.000000    
          11        1988           5           6 corn                                        PLANT   0.1697378      0.0000000E+00   1.166737      0.0000000E+00   1.741657      5.2553196E-03   301.4304      0.0000000E+00   6.000000    
          12        1988           5           6 corn                                        PLANT   0.1697378      0.0000000E+00  3.6419142E-04  0.0000000E+00   1.735538      5.1018852E-03   269.2419      0.0000000E+00   6.000000    
           1        1988           6          17 null                                        FERT   0.3411365      0.2639695      2.7962139E-02   15.94088      0.8920236      1.6503320E-03   216.6432       119.5000      0.0000000E+00  0.0000000E+00  0.0000000E+00  0.0000000E+00  0.0000000E+00
           2        1988           6          17 null                                        FERT   0.3411365      0.2639695      2.2535352E-02   16.54526       1.489156      1.6332851E-03   251.9803       168.0000      0.0000000E+00  0.0000000E+00  0.0000000E+00  0.0000000E+00  0.0000000E+00
           3        1988           6          17 null                                        FERT   0.3411365      0.2639695      2.7962146E-02   15.94788      0.8925620      1.6503320E-03   266.1809       119.5000      0.0000000E+00  0.0000000E+00  0.0000000E+00  0.0000000E+00  0.0000000E+00
           4        1988           6          17 null                                        FERT   0.3411365      0.2639695      2.7962117E-02   15.94196      0.8922024      1.6503320E-03   266.6799       119.5000      0.0000000E+00  0.0000000E+00  0.0000000E+00  0.0000000E+00  0.0000000E+00
           5        1988           6          17 null                                        FERT   0.3411365      0.2639695      2.7962131E-02   15.94648      0.8926498      1.6503320E-03   273.6133       119.5000      0.0000000E+00  0.0000000E+00  0.0000000E+00  0.0000000E+00  0.0000000E+00
           6        1988           6          17 null                                        FERT   0.3411365      0.2639695      2.7962087E-02   15.94734      0.8926412      1.6503320E-03   281.3427       119.5000      0.0000000E+00  0.0000000E+00  0.0000000E+00  0.0000000E+00  0.0000000E+00
           7        1988           6          17 null                                        FERT   0.3411365      0.2639695      2.7962139E-02   15.93402      0.8916469      1.6503320E-03   212.5926       119.5000      0.0000000E+00  0.0000000E+00  0.0000000E+00  0.0000000E+00  0.0000000E+00
           8        1988           6          17 null                                        FERT   0.3411365      0.2639695      2.7214399E-02   15.92947      0.8924811      1.6332851E-03   232.3691       119.5000      0.0000000E+00  0.0000000E+00  0.0000000E+00  0.0000000E+00  0.0000000E+00
           9        1988           6          17 null                                        FERT   0.3411365      0.2639695      2.7962094E-02   15.94498      0.8930344      1.6503320E-03   270.2996       119.5000      0.0000000E+00  0.0000000E+00  0.0000000E+00  0.0000000E+00  0.0000000E+00
          10        1988           6          17 null                                        FERT   0.3411365      0.2639695      2.7961945E-02   15.94705      0.8929970      1.6503320E-03   264.2515       119.5000      0.0000000E+00  0.0000000E+00  0.0000000E+00  0.0000000E+00  0.0000000E+00
          11        1988           6          17 null                                        FERT   0.3411365      0.2639695      2.6385015E-02   16.00010      0.8965803      1.6332851E-03   302.1483       119.5000      0.0000000E+00  0.0000000E+00  0.0000000E+00  0.0000000E+00  0.0000000E+00
          12        1988           6          17 null                                        FERT   0.3411365      0.2639695      2.7961938E-02   15.94281      0.8937685      1.6503320E-03   269.8821       119.5000      0.0000000E+00  0.0000000E+00  0.0000000E+00  0.0000000E+00  0.0000000E+00
           1        1988          11           4 corn                                        HARV/KILL   0.9486233      0.0000000E+00  1.6000002E-05   89.52554       35.60427      3.2436559E-03   217.0253       34.15983      0.0000000E+00  0.0000000E+00  0.0000000E+00  0.0000000E+00  0.0000000E+00
           2        1988          11           4 corn                                        HARV/KILL   0.9486233      0.0000000E+00  1.6000002E-05   91.48325       35.27198      3.3287131E-03   252.3898       35.99901      0.0000000E+00  0.0000000E+00  0.0000000E+00  0.0000000E+00  0.0000000E+00
           3        1988          11           4 corn                                        HARV/KILL   0.9486233      0.0000000E+00  1.6000002E-05   89.54858       35.61372      3.3358606E-03   266.6031       34.16833      0.0000000E+00  0.0000000E+00  0.0000000E+00  0.0000000E+00  0.0000000E+00
           4        1988          11           4 corn                                        HARV/KILL   0.9486233      0.0000000E+00  1.6000002E-05   89.52872       35.60553      3.2403034E-03   267.1073       34.16105      0.0000000E+00  0.0000000E+00  0.0000000E+00  0.0000000E+00  0.0000000E+00
           5        1988          11           4 corn                                        HARV/KILL   0.9486233      0.0000000E+00  1.6000002E-05   89.55306       35.61555      3.3416098E-03   274.0437       34.17001      0.0000000E+00  0.0000000E+00  0.0000000E+00  0.0000000E+00  0.0000000E+00
           6        1988          11           4 corn                                        HARV/KILL   0.9486233      0.0000000E+00  1.6000002E-05   89.54410       35.61184      3.3118369E-03   281.7803       34.16671      0.0000000E+00  0.0000000E+00  0.0000000E+00  0.0000000E+00  0.0000000E+00
           7        1988          11           4 corn                                        HARV/KILL   0.9486233      0.0000000E+00  1.6000002E-05   89.50985       35.59789      3.1850412E-03   212.9696       34.15394      0.0000000E+00  0.0000000E+00  0.0000000E+00  0.0000000E+00  0.0000000E+00
           8        1988          11           4 corn                                        HARV/KILL   0.9486233      0.0000000E+00  1.6000002E-05   89.57502       35.49014      3.1268497E-03   232.7859       34.30569      0.0000000E+00  0.0000000E+00  0.0000000E+00  0.0000000E+00  0.0000000E+00
           9        1988          11           4 corn                                        HARV/KILL   0.9486233      0.0000000E+00  1.6000002E-05   89.56104       35.61900      3.3812923E-03   270.7288       34.17283      0.0000000E+00  0.0000000E+00  0.0000000E+00  0.0000000E+00  0.0000000E+00
          10        1988          11           4 corn                                        HARV/KILL   0.9486233      0.0000000E+00  1.6000002E-05   89.53970       35.61007      3.2965811E-03   264.6815       34.16508      0.0000000E+00  0.0000000E+00  0.0000000E+00  0.0000000E+00  0.0000000E+00
          11        1988          11           4 corn                                        HARV/KILL   0.9486233      0.0000000E+00  1.6000002E-05   90.41747       35.34010      3.4895854E-03   302.6552       35.08747      0.0000000E+00  0.0000000E+00  0.0000000E+00  0.0000000E+00  0.0000000E+00
          12        1988          11           4 corn                                        HARV/KILL   0.9486233      0.0000000E+00  1.6000002E-05   89.57161       35.62341      3.4082471E-03   270.3206       34.17664      0.0000000E+00  0.0000000E+00  0.0000000E+00  0.0000000E+00  0.0000000E+00
           1        1988          11          21 null                                        FERT   1.6414935E-02  0.0000000E+00   37.39000      0.0000000E+00   28.58820      4.0413206E-03   217.0160       167.9600      0.0000000E+00  0.0000000E+00  0.0000000E+00  0.0000000E+00  0.0000000E+00
           2        1988          11          21 null                                        FERT   1.6414935E-02  0.0000000E+00   37.38214      0.0000000E+00   28.33159      4.1627078E-03   252.3729       167.9600      0.0000000E+00  0.0000000E+00  0.0000000E+00  0.0000000E+00  0.0000000E+00
           3        1988          11          21 null                                        FERT   1.6414935E-02  0.0000000E+00   37.38912      0.0000000E+00   28.59596      4.1812137E-03   266.5934       167.9600      0.0000000E+00  0.0000000E+00  0.0000000E+00  0.0000000E+00  0.0000000E+00
           4        1988          11          21 null                                        FERT   1.6414935E-02  0.0000000E+00   37.39006      0.0000000E+00   28.58959      4.0469668E-03   267.0973       167.9600      0.0000000E+00  0.0000000E+00  0.0000000E+00  0.0000000E+00  0.0000000E+00
           5        1988          11          21 null                                        FERT   1.6414935E-02  0.0000000E+00   37.38902      0.0000000E+00   28.59757      4.1947151E-03   274.0339       167.9600      0.0000000E+00  0.0000000E+00  0.0000000E+00  0.0000000E+00  0.0000000E+00
           6        1988          11          21 null                                        FERT   1.6414935E-02  0.0000000E+00   37.38941      0.0000000E+00   28.59484      4.1492456E-03   281.7700       167.9600      0.0000000E+00  0.0000000E+00  0.0000000E+00  0.0000000E+00  0.0000000E+00
           7        1988          11          21 null                                        FERT   1.6414935E-02  0.0000000E+00   37.39034      0.0000000E+00   28.58296      3.9531440E-03   212.9606       167.9600      0.0000000E+00  0.0000000E+00  0.0000000E+00  0.0000000E+00  0.0000000E+00
           8        1988          11          21 null                                        FERT   1.6414935E-02  0.0000000E+00   37.38922      0.0000000E+00   28.50257      3.8781478E-03   232.7725       167.9600      0.0000000E+00  0.0000000E+00  0.0000000E+00  0.0000000E+00  0.0000000E+00
           9        1988          11          21 null                                        FERT   1.6414935E-02  0.0000000E+00   37.38830      0.0000000E+00   28.60079      4.2569241E-03   270.7183       167.9600      0.0000000E+00  0.0000000E+00  0.0000000E+00  0.0000000E+00  0.0000000E+00
          10        1988          11          21 null                                        FERT   1.6414935E-02  0.0000000E+00   37.38955      0.0000000E+00   28.59483      4.1215401E-03   264.6703       167.9600      0.0000000E+00  0.0000000E+00  0.0000000E+00  0.0000000E+00  0.0000000E+00
          11        1988          11          21 null                                        FERT   1.6414935E-02  0.0000000E+00   37.38217      0.0000000E+00   28.38794      4.4479640E-03   302.6396       167.9600      0.0000000E+00  0.0000000E+00  0.0000000E+00  0.0000000E+00  0.0000000E+00
          12        1988          11          21 null                                        FERT   1.6414935E-02  0.0000000E+00   37.38757      0.0000000E+00   28.60610      4.3023489E-03   270.3084       167.9600      0.0000000E+00  0.0000000E+00  0.0000000E+00  0.0000000E+00  0.0000000E+00
           1        1989           3          31 fldcult             TILLAGE   6.6689953E-02  0.0000000E+00  0.8438951      0.0000000E+00   6.277056      4.9051074E-03   217.2831      0.5000000    
           3        1989           3          31 fldcult             TILLAGE   6.6689953E-02  0.0000000E+00  0.8438954      0.0000000E+00   6.279074      5.1047057E-03   266.9016      0.5000000    
           4        1989           3          31 fldcult             TILLAGE   6.6689953E-02  0.0000000E+00  0.8438954      0.0000000E+00   6.277991      4.9233609E-03   267.4059      0.5000000    
           5        1989           3          31 fldcult             TILLAGE   6.6689953E-02  0.0000000E+00  0.8438954      0.0000000E+00   6.279679      5.1332368E-03   274.3485      0.5000000    
           6        1989           3          31 fldcult             TILLAGE   6.6689953E-02  0.0000000E+00  0.8438954      0.0000000E+00   6.279461      5.0630779E-03   282.0893      0.5000000    
           7        1989           3          31 fldcult             TILLAGE   6.6689953E-02  0.0000000E+00  0.8438951      0.0000000E+00   6.275724      4.7773775E-03   213.2236      0.5000000    
           8        1989           3          31 fldcult             TILLAGE   6.6689953E-02  0.0000000E+00  0.8438945      0.0000000E+00   6.267362      4.6035466E-03   233.0476      0.5000000    
           9        1989           3          31 fldcult             TILLAGE   6.6689953E-02  0.0000000E+00  0.8438956      0.0000000E+00   6.281113      5.2156546E-03   271.0280      0.5000000    
          10        1989           3          31 fldcult             TILLAGE   6.6689953E-02  0.0000000E+00  0.8438956      0.0000000E+00   6.281642      5.0198361E-03   264.9733      0.5000000    
          11        1989           3          31 fldcult             TILLAGE   6.6689953E-02  0.0000000E+00  0.8438976      0.0000000E+00   6.314260      5.3968267E-03   302.9462      0.5000000    
          12        1989           3          31 fldcult             TILLAGE   6.6689953E-02  0.0000000E+00  0.8438958      0.0000000E+00   6.285055      5.2823685E-03   270.6154      0.5000000    
           1        1989           4          16 null                                        FERT   0.1058796      0.0000000E+00  6.4844996E-02  0.0000000E+00   5.174058      5.1240698E-03   217.4377       38.30000      0.0000000E+00  0.0000000E+00  0.0000000E+00  0.0000000E+00  0.0000000E+00
           2        1989           4          16 null                                        FERT   0.1058796      0.0000000E+00  6.4544678E-02  0.0000000E+00   8.406827      5.1391432E-03   252.7322       57.10000      0.0000000E+00  0.0000000E+00  0.0000000E+00  0.0000000E+00  0.0000000E+00
           3        1989           4          16 null                                        FERT   0.1058796      0.0000000E+00  6.4834252E-02  0.0000000E+00   5.175720      5.3330734E-03   267.1558       38.30000      0.0000000E+00  0.0000000E+00  0.0000000E+00  0.0000000E+00  0.0000000E+00
           4        1989           4          16 null                                        FERT   0.1058796      0.0000000E+00  6.4843617E-02  0.0000000E+00   5.174829      5.1438841E-03   267.6577       38.30000      0.0000000E+00  0.0000000E+00  0.0000000E+00  0.0000000E+00  0.0000000E+00
           5        1989           4          16 null                                        FERT   0.1058796      0.0000000E+00  6.4830728E-02  0.0000000E+00   5.176219      5.3632171E-03   274.6155       38.30000      0.0000000E+00  0.0000000E+00  0.0000000E+00  0.0000000E+00  0.0000000E+00
           6        1989           4          16 null                                        FERT   0.1058796      0.0000000E+00  6.4836331E-02  0.0000000E+00   5.176044      5.2901148E-03   282.3701       38.30000      0.0000000E+00  0.0000000E+00  0.0000000E+00  0.0000000E+00  0.0000000E+00
           7        1989           4          16 null                                        FERT   0.1058796      0.0000000E+00  6.4848870E-02  0.0000000E+00   5.172957      4.9898238E-03   213.3708       38.30000      0.0000000E+00  0.0000000E+00  0.0000000E+00  0.0000000E+00  0.0000000E+00
           8        1989           4          16 null                                        FERT   0.1058796      0.0000000E+00  6.4855911E-02  0.0000000E+00   5.166107      4.7909920E-03   233.2122       38.30000      0.0000000E+00  0.0000000E+00  0.0000000E+00  0.0000000E+00  0.0000000E+00
           9        1989           4          16 null                                        FERT   0.1058796      0.0000000E+00  6.4824633E-02  0.0000000E+00   5.177408      5.4479837E-03   271.2849       38.30000      0.0000000E+00  0.0000000E+00  0.0000000E+00  0.0000000E+00  0.0000000E+00
          10        1989           4          16 null                                        FERT   0.1058796      0.0000000E+00  6.4839840E-02  0.0000000E+00   5.177851      5.2444949E-03   265.2145       38.30000      0.0000000E+00  0.0000000E+00  0.0000000E+00  0.0000000E+00  0.0000000E+00
          11        1989           4          16 null                                        FERT   0.1058796      0.0000000E+00  6.4748764E-02  0.0000000E+00   5.204806      5.6308662E-03   303.2231       38.30000      0.0000000E+00  0.0000000E+00  0.0000000E+00  0.0000000E+00  0.0000000E+00
          12        1989           4          16 null                                        FERT   0.1058796      0.0000000E+00  6.4815961E-02  0.0000000E+00   5.180669      5.5167796E-03   270.8634       38.30000      0.0000000E+00  0.0000000E+00  0.0000000E+00  0.0000000E+00  0.0000000E+00
           1        1989           5           5 corn                                        PLANT   0.1563408      0.0000000E+00   11.68535      0.0000000E+00   3.873884      5.9715300E-03   217.5806      0.0000000E+00   6.000000    
           2        1989           5           5 corn                                        PLANT   0.1563408      0.0000000E+00   11.68839      0.0000000E+00   6.147491      5.9120450E-03   252.8620      0.0000000E+00   6.000000    
           3        1989           5           5 corn                                        PLANT   0.1563408      0.0000000E+00   11.68473      0.0000000E+00   3.875128      6.2296456E-03   267.3849      0.0000000E+00   6.000000    
           4        1989           5           5 corn                                        PLANT   0.1563408      0.0000000E+00   11.68536      0.0000000E+00   3.874457      6.0012816E-03   267.8850      0.0000000E+00   6.000000    
           5        1989           5           5 corn                                        PLANT   0.1563408      0.0000000E+00   11.68463      0.0000000E+00   3.875499      6.2692673E-03   274.8559      0.0000000E+00   6.000000    
           6        1989           5           5 corn                                        PLANT   0.1563408      0.0000000E+00   11.68492      0.0000000E+00   3.875365      6.1802776E-03   282.6225      0.0000000E+00   6.000000    
           7        1989           5           5 corn                                        PLANT   0.1563408      0.0000000E+00   11.68558      0.0000000E+00   3.873063      5.8033909E-03   213.5073      0.0000000E+00   6.000000    
           8        1989           5           5 corn                                        PLANT   0.1563408      0.0000000E+00   11.68526      0.0000000E+00   3.867860      5.4786629E-03   233.3650      0.0000000E+00   6.000000    
           9        1989           5           5 corn                                        PLANT   0.1563408      0.0000000E+00   11.68419      0.0000000E+00   3.876382      6.3754963E-03   271.5166      0.0000000E+00   6.000000    
          10        1989           5           5 corn                                        PLANT   0.1563408      0.0000000E+00   11.68506      0.0000000E+00   3.876701      6.1217058E-03   265.4329      0.0000000E+00   6.000000    
          11        1989           5           5 corn                                        PLANT   0.1563408      0.0000000E+00   11.68013      0.0000000E+00   3.896778      6.6373092E-03   303.4741      0.0000000E+00   6.000000    
          12        1989           5           5 corn                                        PLANT   0.1563408      0.0000000E+00   11.68371      0.0000000E+00   3.878802      6.4674616E-03   271.0877      0.0000000E+00   6.000000    
           1        1989           6          11 null                                        FERT   0.3128293      0.2439480       3.437084       18.66790       1.880224      1.6655312E-03   217.7283       123.2000      0.0000000E+00  0.0000000E+00  0.0000000E+00  0.0000000E+00  0.0000000E+00
           2        1989           6          11 null                                        FERT   0.3128293      0.2439480       3.437078       18.66220       2.981790      1.6325102E-03   253.0696       112.0000      0.0000000E+00  0.0000000E+00  0.0000000E+00  0.0000000E+00  0.0000000E+00
           3        1989           6          11 null                                        FERT   0.3128293      0.2439480       3.436956       18.67715       1.880805      1.6655312E-03   267.6082       123.2000      0.0000000E+00  0.0000000E+00  0.0000000E+00  0.0000000E+00  0.0000000E+00
           4        1989           6          11 null                                        FERT   0.3128293      0.2439480       3.437067       18.66836       1.880454      1.6655312E-03   268.1075       123.2000      0.0000000E+00  0.0000000E+00  0.0000000E+00  0.0000000E+00  0.0000000E+00
           5        1989           6          11 null                                        FERT   0.3128293      0.2439480       3.436916       18.67826       1.880967      1.6655312E-03   275.0893       123.2000      0.0000000E+00  0.0000000E+00  0.0000000E+00  0.0000000E+00  0.0000000E+00
           6        1989           6          11 null                                        FERT   0.3128293      0.2439480       3.436981       18.67481       1.880871      1.6655312E-03   282.8668       123.2000      0.0000000E+00  0.0000000E+00  0.0000000E+00  0.0000000E+00  0.0000000E+00
           7        1989           6          11 null                                        FERT   0.3128293      0.2439480       3.437130       18.66193       1.879840      1.6655312E-03   213.6490       123.2000      0.0000000E+00  0.0000000E+00  0.0000000E+00  0.0000000E+00  0.0000000E+00
           8        1989           6          11 null                                        FERT   0.3128293      0.2439480       3.437187       18.65144       1.876567      1.6325102E-03   233.5273       123.2000      0.0000000E+00  0.0000000E+00  0.0000000E+00  0.0000000E+00  0.0000000E+00
           9        1989           6          11 null                                        FERT   0.3128293      0.2439480       3.436840       18.68187       1.881341      1.6655312E-03   271.7431       123.2000      0.0000000E+00  0.0000000E+00  0.0000000E+00  0.0000000E+00  0.0000000E+00
          10        1989           6          11 null                                        FERT   0.3128293      0.2439480       3.437016       18.67280       1.881349      1.6655312E-03   265.6490       123.2000      0.0000000E+00  0.0000000E+00  0.0000000E+00  0.0000000E+00  0.0000000E+00
          11        1989           6          11 null                                        FERT   0.3128293      0.2439480       3.435917       18.68796       1.889897      1.6325102E-03   303.7309       123.2000      0.0000000E+00  0.0000000E+00  0.0000000E+00  0.0000000E+00  0.0000000E+00
          12        1989           6          11 null                                        FERT   0.3128293      0.2439480       3.436734       18.68482       1.882300      1.6655312E-03   271.3099       123.2000      0.0000000E+00  0.0000000E+00  0.0000000E+00  0.0000000E+00  0.0000000E+00
           1        1989          11           5 corn                                        HARV/KILL   0.9453757      0.0000000E+00   23.84800       111.6090       44.88771      4.1929218E-03   218.1294       42.22346      0.0000000E+00  0.0000000E+00  0.0000000E+00  0.0000000E+00  0.0000000E+00
           3        1989          11           5 corn                                        HARV/KILL   0.9453757      0.0000000E+00   23.84744       111.6362       44.89973      4.3355031E-03   268.1154       42.23262      0.0000000E+00  0.0000000E+00  0.0000000E+00  0.0000000E+00  0.0000000E+00
           4        1989          11           5 corn                                        HARV/KILL   0.9453757      0.0000000E+00   23.84801       111.6122       44.88903      4.1701286E-03   268.6167       42.22461      0.0000000E+00  0.0000000E+00  0.0000000E+00  0.0000000E+00  0.0000000E+00
           5        1989          11           5 corn                                        HARV/KILL   0.9453757      0.0000000E+00   23.84734       111.6403       44.90157      4.3221144E-03   275.6125       42.23405      0.0000000E+00  0.0000000E+00  0.0000000E+00  0.0000000E+00  0.0000000E+00
           6        1989          11           5 corn                                        HARV/KILL   0.9453757      0.0000000E+00   23.84762       111.6310       44.89735      4.2880555E-03   283.4069       42.23097      0.0000000E+00  0.0000000E+00  0.0000000E+00  0.0000000E+00  0.0000000E+00
           7        1989          11           5 corn                                        HARV/KILL   0.9453757      0.0000000E+00   23.84821       111.5914       44.87994      4.1017602E-03   214.0420       42.21745      0.0000000E+00  0.0000000E+00  0.0000000E+00  0.0000000E+00  0.0000000E+00
           8        1989          11           5 corn                                        HARV/KILL   0.9453757      0.0000000E+00   23.84799       111.5501       44.86161      4.0696366E-03   233.9628       42.20338      0.0000000E+00  0.0000000E+00  0.0000000E+00  0.0000000E+00  0.0000000E+00
           9        1989          11           5 corn                                        HARV/KILL   0.9453757      0.0000000E+00   23.84695       111.6515       44.90656      4.4203787E-03   272.2581       42.23775      0.0000000E+00  0.0000000E+00  0.0000000E+00  0.0000000E+00  0.0000000E+00
          10        1989          11           5 corn                                        HARV/KILL   0.9453757      0.0000000E+00   23.84776       111.6251       44.89465      4.2832689E-03   266.1516       42.22901      0.0000000E+00  0.0000000E+00  0.0000000E+00  0.0000000E+00  0.0000000E+00
          11        1989          11           5 corn                                        HARV/KILL   0.9453757      0.0000000E+00   23.84319       111.6620       44.91389      4.6503609E-03   304.3142       42.23990      0.0000000E+00  0.0000000E+00  0.0000000E+00  0.0000000E+00  0.0000000E+00
          12        1989          11           5 corn                                        HARV/KILL   0.9453757      0.0000000E+00   23.84652       111.6614       44.91095      4.4738105E-03   271.8232       42.24107      0.0000000E+00  0.0000000E+00  0.0000000E+00  0.0000000E+00  0.0000000E+00
           2        1989          11           7 corn                                        HARV/KILL   0.9462435      0.0000000E+00   21.41304       111.5921       44.94779      4.4105048E-03   253.6622       42.21681      0.0000000E+00  0.0000000E+00  0.0000000E+00  0.0000000E+00  0.0000000E+00
           1        1989          11          10 chisplow            TILLAGE   4.6347496E-03  0.0000000E+00   16.77868      0.0000000E+00   21.06898      4.2031840E-03   218.1263      0.6500000    
           3        1989          11          10 chisplow            TILLAGE   4.6347496E-03  0.0000000E+00   16.77813      0.0000000E+00   21.07472      4.3457602E-03   268.1130      0.6500000    
           4        1989          11          10 chisplow            TILLAGE   4.6347496E-03  0.0000000E+00   16.77870      0.0000000E+00   21.06981      4.1803797E-03   268.6141      0.6500000    
           5        1989          11          10 chisplow            TILLAGE   4.6347496E-03  0.0000000E+00   16.77803      0.0000000E+00   21.07566      4.3323664E-03   275.6102      0.6500000    
           6        1989          11          10 chisplow            TILLAGE   4.6347496E-03  0.0000000E+00   16.77830      0.0000000E+00   21.07380      4.2983014E-03   283.4044      0.6500000    
           7        1989          11          10 chisplow            TILLAGE   4.6347496E-03  0.0000000E+00   16.77889      0.0000000E+00   21.06527      4.1120257E-03   214.0390      0.6500000    
           8        1989          11          10 chisplow            TILLAGE   4.6347496E-03  0.0000000E+00   16.77867      0.0000000E+00   21.05968      4.0791165E-03   233.9575      0.6500000    
           9        1989          11          10 chisplow            TILLAGE   4.6347496E-03  0.0000000E+00   16.77764      0.0000000E+00   21.07822      4.4306186E-03   272.2554      0.6500000    
          10        1989          11          10 chisplow            TILLAGE   4.6347496E-03  0.0000000E+00   16.77844      0.0000000E+00   21.07323      4.2934744E-03   266.1484      0.6500000    
          11        1989          11          10 chisplow            TILLAGE   4.6347496E-03  0.0000000E+00   16.77388      0.0000000E+00   21.08683      4.6594613E-03   304.3058      0.6500000    
          12        1989          11          10 chisplow            TILLAGE   4.6347496E-03  0.0000000E+00   16.77721      0.0000000E+00   21.08116      4.4840002E-03   271.8197      0.6500000    
           1        1989          12           2 null                                        FERT   3.0516908E-02  0.0000000E+00  0.7772173      0.0000000E+00   16.41807      4.2381505E-03   218.4247       147.7000      0.0000000E+00  0.0000000E+00  0.0000000E+00  0.0000000E+00  0.0000000E+00
           2        1989          12           2 null                                        FERT   2.9649124E-02  0.0000000E+00   1.259732      0.0000000E+00   32.33420      4.4641062E-03   253.6759       142.7000      0.0000000E+00  0.0000000E+00  0.0000000E+00  0.0000000E+00  0.0000000E+00
           3        1989          12           2 null                                        FERT   3.0516908E-02  0.0000000E+00  0.7771930      0.0000000E+00   16.42256      4.3748096E-03   268.6285       147.7000      0.0000000E+00  0.0000000E+00  0.0000000E+00  0.0000000E+00  0.0000000E+00
           4        1989          12           2 null                                        FERT   3.0516908E-02  0.0000000E+00  0.7772179      0.0000000E+00   16.41875      4.2149532E-03   269.1241       147.7000      0.0000000E+00  0.0000000E+00  0.0000000E+00  0.0000000E+00  0.0000000E+00
           5        1989          12           2 null                                        FERT   3.0516908E-02  0.0000000E+00  0.7771893      0.0000000E+00   16.42331      4.3606814E-03   276.1530       147.7000      0.0000000E+00  0.0000000E+00  0.0000000E+00  0.0000000E+00  0.0000000E+00
           6        1989          12           2 null                                        FERT   3.0516908E-02  0.0000000E+00  0.7772010      0.0000000E+00   16.42188      4.3288814E-03   283.9768       147.7000      0.0000000E+00  0.0000000E+00  0.0000000E+00  0.0000000E+00  0.0000000E+00
           7        1989          12           2 null                                        FERT   3.0516908E-02  0.0000000E+00  0.7772259      0.0000000E+00   16.41517      4.1508735E-03   214.3210       147.7000      0.0000000E+00  0.0000000E+00  0.0000000E+00  0.0000000E+00  0.0000000E+00
           8        1989          12           2 null                                        FERT   3.0516908E-02  0.0000000E+00  0.7772148      0.0000000E+00   16.41152      4.1265199E-03   234.2654       147.7000      0.0000000E+00  0.0000000E+00  0.0000000E+00  0.0000000E+00  0.0000000E+00
           9        1989          12           2 null                                        FERT   3.0516908E-02  0.0000000E+00  0.7771717      0.0000000E+00   16.42535      4.4574342E-03   272.7756       147.7000      0.0000000E+00  0.0000000E+00  0.0000000E+00  0.0000000E+00  0.0000000E+00
          10        1989          12           2 null                                        FERT   3.0516908E-02  0.0000000E+00  0.7772065      0.0000000E+00   16.42161      4.3252804E-03   266.6314       147.7000      0.0000000E+00  0.0000000E+00  0.0000000E+00  0.0000000E+00  0.0000000E+00
          11        1989          12           2 null                                        FERT   3.0516908E-02  0.0000000E+00  0.7770057      0.0000000E+00   16.43342      4.6763383E-03   304.8391       147.7000      0.0000000E+00  0.0000000E+00  0.0000000E+00  0.0000000E+00  0.0000000E+00
          12        1989          12           2 null                                        FERT   3.0516908E-02  0.0000000E+00  0.7771522      0.0000000E+00   16.42786      4.5092367E-03   272.3161       147.7000      0.0000000E+00  0.0000000E+00  0.0000000E+00  0.0000000E+00  0.0000000E+00
           1        1990           4           1 fldcult             TILLAGE   8.1058443E-02  0.0000000E+00   82.17178      0.0000000E+00   3.533198      6.7763422E-03   218.7652      0.5000000    
           3        1990           4           1 fldcult             TILLAGE   8.1058443E-02  0.0000000E+00   82.17204      0.0000000E+00   3.534039      7.0506218E-03   268.9775      0.5000000    
           4        1990           4           1 fldcult             TILLAGE   8.1058443E-02  0.0000000E+00   82.17796      0.0000000E+00   3.533483      6.7067533E-03   269.4777      0.5000000    
           5        1990           4           1 fldcult             TILLAGE   8.1058443E-02  0.0000000E+00   82.17406      0.0000000E+00   3.534193      7.0066801E-03   276.5061      0.5000000    
           6        1990           4           1 fldcult             TILLAGE   8.1058443E-02  0.0000000E+00   82.17783      0.0000000E+00   3.534015      6.9499598E-03   284.3323      0.5000000    
           7        1990           4           1 fldcult             TILLAGE   8.1058443E-02  0.0000000E+00   82.17049      0.0000000E+00   3.532404      6.6144741E-03   214.6594      0.5000000    
           8        1990           4           1 fldcult             TILLAGE   8.1058443E-02  0.0000000E+00   82.18857      0.0000000E+00   3.570532      6.6805216E-03   234.6272      0.5000000    
           9        1990           4           1 fldcult             TILLAGE   8.1058443E-02  0.0000000E+00   82.17533      0.0000000E+00   3.534663      7.2352882E-03   273.1302      0.5000000    
          10        1990           4           1 fldcult             TILLAGE   8.1058443E-02  0.0000000E+00   82.18697      0.0000000E+00   3.534343      6.9596642E-03   266.9877      0.5000000    
          11        1990           4           1 fldcult             TILLAGE   8.1058443E-02  0.0000000E+00   82.15865      0.0000000E+00   3.576050      7.5697755E-03   305.2520      0.5000000    
          12        1990           4           1 fldcult             TILLAGE   8.1058443E-02  0.0000000E+00   82.18071      0.0000000E+00   3.535536      7.3497784E-03   272.6788      0.5000000    
           1        1990           4          28 corn                                        PLANT   0.1503247      0.0000000E+00   24.09991      0.0000000E+00   2.513381      7.0747337E-03   218.9969      0.0000000E+00   6.000000    
           2        1990           4          28 corn                                        PLANT   0.1503247      0.0000000E+00   24.03572      0.0000000E+00   7.685063      7.6571931E-03   254.3584      0.0000000E+00   6.000000    
           3        1990           4          28 corn                                        PLANT   0.1503247      0.0000000E+00   24.10015      0.0000000E+00   2.513978      7.3779146E-03   269.2935      0.0000000E+00   6.000000    
           4        1990           4          28 corn                                        PLANT   0.1503247      0.0000000E+00   24.10608      0.0000000E+00   2.513578      7.0104329E-03   269.7946      0.0000000E+00   6.000000    
           5        1990           4          28 corn                                        PLANT   0.1503247      0.0000000E+00   24.10216      0.0000000E+00   2.514085      7.3409774E-03   276.8342      0.0000000E+00   6.000000    
           6        1990           4          28 corn                                        PLANT   0.1503247      0.0000000E+00   24.10594      0.0000000E+00   2.513956      7.2727990E-03   284.6740      0.0000000E+00   6.000000    
           7        1990           4          28 corn                                        PLANT   0.1503247      0.0000000E+00   24.09862      0.0000000E+00   2.512815      6.8966202E-03   214.8848      0.0000000E+00   6.000000    
           8        1990           4          28 corn                                        PLANT   0.1503247      0.0000000E+00   24.11660      0.0000000E+00   2.539891      6.9150161E-03   234.8779      0.0000000E+00   6.000000    
           9        1990           4          28 corn                                        PLANT   0.1503247      0.0000000E+00   24.10343      0.0000000E+00   2.514416      7.5794128E-03   273.4519      0.0000000E+00   6.000000    
          10        1990           4          28 corn                                        PLANT   0.1503247      0.0000000E+00   24.11507      0.0000000E+00   2.514179      7.2745434E-03   267.2976      0.0000000E+00   6.000000    
          11        1990           4          28 corn                                        PLANT   0.1503247      0.0000000E+00   24.08660      0.0000000E+00   2.543782      7.9517951E-03   305.6141      0.0000000E+00   6.000000    
          12        1990           4          28 corn                                        PLANT   0.1503247      0.0000000E+00   24.10880      0.0000000E+00   2.515023      7.7043273E-03   272.9965      0.0000000E+00   6.000000    
           1        1990           6           1 null                                        FERT   0.2716061      0.1592453       121.5088       9.413554       1.364985      1.9330048E-03   219.3730       181.4000      0.0000000E+00  0.0000000E+00  0.0000000E+00  0.0000000E+00  0.0000000E+00
           2        1990           6           1 null                                        FERT   0.2716061      0.1592453       123.9355       9.608172       4.125934      2.6689514E-03   254.8017       210.6000      0.0000000E+00  0.0000000E+00  0.0000000E+00  0.0000000E+00  0.0000000E+00
           3        1990           6           1 null                                        FERT   0.2716061      0.1592453       121.6636       9.459123       1.365294      1.9554871E-03   269.8321       181.4000      0.0000000E+00  0.0000000E+00  0.0000000E+00  0.0000000E+00  0.0000000E+00
           4        1990           6           1 null                                        FERT   0.2716061      0.1592453       121.8523       9.426057       1.365061      1.9970275E-03   270.3300       181.4000      0.0000000E+00  0.0000000E+00  0.0000000E+00  0.0000000E+00  0.0000000E+00
           5        1990           6           1 null                                        FERT   0.2716061      0.1592453       121.7933       9.462125       1.365341      1.9799741E-03   277.3964       181.4000      0.0000000E+00  0.0000000E+00  0.0000000E+00  0.0000000E+00  0.0000000E+00
           6        1990           6           1 null                                        FERT   0.2716061      0.1592453       122.0083       9.466112       1.365252      2.0226995E-03   285.2450       181.4000      0.0000000E+00  0.0000000E+00  0.0000000E+00  0.0000000E+00  0.0000000E+00
           7        1990           6           1 null                                        FERT   0.2716061      0.1592453       121.4065       9.386685       1.364687      1.9194074E-03   215.2374       181.4000      0.0000000E+00  0.0000000E+00  0.0000000E+00  0.0000000E+00  0.0000000E+00
           8        1990           6           1 null                                        FERT   0.2716061      0.1592453       123.7124       9.349520       1.378960      2.2061768E-03   235.2566       181.4000      0.0000000E+00  0.0000000E+00  0.0000000E+00  0.0000000E+00  0.0000000E+00
           9        1990           6           1 null                                        FERT   0.2716061      0.1592453       122.1623       9.513272       1.365487      2.0514966E-03   273.9901       181.4000      0.0000000E+00  0.0000000E+00  0.0000000E+00  0.0000000E+00  0.0000000E+00
          10        1990           6           1 null                                        FERT   0.2716061      0.1592453       123.0041       9.437431       1.365268      2.1283654E-03   267.8107       181.4000      0.0000000E+00  0.0000000E+00  0.0000000E+00  0.0000000E+00  0.0000000E+00
          11        1990           6           1 null                                        FERT   0.2716061      0.1592453       124.0444       9.569484       1.380754      2.5345809E-03   306.2241       181.4000      0.0000000E+00  0.0000000E+00  0.0000000E+00  0.0000000E+00  0.0000000E+00
          12        1990           6           1 null                                        FERT   0.2716061      0.1592453       123.3230       9.514893       1.365687      2.2319364E-03   273.5300       181.4000      0.0000000E+00  0.0000000E+00  0.0000000E+00  0.0000000E+00  0.0000000E+00
           1        1990          10           7 corn                                        HARV/KILL   0.8812814      0.0000000E+00   14.19330       122.7349       44.64771      2.5566127E-03   219.7742       50.73952      0.0000000E+00  0.0000000E+00  0.0000000E+00  0.0000000E+00  0.0000000E+00
           2        1990          10           7 corn                                        HARV/KILL   0.8812814      0.0000000E+00   14.19287       122.8334       44.95324      2.4690395E-03   255.4534       50.75763      0.0000000E+00  0.0000000E+00  0.0000000E+00  0.0000000E+00  0.0000000E+00
           3        1990          10           7 corn                                        HARV/KILL   0.8812814      0.0000000E+00   14.19295       122.7688       44.66388      2.6207422E-03   270.3129       50.74986      0.0000000E+00  0.0000000E+00  0.0000000E+00  0.0000000E+00  0.0000000E+00
           4        1990          10           7 corn                                        HARV/KILL   0.8812814      0.0000000E+00   14.19327       122.7333       44.64849      2.5703767E-03   270.8173       50.73756      0.0000000E+00  0.0000000E+00  0.0000000E+00  0.0000000E+00  0.0000000E+00
           5        1990          10           7 corn                                        HARV/KILL   0.8812814      0.0000000E+00   14.19285       122.7670       44.66364      2.6331958E-03   277.8916       50.74874      0.0000000E+00  0.0000000E+00  0.0000000E+00  0.0000000E+00  0.0000000E+00
           6        1990          10           7 corn                                        HARV/KILL   0.8812814      0.0000000E+00   14.19303       122.7628       44.66267      2.6131989E-03   285.7599       50.74643      0.0000000E+00  0.0000000E+00  0.0000000E+00  0.0000000E+00  0.0000000E+00
           7        1990          10           7 corn                                        HARV/KILL   0.8812814      0.0000000E+00   14.19342       122.7148       44.63811      2.5128934E-03   215.6329       50.73339      0.0000000E+00  0.0000000E+00  0.0000000E+00  0.0000000E+00  0.0000000E+00
           8        1990          10           7 corn                                        HARV/KILL   0.8812814      0.0000000E+00   14.19350       122.7317       44.64741      2.3794661E-03   235.7356       50.73796      0.0000000E+00  0.0000000E+00  0.0000000E+00  0.0000000E+00  0.0000000E+00
           9        1990          10           7 corn                                        HARV/KILL   0.8812814      0.0000000E+00   14.19264       122.7969       44.67910      2.6497475E-03   274.4867       50.75665      0.0000000E+00  0.0000000E+00  0.0000000E+00  0.0000000E+00  0.0000000E+00
          10        1990          10           7 corn                                        HARV/KILL   0.8812814      0.0000000E+00   14.19312       122.7703       44.66640      2.5987166E-03   268.3141       50.74849      0.0000000E+00  0.0000000E+00  0.0000000E+00  0.0000000E+00  0.0000000E+00
          11        1990          10           7 corn                                        HARV/KILL   0.8812814      0.0000000E+00   14.19022       122.8566       44.71528      2.6973009E-03   306.8217       50.76863      0.0000000E+00  0.0000000E+00  0.0000000E+00  0.0000000E+00  0.0000000E+00
          12        1990          10           7 corn                                        HARV/KILL   0.8812814      0.0000000E+00   14.19236       122.8214       44.69236      2.6676881E-03   274.0434       50.76252      0.0000000E+00  0.0000000E+00  0.0000000E+00  0.0000000E+00  0.0000000E+00
           1        1990          10           9 null                                        FERT   4.4823862E-03  0.0000000E+00   8.754532      0.0000000E+00   43.16947      2.5652985E-03   219.7730       142.7000      0.0000000E+00  0.0000000E+00  0.0000000E+00  0.0000000E+00  0.0000000E+00
           2        1990          10           9 null                                        FERT   4.4823862E-03  0.0000000E+00   8.754212      0.0000000E+00   43.46386      2.4773779E-03   255.4518       142.7000      0.0000000E+00  0.0000000E+00  0.0000000E+00  0.0000000E+00  0.0000000E+00
           3        1990          10           9 null                                        FERT   4.4823862E-03  0.0000000E+00   8.754214      0.0000000E+00   43.18505      2.6294282E-03   270.3139       142.7000      0.0000000E+00  0.0000000E+00  0.0000000E+00  0.0000000E+00  0.0000000E+00
           4        1990          10           9 null                                        FERT   4.4823862E-03  0.0000000E+00   8.754507      0.0000000E+00   43.17013      2.5790634E-03   270.8181       142.7000      0.0000000E+00  0.0000000E+00  0.0000000E+00  0.0000000E+00  0.0000000E+00
           5        1990          10           9 null                                        FERT   4.4823862E-03  0.0000000E+00   8.754128      0.0000000E+00   43.18478      2.6418820E-03   277.8929       142.7000      0.0000000E+00  0.0000000E+00  0.0000000E+00  0.0000000E+00  0.0000000E+00
           6        1990          10           9 null                                        FERT   4.4823862E-03  0.0000000E+00   8.754291      0.0000000E+00   43.18380      2.6218859E-03   285.7614       142.7000      0.0000000E+00  0.0000000E+00  0.0000000E+00  0.0000000E+00  0.0000000E+00
           7        1990          10           9 null                                        FERT   4.4823862E-03  0.0000000E+00   8.754646      0.0000000E+00   43.16020      2.5215789E-03   215.6317       142.7000      0.0000000E+00  0.0000000E+00  0.0000000E+00  0.0000000E+00  0.0000000E+00
           8        1990          10           9 null                                        FERT   4.4823862E-03  0.0000000E+00   8.754715      0.0000000E+00   43.16845      2.3879032E-03   235.7332       142.7000      0.0000000E+00  0.0000000E+00  0.0000000E+00  0.0000000E+00  0.0000000E+00
           9        1990          10           9 null                                        FERT   4.4823862E-03  0.0000000E+00   8.753932      0.0000000E+00   43.19965      2.6584347E-03   274.4875       142.7000      0.0000000E+00  0.0000000E+00  0.0000000E+00  0.0000000E+00  0.0000000E+00
          10        1990          10           9 null                                        FERT   4.4823862E-03  0.0000000E+00   8.754377      0.0000000E+00   43.18712      2.6074063E-03   268.3141       142.7000      0.0000000E+00  0.0000000E+00  0.0000000E+00  0.0000000E+00  0.0000000E+00
          11        1990          10           9 null                                        FERT   4.4823862E-03  0.0000000E+00   8.751715      0.0000000E+00   43.23376      2.7052809E-03   306.8202       142.7000      0.0000000E+00  0.0000000E+00  0.0000000E+00  0.0000000E+00  0.0000000E+00
          12        1990          10           9 null                                        FERT   4.4823862E-03  0.0000000E+00   8.753678      0.0000000E+00   43.21211      2.6763787E-03   274.0433       142.7000      0.0000000E+00  0.0000000E+00  0.0000000E+00  0.0000000E+00  0.0000000E+00
           1        1990          10          11 chisplow            TILLAGE   9.6509187E-03  0.0000000E+00   7.832209      0.0000000E+00   20.92202      2.6472125E-03   219.7712      0.6500000    
           3        1990          10          11 chisplow            TILLAGE   9.6509187E-03  0.0000000E+00   7.831915      0.0000000E+00   20.92956      2.7175215E-03   270.3136      0.6500000    
           4        1990          10          11 chisplow            TILLAGE   9.6509187E-03  0.0000000E+00   7.832185      0.0000000E+00   20.92231      2.6621798E-03   270.8176      0.6500000    
           5        1990          10          11 chisplow            TILLAGE   9.6509187E-03  0.0000000E+00   7.831834      0.0000000E+00   20.92942      2.7312520E-03   277.8927      0.6500000    
           6        1990          10          11 chisplow            TILLAGE   9.6509187E-03  0.0000000E+00   7.831985      0.0000000E+00   20.92893      2.7091342E-03   285.7613      0.6500000    
           7        1990          10          11 chisplow            TILLAGE   9.6509187E-03  0.0000000E+00   7.832314      0.0000000E+00   20.91753      2.5996328E-03   215.6300      0.6500000    
           8        1990          10          11 chisplow            TILLAGE   9.6509187E-03  0.0000000E+00   7.832381      0.0000000E+00   20.92138      2.4537940E-03   235.7303      0.6500000    
           9        1990          10          11 chisplow            TILLAGE   9.6509187E-03  0.0000000E+00   7.831655      0.0000000E+00   20.93660      2.7495166E-03   274.4870      0.6500000    
          10        1990          10          11 chisplow            TILLAGE   9.6509187E-03  0.0000000E+00   7.832067      0.0000000E+00   20.93047      2.6929828E-03   268.3129      0.6500000    
          11        1990          10          11 chisplow            TILLAGE   9.6509187E-03  0.0000000E+00   7.829590      0.0000000E+00   20.95302      2.8019648E-03   306.8174      0.6500000    
          12        1990          10          11 chisplow            TILLAGE   9.6509187E-03  0.0000000E+00   7.831419      0.0000000E+00   20.94255      2.7691759E-03   274.0419      0.6500000    
           1        1991           5           1 fldcult             TILLAGE   0.1415335      0.0000000E+00   141.6168      0.0000000E+00   1.731623      8.9838812E-03   220.5513      0.5000000    
           3        1991           5           1 fldcult             TILLAGE   0.1415335      0.0000000E+00   141.6245      0.0000000E+00   1.732340      9.3619516E-03   271.4599      0.5000000    
           4        1991           5           1 fldcult             TILLAGE   0.1415335      0.0000000E+00   141.7023      0.0000000E+00   1.731889      9.0372721E-03   271.9554      0.5000000    
           5        1991           5           1 fldcult             TILLAGE   0.1415335      0.0000000E+00   141.6440      0.0000000E+00   1.732414      9.4064176E-03   279.0870      0.5000000    
           6        1991           5           1 fldcult             TILLAGE   0.1415335      0.0000000E+00   141.7159      0.0000000E+00   1.732536      9.3214018E-03   287.0034      0.5000000    
           7        1991           5           1 fldcult             TILLAGE   0.1415335      0.0000000E+00   141.5918      0.0000000E+00   1.731182      8.7340763E-03   216.3833      0.5000000    
           8        1991           5           1 fldcult             TILLAGE   0.1415335      0.0000000E+00   142.0680      0.0000000E+00   1.735035      8.3827619E-03   236.5124      0.5000000    
           9        1991           5           1 fldcult             TILLAGE   0.1415335      0.0000000E+00   141.7074      0.0000000E+00   1.733276      9.5746452E-03   275.6412      0.5000000    
          10        1991           5           1 fldcult             TILLAGE   0.1415335      0.0000000E+00   141.9421      0.0000000E+00   1.733511      9.2483060E-03   269.3964      0.5000000    
          11        1991           5           1 fldcult             TILLAGE   0.1415335      0.0000000E+00   142.5111      0.0000000E+00   1.740984      1.0152762E-02   307.9798      0.5000000    
          12        1991           5           1 fldcult             TILLAGE   0.1415335      0.0000000E+00   142.0770      0.0000000E+00   1.734892      9.7400034E-03   275.1510      0.5000000    
           2        1991           5           2 null                                        FERT   0.1448466      0.0000000E+00   137.4654      0.0000000E+00   5.358684      9.3532270E-03   256.1157       40.00000      0.0000000E+00  0.0000000E+00  0.0000000E+00  0.0000000E+00  0.0000000E+00
           1        1991           5           3 corn                                        PLANT   0.1469182      0.0000000E+00   134.1523      0.0000000E+00   1.693367      9.0408018E-03   220.6114      0.0000000E+00   6.000000    
           1        1991           5           3 null                                        FERT   0.1469182      0.0000000E+00   134.1523      0.0000000E+00   1.693367      9.0408018E-03   220.6114       26.00000      0.0000000E+00  0.0000000E+00  0.0000000E+00  0.0000000E+00  0.0000000E+00
           2        1991           5           3 corn                                        PLANT   0.1469182      0.0000000E+00   134.5547      0.0000000E+00   5.268899      9.3611116E-03   256.1309      0.0000000E+00   6.000000    
           3        1991           5           3 corn                                        PLANT   0.1469182      0.0000000E+00   134.1599      0.0000000E+00   1.694068      9.4188135E-03   271.5551      0.0000000E+00   6.000000    
           3        1991           5           3 null                                        FERT   0.1469182      0.0000000E+00   134.1599      0.0000000E+00   1.694068      9.4188135E-03   271.5551       26.00000      0.0000000E+00  0.0000000E+00  0.0000000E+00  0.0000000E+00  0.0000000E+00
           4        1991           5           3 corn                                        PLANT   0.1469182      0.0000000E+00   134.2378      0.0000000E+00   1.693626      9.0917265E-03   272.0500      0.0000000E+00   6.000000    
           4        1991           5           3 null                                        FERT   0.1469182      0.0000000E+00   134.2378      0.0000000E+00   1.693626      9.0917265E-03   272.0500       26.00000      0.0000000E+00  0.0000000E+00  0.0000000E+00  0.0000000E+00  0.0000000E+00
           5        1991           5           3 corn                                        PLANT   0.1469182      0.0000000E+00   134.1794      0.0000000E+00   1.694140      9.4614755E-03   279.1868      0.0000000E+00   6.000000    
           5        1991           5           3 null                                        FERT   0.1469182      0.0000000E+00   134.1794      0.0000000E+00   1.694140      9.4614755E-03   279.1868       26.00000      0.0000000E+00  0.0000000E+00  0.0000000E+00  0.0000000E+00  0.0000000E+00
           6        1991           5           3 corn                                        PLANT   0.1469182      0.0000000E+00   134.2513      0.0000000E+00   1.694259      9.3769813E-03   287.1081      0.0000000E+00   6.000000    
           6        1991           5           3 null                                        FERT   0.1469182      0.0000000E+00   134.2513      0.0000000E+00   1.694259      9.3769813E-03   287.1081       26.00000      0.0000000E+00  0.0000000E+00  0.0000000E+00  0.0000000E+00  0.0000000E+00
           7        1991           5           3 corn                                        PLANT   0.1469182      0.0000000E+00   134.1273      0.0000000E+00   1.692935      8.7908544E-03   216.4408      0.0000000E+00   6.000000    
           7        1991           5           3 null                                        FERT   0.1469182      0.0000000E+00   134.1273      0.0000000E+00   1.692935      8.7908544E-03   216.4408       26.00000      0.0000000E+00  0.0000000E+00  0.0000000E+00  0.0000000E+00  0.0000000E+00
           8        1991           5           3 corn                                        PLANT   0.1469182      0.0000000E+00   134.6034      0.0000000E+00   1.696703      8.4435120E-03   236.5754      0.0000000E+00   6.000000    
           8        1991           5           3 null                                        FERT   0.1469182      0.0000000E+00   134.6034      0.0000000E+00   1.696703      8.4435120E-03   236.5754       26.00000      0.0000000E+00  0.0000000E+00  0.0000000E+00  0.0000000E+00  0.0000000E+00
           9        1991           5           3 corn                                        PLANT   0.1469182      0.0000000E+00   134.2429      0.0000000E+00   1.694983      9.6309949E-03   275.7375      0.0000000E+00   6.000000    
           9        1991           5           3 null                                        FERT   0.1469182      0.0000000E+00   134.2429      0.0000000E+00   1.694983      9.6309949E-03   275.7375       26.00000      0.0000000E+00  0.0000000E+00  0.0000000E+00  0.0000000E+00  0.0000000E+00
          10        1991           5           3 corn                                        PLANT   0.1469182      0.0000000E+00   134.4775      0.0000000E+00   1.695213      9.3052881E-03   269.4870      0.0000000E+00   6.000000    
          10        1991           5           3 null                                        FERT   0.1469182      0.0000000E+00   134.4775      0.0000000E+00   1.695213      9.3052881E-03   269.4870       26.00000      0.0000000E+00  0.0000000E+00  0.0000000E+00  0.0000000E+00  0.0000000E+00
          11        1991           5           3 corn                                        PLANT   0.1469182      0.0000000E+00   135.0466      0.0000000E+00   1.702521      1.0208106E-02   308.0827      0.0000000E+00   6.000000    
          11        1991           5           3 null                                        FERT   0.1469182      0.0000000E+00   135.0466      0.0000000E+00   1.702521      1.0208106E-02   308.0827       26.00000      0.0000000E+00  0.0000000E+00  0.0000000E+00  0.0000000E+00  0.0000000E+00
          12        1991           5           3 corn                                        PLANT   0.1469182      0.0000000E+00   134.6124      0.0000000E+00   1.696563      9.7961053E-03   275.2441      0.0000000E+00   6.000000    
          12        1991           5           3 null                                        FERT   0.1469182      0.0000000E+00   134.6124      0.0000000E+00   1.696563      9.7961053E-03   275.2441       26.00000      0.0000000E+00  0.0000000E+00  0.0000000E+00  0.0000000E+00  0.0000000E+00
           1        1991           6           6 null                                        FERT   0.2647726      0.1507538       153.4789       8.575550      0.9546745      4.7206590E-03   221.0425       182.6000      0.0000000E+00  0.0000000E+00  0.0000000E+00  0.0000000E+00  0.0000000E+00
           2        1991           6           6 null                                        FERT   0.2647726      0.1507538       154.7298       8.272312       2.853913      7.0228600E-03   256.5742       196.0000      0.0000000E+00  0.0000000E+00  0.0000000E+00  0.0000000E+00  0.0000000E+00
           3        1991           6           6 null                                        FERT   0.2647726      0.1507538       153.5408       8.613358      0.9550649      4.8693381E-03   272.1614       182.6000      0.0000000E+00  0.0000000E+00  0.0000000E+00  0.0000000E+00  0.0000000E+00
           4        1991           6           6 null                                        FERT   0.2647726      0.1507538       153.6832       8.531613      0.9548103      5.0822105E-03   272.6577       182.6000      0.0000000E+00  0.0000000E+00  0.0000000E+00  0.0000000E+00  0.0000000E+00
           5        1991           6           6 null                                        FERT   0.2647726      0.1507538       153.6052       8.598229      0.9551024      5.0227158E-03   279.8181       182.6000      0.0000000E+00  0.0000000E+00  0.0000000E+00  0.0000000E+00  0.0000000E+00
           6        1991           6           6 null                                        FERT   0.2647726      0.1507538       153.7512       8.558675      0.9551629      5.2151312E-03   287.7669       182.6000      0.0000000E+00  0.0000000E+00  0.0000000E+00  0.0000000E+00  0.0000000E+00
           7        1991           6           6 null                                        FERT   0.2647726      0.1507538       153.4184       8.550809      0.9544343      4.6177520E-03   216.8588       182.6000      0.0000000E+00  0.0000000E+00  0.0000000E+00  0.0000000E+00  0.0000000E+00
           8        1991           6           6 null                                        FERT   0.2647726      0.1507538       154.6726       8.455325      0.9564426      4.8533385E-03   237.0380       182.6000      0.0000000E+00  0.0000000E+00  0.0000000E+00  0.0000000E+00  0.0000000E+00
           9        1991           6           6 null                                        FERT   0.2647726      0.1507538       153.7969       8.583019      0.9555660      5.3259050E-03   276.3545       182.6000      0.0000000E+00  0.0000000E+00  0.0000000E+00  0.0000000E+00  0.0000000E+00
          10        1991           6           6 null                                        FERT   0.2647726      0.1507538       154.3148       8.540103      0.9556692      5.2479124E-03   270.0785       182.6000      0.0000000E+00  0.0000000E+00  0.0000000E+00  0.0000000E+00  0.0000000E+00
          11        1991           6           6 null                                        FERT   0.2647726      0.1507538       155.2258       8.448317      0.9596696      6.7764088E-03   308.7693       182.6000      0.0000000E+00  0.0000000E+00  0.0000000E+00  0.0000000E+00  0.0000000E+00
          12        1991           6           6 null                                        FERT   0.2647726      0.1507538       154.5549       8.548381      0.9564185      5.7152221E-03   275.8513       182.6000      0.0000000E+00  0.0000000E+00  0.0000000E+00  0.0000000E+00  0.0000000E+00
           1        1991          11           9 corn                                        HARV/KILL   0.9335114      0.0000000E+00   74.81165       114.9376       45.01470      4.9900915E-03   221.2008       44.53156      0.0000000E+00  0.0000000E+00  0.0000000E+00  0.0000000E+00  0.0000000E+00
           3        1991          11           9 corn                                        HARV/KILL   0.9335114      0.0000000E+00   74.82188       114.9806       45.03202      5.2116024E-03   272.3767       44.54778      0.0000000E+00  0.0000000E+00  0.0000000E+00  0.0000000E+00  0.0000000E+00
           4        1991          11           9 corn                                        HARV/KILL   0.9335114      0.0000000E+00   74.83801       114.9479       45.01847      5.0226101E-03   272.8719       44.53577      0.0000000E+00  0.0000000E+00  0.0000000E+00  0.0000000E+00  0.0000000E+00
           5        1991          11           9 corn                                        HARV/KILL   0.9335114      0.0000000E+00   74.83163       114.9872       45.03459      5.2413214E-03   280.0413       44.55033      0.0000000E+00  0.0000000E+00  0.0000000E+00  0.0000000E+00  0.0000000E+00
           6        1991          11           9 corn                                        HARV/KILL   0.9335114      0.0000000E+00   74.84840       114.9807       45.03166      5.1690228E-03   287.9974       44.54818      0.0000000E+00  0.0000000E+00  0.0000000E+00  0.0000000E+00  0.0000000E+00
           7        1991          11           9 corn                                        HARV/KILL   0.9335114      0.0000000E+00   74.80433       114.9090       45.00330      4.8663397E-03   217.0133       44.52068      0.0000000E+00  0.0000000E+00  0.0000000E+00  0.0000000E+00  0.0000000E+00
           8        1991          11           9 corn                                        HARV/KILL   0.9335114      0.0000000E+00   74.96113       114.8764       44.98893      4.6106963E-03   237.2152       44.50955      0.0000000E+00  0.0000000E+00  0.0000000E+00  0.0000000E+00  0.0000000E+00
           9        1991          11           9 corn                                        HARV/KILL   0.9335114      0.0000000E+00   74.85756       115.0098       45.04358      5.3320196E-03   276.5711       44.55898      0.0000000E+00  0.0000000E+00  0.0000000E+00  0.0000000E+00  0.0000000E+00
          10        1991          11           9 corn                                        HARV/KILL   0.9335114      0.0000000E+00   74.91885       114.9773       45.02945      5.1205987E-03   270.2893       44.54770      0.0000000E+00  0.0000000E+00  0.0000000E+00  0.0000000E+00  0.0000000E+00
          11        1991          11           9 corn                                        HARV/KILL   0.9335114      0.0000000E+00   74.96204       115.0849       45.07516      5.6138043E-03   309.0125       44.58600      0.0000000E+00  0.0000000E+00  0.0000000E+00  0.0000000E+00  0.0000000E+00
          12        1991          11           9 corn                                        HARV/KILL   0.9335114      0.0000000E+00   74.93503       115.0367       45.05372      5.4107727E-03   276.0661       44.56974      0.0000000E+00  0.0000000E+00  0.0000000E+00  0.0000000E+00  0.0000000E+00
           2        1991          11          10 corn                                        HARV/KILL   0.9349981      0.0000000E+00   72.95265       114.9967       45.14470      4.9898485E-03   256.8783       44.55313      0.0000000E+00  0.0000000E+00  0.0000000E+00  0.0000000E+00  0.0000000E+00
           2        1991          11          11 null                                        FERT   1.9228809E-03  0.0000000E+00   71.29398      0.0000000E+00   44.51243      4.9913120E-03   256.8839       16.80000      0.0000000E+00  0.0000000E+00  0.0000000E+00  0.0000000E+00  0.0000000E+00
           2        1991          11          11 null                                        FERT   1.9228809E-03  0.0000000E+00   71.29398      0.0000000E+00   44.51243      4.9913120E-03   256.8839       34.30000      0.0000000E+00  0.0000000E+00  0.0000000E+00  0.0000000E+00  0.0000000E+00
           1        1991          11          14 null                                        FERT   4.8623849E-03  0.0000000E+00   69.65927      0.0000000E+00   42.03965      5.0013228E-03   221.2225       336.0000      0.0000000E+00  0.0000000E+00  0.0000000E+00  0.0000000E+00  0.0000000E+00
           3        1991          11          14 null                                        FERT   4.8623849E-03  0.0000000E+00   69.66950      0.0000000E+00   42.05593      5.2227527E-03   272.4040       336.0000      0.0000000E+00  0.0000000E+00  0.0000000E+00  0.0000000E+00  0.0000000E+00
           4        1991          11          14 null                                        FERT   4.8623849E-03  0.0000000E+00   69.68562      0.0000000E+00   42.04343      5.0338143E-03   272.8993       336.0000      0.0000000E+00  0.0000000E+00  0.0000000E+00  0.0000000E+00  0.0000000E+00
           5        1991          11          14 null                                        FERT   4.8623849E-03  0.0000000E+00   69.67925      0.0000000E+00   42.05843      5.2524488E-03   280.0693       336.0000      0.0000000E+00  0.0000000E+00  0.0000000E+00  0.0000000E+00  0.0000000E+00
           6        1991          11          14 null                                        FERT   4.8623849E-03  0.0000000E+00   69.69602      0.0000000E+00   42.05587      5.1801703E-03   288.0263       336.0000      0.0000000E+00  0.0000000E+00  0.0000000E+00  0.0000000E+00  0.0000000E+00
           7        1991          11          14 null                                        FERT   4.8623849E-03  0.0000000E+00   69.65195      0.0000000E+00   42.02892      4.8771729E-03   217.0347       336.0000      0.0000000E+00  0.0000000E+00  0.0000000E+00  0.0000000E+00  0.0000000E+00
           8        1991          11          14 null                                        FERT   4.8623849E-03  0.0000000E+00   69.80874      0.0000000E+00   42.01898      4.6168114E-03   237.2359       336.0000      0.0000000E+00  0.0000000E+00  0.0000000E+00  0.0000000E+00  0.0000000E+00
           9        1991          11          14 null                                        FERT   4.8623849E-03  0.0000000E+00   69.70518      0.0000000E+00   42.06713      5.3431047E-03   276.5987       336.0000      0.0000000E+00  0.0000000E+00  0.0000000E+00  0.0000000E+00  0.0000000E+00
          10        1991          11          14 null                                        FERT   4.8623849E-03  0.0000000E+00   69.76647      0.0000000E+00   42.05468      5.1317154E-03   270.3155       336.0000      0.0000000E+00  0.0000000E+00  0.0000000E+00  0.0000000E+00  0.0000000E+00
          11        1991          11          14 null                                        FERT   4.8623849E-03  0.0000000E+00   69.80968      0.0000000E+00   42.10187      5.6236321E-03   309.0385       336.0000      0.0000000E+00  0.0000000E+00  0.0000000E+00  0.0000000E+00  0.0000000E+00
          12        1991          11          14 null                                        FERT   4.8623849E-03  0.0000000E+00   69.78266      0.0000000E+00   42.07768      5.4217675E-03   276.0926       336.0000      0.0000000E+00  0.0000000E+00  0.0000000E+00  0.0000000E+00  0.0000000E+00
           1        1992           4          24 fldcult             TILLAGE   0.1047760      0.0000000E+00   161.9759      0.0000000E+00   5.551455      9.5983697E-03   221.7486      0.5000000    
           3        1992           4          24 fldcult             TILLAGE   0.1047760      0.0000000E+00   162.2013      0.0000000E+00   5.553934      1.0129713E-02   273.0108      0.5000000    
           4        1992           4          24 fldcult             TILLAGE   0.1047760      0.0000000E+00   162.4692      0.0000000E+00   5.552662      9.6417703E-03   273.5115      0.5000000    
           5        1992           4          24 fldcult             TILLAGE   0.1047760      0.0000000E+00   162.3881      0.0000000E+00   5.554536      1.0203339E-02   280.6907      0.5000000    
           6        1992           4          24 fldcult             TILLAGE   0.1047760      0.0000000E+00   162.6982      0.0000000E+00   5.554640      1.0036200E-02   288.6584      0.5000000    
           7        1992           4          24 fldcult             TILLAGE   0.1047760      0.0000000E+00   161.8287      0.0000000E+00   5.549817      9.2938701E-03   217.5516      0.5000000    
           8        1992           4          24 fldcult             TILLAGE   0.1047760      0.0000000E+00   165.2404      0.0000000E+00   5.556812      8.9400969E-03   237.7584      0.5000000    
           9        1992           4          24 fldcult             TILLAGE   0.1047760      0.0000000E+00   162.9282      0.0000000E+00   5.556464      1.0462682E-02   277.2122      0.5000000    
          10        1992           4          24 fldcult             TILLAGE   0.1047760      0.0000000E+00   164.1574      0.0000000E+00   5.556737      9.9485945E-03   270.9115      0.5000000    
          11        1992           4          24 fldcult             TILLAGE   0.1047760      0.0000000E+00   165.8781      0.0000000E+00   5.572186      1.1133521E-02   309.6781      0.5000000    
          12        1992           4          24 fldcult             TILLAGE   0.1047760      0.0000000E+00   164.6470      0.0000000E+00   5.560606      1.0657782E-02   276.6988      0.5000000    
           1        1992           4          25 null                                        FERT   0.1082864      0.0000000E+00   161.7580      0.0000000E+00   5.490445      9.7618653E-03   221.7740       27.00000      0.0000000E+00  0.0000000E+00  0.0000000E+00  0.0000000E+00  0.0000000E+00
           1        1992           4          25 corn                                        PLANT   0.1082864      0.0000000E+00   161.7580      0.0000000E+00   5.490445      9.7618653E-03   221.7740      0.0000000E+00   6.000000    
           2        1992           4          25 null                                        FERT   0.1082864      0.0000000E+00   165.4301      0.0000000E+00   9.673558      1.0078372E-02   257.4701       40.00000      0.0000000E+00  0.0000000E+00  0.0000000E+00  0.0000000E+00  0.0000000E+00
           2        1992           4          25 corn                                        PLANT   0.1082864      0.0000000E+00   165.4301      0.0000000E+00   9.673558      1.0078372E-02   257.4701      0.0000000E+00   6.000000    
           3        1992           4          25 null                                        FERT   0.1082864      0.0000000E+00   161.9833      0.0000000E+00   5.492897      1.0308007E-02   273.0531       27.00000      0.0000000E+00  0.0000000E+00  0.0000000E+00  0.0000000E+00  0.0000000E+00
           3        1992           4          25 corn                                        PLANT   0.1082864      0.0000000E+00   161.9833      0.0000000E+00   5.492897      1.0308007E-02   273.0531      0.0000000E+00   6.000000    
           4        1992           4          25 null                                        FERT   0.1082864      0.0000000E+00   162.2512      0.0000000E+00   5.491639      9.8063089E-03   273.5534       27.00000      0.0000000E+00  0.0000000E+00  0.0000000E+00  0.0000000E+00  0.0000000E+00
           4        1992           4          25 corn                                        PLANT   0.1082864      0.0000000E+00   162.2512      0.0000000E+00   5.491639      9.8063089E-03   273.5534      0.0000000E+00   6.000000    
           5        1992           4          25 null                                        FERT   0.1082864      0.0000000E+00   162.1701      0.0000000E+00   5.493492      1.0383267E-02   280.7352       27.00000      0.0000000E+00  0.0000000E+00  0.0000000E+00  0.0000000E+00  0.0000000E+00
           5        1992           4          25 corn                                        PLANT   0.1082864      0.0000000E+00   162.1701      0.0000000E+00   5.493492      1.0383267E-02   280.7352      0.0000000E+00   6.000000    
           6        1992           4          25 null                                        FERT   0.1082864      0.0000000E+00   162.4801      0.0000000E+00   5.493594      1.0211291E-02   288.7053       27.00000      0.0000000E+00  0.0000000E+00  0.0000000E+00  0.0000000E+00  0.0000000E+00
           6        1992           4          25 corn                                        PLANT   0.1082864      0.0000000E+00   162.4801      0.0000000E+00   5.493594      1.0211291E-02   288.7053      0.0000000E+00   6.000000    
           7        1992           4          25 null                                        FERT   0.1082864      0.0000000E+00   161.6108      0.0000000E+00   5.488824      9.4483914E-03   217.5757       27.00000      0.0000000E+00  0.0000000E+00  0.0000000E+00  0.0000000E+00  0.0000000E+00
           7        1992           4          25 corn                                        PLANT   0.1082864      0.0000000E+00   161.6108      0.0000000E+00   5.488824      9.4483914E-03   217.5757      0.0000000E+00   6.000000    
           8        1992           4          25 null                                        FERT   0.1082864      0.0000000E+00   165.0222      0.0000000E+00   5.495743      9.0751266E-03   237.7850       27.00000      0.0000000E+00  0.0000000E+00  0.0000000E+00  0.0000000E+00  0.0000000E+00
           8        1992           4          25 corn                                        PLANT   0.1082864      0.0000000E+00   165.0222      0.0000000E+00   5.495743      9.0751266E-03   237.7850      0.0000000E+00   6.000000    
           9        1992           4          25 null                                        FERT   0.1082864      0.0000000E+00   162.7100      0.0000000E+00   5.495399      1.0648489E-02   277.2549       27.00000      0.0000000E+00  0.0000000E+00  0.0000000E+00  0.0000000E+00  0.0000000E+00
           9        1992           4          25 corn                                        PLANT   0.1082864      0.0000000E+00   162.7100      0.0000000E+00   5.495399      1.0648489E-02   277.2549      0.0000000E+00   6.000000    
          10        1992           4          25 null                                        FERT   0.1082864      0.0000000E+00   163.9394      0.0000000E+00   5.495668      1.0120828E-02   270.9515       27.00000      0.0000000E+00  0.0000000E+00  0.0000000E+00  0.0000000E+00  0.0000000E+00
          10        1992           4          25 corn                                        PLANT   0.1082864      0.0000000E+00   163.9394      0.0000000E+00   5.495668      1.0120828E-02   270.9515      0.0000000E+00   6.000000    
          11        1992           4          25 null                                        FERT   0.1082864      0.0000000E+00   165.6587      0.0000000E+00   5.510948      1.1337475E-02   309.7233       27.00000      0.0000000E+00  0.0000000E+00  0.0000000E+00  0.0000000E+00  0.0000000E+00
          11        1992           4          25 corn                                        PLANT   0.1082864      0.0000000E+00   165.6587      0.0000000E+00   5.510948      1.1337475E-02   309.7233      0.0000000E+00   6.000000    
          12        1992           4          25 null                                        FERT   0.1082864      0.0000000E+00   164.4286      0.0000000E+00   5.499495      1.0848230E-02   276.7399       27.00000      0.0000000E+00  0.0000000E+00  0.0000000E+00  0.0000000E+00  0.0000000E+00
          12        1992           4          25 corn                                        PLANT   0.1082864      0.0000000E+00   164.4286      0.0000000E+00   5.499495      1.0848230E-02   276.7399      0.0000000E+00   6.000000    
           1        1992           6           4 null                                        FERT   0.2597772      0.2194701       53.81990       17.43870       3.084491      1.6624318E-03   222.0712       180.3000      0.0000000E+00  0.0000000E+00  0.0000000E+00  0.0000000E+00  0.0000000E+00
           2        1992           6           4 null                                        FERT   0.2597772      0.2194701       57.49742       17.86904       4.577723      1.6249404E-03   257.6941       194.9000      0.0000000E+00  0.0000000E+00  0.0000000E+00  0.0000000E+00  0.0000000E+00
           3        1992           6           4 null                                        FERT   0.2597772      0.2194701       54.04519       17.50427       3.085835      1.6622529E-03   273.4938       180.3000      0.0000000E+00  0.0000000E+00  0.0000000E+00  0.0000000E+00  0.0000000E+00
           4        1992           6           4 null                                        FERT   0.2597772      0.2194701       54.31310       17.49470       3.085092      1.6621933E-03   273.9940       180.3000      0.0000000E+00  0.0000000E+00  0.0000000E+00  0.0000000E+00  0.0000000E+00
           5        1992           6           4 null                                        FERT   0.2597772      0.2194701       54.23194       17.53274       3.086144      1.6621933E-03   281.1957       180.3000      0.0000000E+00  0.0000000E+00  0.0000000E+00  0.0000000E+00  0.0000000E+00
           6        1992           6           4 null                                        FERT   0.2597772      0.2194701       54.54195       17.54801       3.086159      1.6620741E-03   289.1881       180.3000      0.0000000E+00  0.0000000E+00  0.0000000E+00  0.0000000E+00  0.0000000E+00
           7        1992           6           4 null                                        FERT   0.2597772      0.2194701       53.67281       17.40149       3.083599      1.6624914E-03   217.8625       180.3000      0.0000000E+00  0.0000000E+00  0.0000000E+00  0.0000000E+00  0.0000000E+00
           8        1992           6           4 null                                        FERT   0.2597772      0.2194701       57.08420       17.48893       3.086712      1.6249404E-03   238.1181       180.3000      0.0000000E+00  0.0000000E+00  0.0000000E+00  0.0000000E+00  0.0000000E+00
           9        1992           6           4 null                                        FERT   0.2597772      0.2194701       54.77183       17.60247       3.087138      1.6618357E-03   277.7039       180.3000      0.0000000E+00  0.0000000E+00  0.0000000E+00  0.0000000E+00  0.0000000E+00
          10        1992           6           4 null                                        FERT   0.2597772      0.2194701       56.00126       17.57105       3.087106      1.6612397E-03   271.3828       180.3000      0.0000000E+00  0.0000000E+00  0.0000000E+00  0.0000000E+00  0.0000000E+00
          11        1992           6           4 null                                        FERT   0.2597772      0.2194701       57.71992       17.90832       3.094806      1.6249404E-03   310.2360       180.3000      0.0000000E+00  0.0000000E+00  0.0000000E+00  0.0000000E+00  0.0000000E+00
          12        1992           6           4 null                                        FERT   0.2597772      0.2194701       56.49033       17.69627       3.089177      1.6608820E-03   277.1830       180.3000      0.0000000E+00  0.0000000E+00  0.0000000E+00  0.0000000E+00  0.0000000E+00
           2        1992          11           8 corn                                        HARV/KILL   0.9292701      0.0000000E+00   61.80062       122.1385       43.61363      4.3987180E-03   258.1725       50.94804      0.0000000E+00  0.0000000E+00  0.0000000E+00  0.0000000E+00  0.0000000E+00
           1        1992          11          10 corn                                        HARV/KILL   0.9329743      0.0000000E+00   57.32572       121.9491       43.43470      4.5409007E-03   222.3961       50.88920      0.0000000E+00  0.0000000E+00  0.0000000E+00  0.0000000E+00  0.0000000E+00
           3        1992          11          10 corn                                        HARV/KILL   0.9329743      0.0000000E+00   57.33477       122.0156       43.46454      4.7487309E-03   273.9740       50.91022      0.0000000E+00  0.0000000E+00  0.0000000E+00  0.0000000E+00  0.0000000E+00
           4        1992          11          10 corn                                        HARV/KILL   0.9329743      0.0000000E+00   57.34798       121.9743       43.44658      4.5814449E-03   274.4713       50.89676      0.0000000E+00  0.0000000E+00  0.0000000E+00  0.0000000E+00  0.0000000E+00
           5        1992          11          10 corn                                        HARV/KILL   0.9329743      0.0000000E+00   57.34311       122.0315       43.47200      4.7903587E-03   281.6967       50.91494      0.0000000E+00  0.0000000E+00  0.0000000E+00  0.0000000E+00  0.0000000E+00
           6        1992          11          10 corn                                        HARV/KILL   0.9329743      0.0000000E+00   57.35707       122.0258       43.46967      4.7288486E-03   289.7097       50.91298      0.0000000E+00  0.0000000E+00  0.0000000E+00  0.0000000E+00  0.0000000E+00
           7        1992          11          10 corn                                        HARV/KILL   0.9329743      0.0000000E+00   57.31942       121.9103       43.41737      4.4243801E-03   218.1756       50.87686      0.0000000E+00  0.0000000E+00  0.0000000E+00  0.0000000E+00  0.0000000E+00
           8        1992          11          10 corn                                        HARV/KILL   0.9329743      0.0000000E+00   57.45070       121.9875       43.44246      4.1410397E-03   238.4638       50.91141      0.0000000E+00  0.0000000E+00  0.0000000E+00  0.0000000E+00  0.0000000E+00
           9        1992          11          10 corn                                        HARV/KILL   0.9329743      0.0000000E+00   57.36533       122.0803       43.49411      4.8674853E-03   278.1883       50.93025      0.0000000E+00  0.0000000E+00  0.0000000E+00  0.0000000E+00  0.0000000E+00
          10        1992          11          10 corn                                        HARV/KILL   0.9329743      0.0000000E+00   57.41613       122.0607       43.48230      4.6781353E-03   271.8437       50.92771      0.0000000E+00  0.0000000E+00  0.0000000E+00  0.0000000E+00  0.0000000E+00
          11        1992          11          10 corn                                        HARV/KILL   0.9329743      0.0000000E+00   57.45500       122.2681       43.57531      5.1264246E-03   310.7625       50.99352      0.0000000E+00  0.0000000E+00  0.0000000E+00  0.0000000E+00  0.0000000E+00
          12        1992          11          10 corn                                        HARV/KILL   0.9329743      0.0000000E+00   57.43072       122.1602       43.52772      4.9421778E-03   277.6553       50.95838      0.0000000E+00  0.0000000E+00  0.0000000E+00  0.0000000E+00  0.0000000E+00
           1        1992          11          12 null                                        FERT   9.4389834E-04  0.0000000E+00   54.82301      0.0000000E+00   42.21315      4.5443703E-03   222.4075       152.7000      0.0000000E+00  0.0000000E+00  0.0000000E+00  0.0000000E+00  0.0000000E+00
           3        1992          11          12 null                                        FERT   9.4389834E-04  0.0000000E+00   54.83206      0.0000000E+00   42.24219      4.7521987E-03   273.9904       152.7000      0.0000000E+00  0.0000000E+00  0.0000000E+00  0.0000000E+00  0.0000000E+00
           4        1992          11          12 null                                        FERT   9.4389834E-04  0.0000000E+00   54.84527      0.0000000E+00   42.22479      4.5849094E-03   274.4877       152.7000      0.0000000E+00  0.0000000E+00  0.0000000E+00  0.0000000E+00  0.0000000E+00
           5        1992          11          12 null                                        FERT   9.4389834E-04  0.0000000E+00   54.84040      0.0000000E+00   42.24948      4.7938242E-03   281.7138       152.7000      0.0000000E+00  0.0000000E+00  0.0000000E+00  0.0000000E+00  0.0000000E+00
           6        1992          11          12 null                                        FERT   9.4389834E-04  0.0000000E+00   54.85436      0.0000000E+00   42.24727      4.7323108E-03   289.7275       152.7000      0.0000000E+00  0.0000000E+00  0.0000000E+00  0.0000000E+00  0.0000000E+00
           7        1992          11          12 null                                        FERT   9.4389834E-04  0.0000000E+00   54.81670      0.0000000E+00   42.19629      4.4278521E-03   218.1866       152.7000      0.0000000E+00  0.0000000E+00  0.0000000E+00  0.0000000E+00  0.0000000E+00
           8        1992          11          12 null                                        FERT   9.4389834E-04  0.0000000E+00   54.94799      0.0000000E+00   42.22195      4.1441973E-03   238.4752       152.7000      0.0000000E+00  0.0000000E+00  0.0000000E+00  0.0000000E+00  0.0000000E+00
           9        1992          11          12 null                                        FERT   9.4389834E-04  0.0000000E+00   54.86263      0.0000000E+00   42.27108      4.8709451E-03   278.2049       152.7000      0.0000000E+00  0.0000000E+00  0.0000000E+00  0.0000000E+00  0.0000000E+00
          10        1992          11          12 null                                        FERT   9.4389834E-04  0.0000000E+00   54.91343      0.0000000E+00   42.25987      4.6815788E-03   271.8593       152.7000      0.0000000E+00  0.0000000E+00  0.0000000E+00  0.0000000E+00  0.0000000E+00
          11        1992          11          12 null                                        FERT   9.4389834E-04  0.0000000E+00   54.95231      0.0000000E+00   42.35198      5.1295264E-03   310.7788       152.7000      0.0000000E+00  0.0000000E+00  0.0000000E+00  0.0000000E+00  0.0000000E+00
          12        1992          11          12 null                                        FERT   9.4389834E-04  0.0000000E+00   54.92802      0.0000000E+00   42.30413      4.9456144E-03   277.6712       152.7000      0.0000000E+00  0.0000000E+00  0.0000000E+00  0.0000000E+00  0.0000000E+00
           1        1992          11          16 chisplow            TILLAGE   7.6923249E-03  0.0000000E+00   48.73163      0.0000000E+00   20.02199      4.5500020E-03   222.4235      0.6500000    
           3        1992          11          16 chisplow            TILLAGE   7.6923249E-03  0.0000000E+00   48.74069      0.0000000E+00   20.03582      4.7582942E-03   274.0121      0.6500000    
           4        1992          11          16 chisplow            TILLAGE   7.6923249E-03  0.0000000E+00   48.75389      0.0000000E+00   20.02762      4.5905793E-03   274.5093      0.6500000    
           5        1992          11          16 chisplow            TILLAGE   7.6923249E-03  0.0000000E+00   48.74903      0.0000000E+00   20.03931      4.8000901E-03   281.7363      0.6500000    
           6        1992          11          16 chisplow            TILLAGE   7.6923249E-03  0.0000000E+00   48.76299      0.0000000E+00   20.03834      4.7382931E-03   289.7507      0.6500000    
           7        1992          11          16 chisplow            TILLAGE   7.6923249E-03  0.0000000E+00   48.72531      0.0000000E+00   20.01395      4.4334070E-03   218.2022      0.6500000    
           8        1992          11          16 chisplow            TILLAGE   7.6923249E-03  0.0000000E+00   48.85662      0.0000000E+00   20.02773      4.1493620E-03   238.4905      0.6500000    
           9        1992          11          16 chisplow            TILLAGE   7.6923249E-03  0.0000000E+00   48.77126      0.0000000E+00   20.04969      4.8774914E-03   278.2267      0.6500000    
          10        1992          11          16 chisplow            TILLAGE   7.6923249E-03  0.0000000E+00   48.82206      0.0000000E+00   20.04471      4.6873526E-03   271.8798      0.6500000    
          11        1992          11          16 chisplow            TILLAGE   7.6923249E-03  0.0000000E+00   48.86098      0.0000000E+00   20.09057      5.1372349E-03   310.7989      0.6500000    
          12        1992          11          16 chisplow            TILLAGE   7.6923249E-03  0.0000000E+00   48.83666      0.0000000E+00   20.06586      4.9524833E-03   277.6920      0.6500000    
           1        1993           4          16 fldcult             TILLAGE   0.1004580      0.0000000E+00   74.12869      0.0000000E+00   4.121604      7.1922066E-03   222.8833      0.5000000    
           2        1993           4          16 fldcult             TILLAGE   0.1004580      0.0000000E+00   77.54517      0.0000000E+00   7.925714      7.1934666E-03   258.6319      0.5000000    
           3        1993           4          16 fldcult             TILLAGE   0.1004580      0.0000000E+00   74.30021      0.0000000E+00   4.124620      7.6083536E-03   274.6034      0.5000000    
           4        1993           4          16 fldcult             TILLAGE   0.1004580      0.0000000E+00   74.50334      0.0000000E+00   4.123090      7.2491770E-03   275.1011      0.5000000    
           5        1993           4          16 fldcult             TILLAGE   0.1004580      0.0000000E+00   74.44225      0.0000000E+00   4.125463      7.6763309E-03   282.3463      0.5000000    
           6        1993           4          16 fldcult             TILLAGE   0.1004580      0.0000000E+00   74.67815      0.0000000E+00   4.125453      7.5127212E-03   290.3737      0.5000000    
           7        1993           4          16 fldcult             TILLAGE   0.1004580      0.0000000E+00   74.01717      0.0000000E+00   4.119837      6.9647757E-03   218.6478      0.5000000    
           8        1993           4          16 fldcult             TILLAGE   0.1004580      0.0000000E+00   76.63990      0.0000000E+00   4.126450      6.6719139E-03   238.9316      0.5000000    
           9        1993           4          16 fldcult             TILLAGE   0.1004580      0.0000000E+00   74.85487      0.0000000E+00   4.127954      7.7998424E-03   278.8185      0.5000000    
          10        1993           4          16 fldcult             TILLAGE   0.1004580      0.0000000E+00   75.79945      0.0000000E+00   4.127794      7.4409097E-03   272.4440      0.5000000    
          11        1993           4          16 fldcult             TILLAGE   0.1004580      0.0000000E+00   77.12180      0.0000000E+00   4.141856      8.3070649E-03   311.3791      0.5000000    
          12        1993           4          16 fldcult             TILLAGE   0.1004580      0.0000000E+00   76.18560      0.0000000E+00   4.132556      7.9725869E-03   278.2655      0.5000000    
           1        1993           4          30 fldcult             TILLAGE   0.1366605      0.0000000E+00   57.83038      0.0000000E+00   1.970562      7.9471068E-03   223.0691      0.5000000    
           2        1993           4          30 fldcult             TILLAGE   0.1366605      0.0000000E+00   61.25576      0.0000000E+00   3.789302      7.8664161E-03   258.8854      0.5000000    
           3        1993           4          30 fldcult             TILLAGE   0.1366605      0.0000000E+00   58.00143      0.0000000E+00   1.972004      8.4250020E-03   274.9012      0.5000000    
           4        1993           4          30 fldcult             TILLAGE   0.1366605      0.0000000E+00   58.20502      0.0000000E+00   1.971272      8.0141863E-03   275.3968      0.5000000    
           5        1993           4          30 fldcult             TILLAGE   0.1366605      0.0000000E+00   58.14336      0.0000000E+00   1.972408      8.5039297E-03   282.6588      0.5000000    
           6        1993           4          30 fldcult             TILLAGE   0.1366605      0.0000000E+00   58.37949      0.0000000E+00   1.972403      8.3200270E-03   290.7025      0.5000000    
           7        1993           4          30 fldcult             TILLAGE   0.1366605      0.0000000E+00   57.71902      0.0000000E+00   1.969717      7.6794121E-03   218.8255      0.5000000    
           8        1993           4          30 fldcult             TILLAGE   0.1366605      0.0000000E+00   60.34171      0.0000000E+00   1.972876      7.2710253E-03   239.1303      0.5000000    
           9        1993           4          30 fldcult             TILLAGE   0.1366605      0.0000000E+00   58.55567      0.0000000E+00   1.973598      8.6449804E-03   279.1205      0.5000000    
          10        1993           4          30 fldcult             TILLAGE   0.1366605      0.0000000E+00   59.50092      0.0000000E+00   1.973522      8.2326606E-03   272.7285      0.5000000    
          11        1993           4          30 fldcult             TILLAGE   0.1366605      0.0000000E+00   60.81938      0.0000000E+00   1.980242      9.2081036E-03   311.7068      0.5000000    
          12        1993           4          30 fldcult             TILLAGE   0.1366605      0.0000000E+00   59.88603      0.0000000E+00   1.975798      8.8335313E-03   278.5583      0.5000000    
           2        1993           5           5 null                                        FERT   0.1519586      0.0000000E+00   64.74713      0.0000000E+00   3.562757      8.2407827E-03   259.0551       5.350000      0.0000000E+00  0.0000000E+00  0.0000000E+00  0.0000000E+00  0.0000000E+00
           2        1993           5           5 null                                        FERT   0.1519586      0.0000000E+00   64.74713      0.0000000E+00   3.562757      8.2407827E-03   259.0551       6.740000      0.0000000E+00  0.0000000E+00  0.0000000E+00  0.0000000E+00  0.0000000E+00
           2        1993           5           5 null                                        FERT   0.1519586      0.0000000E+00   64.74713      0.0000000E+00   3.562757      8.2407827E-03   259.0551       18.29000      0.0000000E+00  0.0000000E+00  0.0000000E+00  0.0000000E+00  0.0000000E+00
           1        1993           5           6 corn                                        PLANT   0.1553326      0.0000000E+00   56.54612      0.0000000E+00   1.825731      8.3407657E-03   223.2127      0.0000000E+00   6.000000    
           2        1993           5           6 corn                                        PLANT   0.1553326      0.0000000E+00   59.97383      0.0000000E+00   3.510716      8.2478644E-03   259.0841      0.0000000E+00   6.000000    
           3        1993           5           6 corn                                        PLANT   0.1553326      0.0000000E+00   56.71700      0.0000000E+00   1.827066      8.8483039E-03   275.1427      0.0000000E+00   6.000000    
           4        1993           5           6 corn                                        PLANT   0.1553326      0.0000000E+00   56.92074      0.0000000E+00   1.826387      8.4113684E-03   275.6360      0.0000000E+00   6.000000    
           5        1993           5           6 corn                                        PLANT   0.1553326      0.0000000E+00   56.85887      0.0000000E+00   1.827439      8.9326408E-03   282.9128      0.0000000E+00   6.000000    
           6        1993           5           6 corn                                        PLANT   0.1553326      0.0000000E+00   57.09510      0.0000000E+00   1.827432      8.7383250E-03   290.9703      0.0000000E+00   6.000000    
           7        1993           5           6 corn                                        PLANT   0.1553326      0.0000000E+00   56.43483      0.0000000E+00   1.824949      8.0546271E-03   218.9620      0.0000000E+00   6.000000    
           8        1993           5           6 corn                                        PLANT   0.1553326      0.0000000E+00   59.05762      0.0000000E+00   1.827846      7.6068435E-03   239.2828      0.0000000E+00   6.000000    
           9        1993           5           6 corn                                        PLANT   0.1553326      0.0000000E+00   57.27108      0.0000000E+00   1.828539      9.0829358E-03   279.3650      0.0000000E+00   6.000000    
          10        1993           5           6 corn                                        PLANT   0.1553326      0.0000000E+00   58.21658      0.0000000E+00   1.828461      8.6435368E-03   272.9572      0.0000000E+00   6.000000    
          11        1993           5           6 corn                                        PLANT   0.1553326      0.0000000E+00   59.53357      0.0000000E+00   1.834652      9.6770581E-03   311.9685      0.0000000E+00   6.000000    
          12        1993           5           6 corn                                        PLANT   0.1553326      0.0000000E+00   58.60130      0.0000000E+00   1.830567      9.2801061E-03   278.7938      0.0000000E+00   6.000000    
           1        1993           6          17 null                                        FERT   0.3188697      0.2431639       36.61043       18.79260      0.8213849      1.6667829E-03   223.4471       119.5000      0.0000000E+00  0.0000000E+00  0.0000000E+00  0.0000000E+00  0.0000000E+00
           2        1993           6          17 null                                        FERT   0.3188697      0.2431639       39.46603       18.82272       1.577956      1.6274438E-03   259.4026       168.0000      0.0000000E+00  0.0000000E+00  0.0000000E+00  0.0000000E+00  0.0000000E+00
           3        1993           6          17 null                                        FERT   0.3188697      0.2431639       36.75523       18.81805      0.8219646      1.6667829E-03   275.4776       119.5000      0.0000000E+00  0.0000000E+00  0.0000000E+00  0.0000000E+00  0.0000000E+00
           4        1993           6          17 null                                        FERT   0.3188697      0.2431639       36.93205       18.79968      0.8216341      1.6666041E-03   275.9722       119.5000      0.0000000E+00  0.0000000E+00  0.0000000E+00  0.0000000E+00  0.0000000E+00
           5        1993           6          17 null                                        FERT   0.3188697      0.2431639       36.87656       18.82347      0.8221155      1.6667233E-03   283.2624       119.5000      0.0000000E+00  0.0000000E+00  0.0000000E+00  0.0000000E+00  0.0000000E+00
           6        1993           6          17 null                                        FERT   0.3188697      0.2431639       37.07959       18.81609      0.8220833      1.6665445E-03   291.3373       119.5000      0.0000000E+00  0.0000000E+00  0.0000000E+00  0.0000000E+00  0.0000000E+00
           7        1993           6          17 null                                        FERT   0.3188697      0.2431639       36.51532       18.77822      0.8210471      1.6668425E-03   219.1900       119.5000      0.0000000E+00  0.0000000E+00  0.0000000E+00  0.0000000E+00  0.0000000E+00
           8        1993           6          17 null                                        FERT   0.3188697      0.2431639       38.72874       18.76815      0.8218156      1.6279207E-03   239.5459       119.5000      0.0000000E+00  0.0000000E+00  0.0000000E+00  0.0000000E+00  0.0000000E+00
           9        1993           6          17 null                                        FERT   0.3188697      0.2431639       37.22707       18.83455      0.8225592      1.6664849E-03   279.7080       119.5000      0.0000000E+00  0.0000000E+00  0.0000000E+00  0.0000000E+00  0.0000000E+00
          10        1993           6          17 null                                        FERT   0.3188697      0.2431639       38.02886       18.81348      0.8223991      1.6658888E-03   273.2877       119.5000      0.0000000E+00  0.0000000E+00  0.0000000E+00  0.0000000E+00  0.0000000E+00
          11        1993           6          17 null                                        FERT   0.3188697      0.2431639       39.03958       18.88396      0.8245487      1.6274438E-03   312.3655       119.5000      0.0000000E+00  0.0000000E+00  0.0000000E+00  0.0000000E+00  0.0000000E+00
          12        1993           6          17 null                                        FERT   0.3188697      0.2431639       38.34529       18.85010      0.8232913      1.6658292E-03   279.1337       119.5000      0.0000000E+00  0.0000000E+00  0.0000000E+00  0.0000000E+00  0.0000000E+00
           1        1993          11           4 corn                                        HARV/KILL   0.9099815      0.0000000E+00   208.1980       129.1220       44.10343      3.4883707E-03   224.2046       56.00301      0.0000000E+00  0.0000000E+00  0.0000000E+00  0.0000000E+00  0.0000000E+00
           2        1993          11           4 corn                                        HARV/KILL   0.9099815      0.0000000E+00   255.7728       129.1190       44.15588      3.4327381E-03   260.3976       56.00311      0.0000000E+00  0.0000000E+00  0.0000000E+00  0.0000000E+00  0.0000000E+00
           3        1993          11           4 corn                                        HARV/KILL   0.9099815      0.0000000E+00   209.5414       129.1742       44.12604      3.6445290E-03   276.2973       56.02118      0.0000000E+00  0.0000000E+00  0.0000000E+00  0.0000000E+00  0.0000000E+00
           4        1993          11           4 corn                                        HARV/KILL   0.9099815      0.0000000E+00   211.1424       129.1307       44.10738      3.5067184E-03   276.7958       56.00584      0.0000000E+00  0.0000000E+00  0.0000000E+00  0.0000000E+00  0.0000000E+00
           5        1993          11           4 corn                                        HARV/KILL   0.9099815      0.0000000E+00   210.6690       129.1830       44.12991      3.6579580E-03   284.1009       56.02418      0.0000000E+00  0.0000000E+00  0.0000000E+00  0.0000000E+00  0.0000000E+00
           6        1993          11           4 corn                                        HARV/KILL   0.9099815      0.0000000E+00   212.5960       129.1635       44.12148      3.6075707E-03   292.1472       56.01724      0.0000000E+00  0.0000000E+00  0.0000000E+00  0.0000000E+00  0.0000000E+00
           7        1993          11           4 corn                                        HARV/KILL   0.9099815      0.0000000E+00   207.3471       129.0925       44.09053      3.3911350E-03   219.9115       55.99273      0.0000000E+00  0.0000000E+00  0.0000000E+00  0.0000000E+00  0.0000000E+00
           8        1993          11           4 corn                                        HARV/KILL   0.9099815      0.0000000E+00   235.0561       129.0451       44.06779      3.2393301E-03   240.3604       55.97827      0.0000000E+00  0.0000000E+00  0.0000000E+00  0.0000000E+00  0.0000000E+00
           9        1993          11           4 corn                                        HARV/KILL   0.9099815      0.0000000E+00   214.1260       129.1989       44.13676      3.7248656E-03   280.5202       56.02950      0.0000000E+00  0.0000000E+00  0.0000000E+00  0.0000000E+00  0.0000000E+00
          10        1993          11           4 corn                                        HARV/KILL   0.9099815      0.0000000E+00   223.3112       129.1547       44.11782      3.5826531E-03   274.1122       56.01402      0.0000000E+00  0.0000000E+00  0.0000000E+00  0.0000000E+00  0.0000000E+00
          11        1993          11           4 corn                                        HARV/KILL   0.9099815      0.0000000E+00   250.7023       129.2586       44.16072      3.9313128E-03   313.4167       56.05212      0.0000000E+00  0.0000000E+00  0.0000000E+00  0.0000000E+00  0.0000000E+00
          12        1993          11           4 corn                                        HARV/KILL   0.9099815      0.0000000E+00   228.0865       129.2257       44.15340      3.7763393E-03   279.9914       56.03409      0.0000000E+00  0.0000000E+00  0.0000000E+00  0.0000000E+00  0.0000000E+00
           1        1993          11          21 null                                        FERT   2.6572293E-02  0.0000000E+00   208.4864      0.0000000E+00   34.76164      3.8064425E-03   224.1703       167.9600      0.0000000E+00  0.0000000E+00  0.0000000E+00  0.0000000E+00  0.0000000E+00
           2        1993          11          21 null                                        FERT   2.6572293E-02  0.0000000E+00   255.5479      0.0000000E+00   34.80332      3.7197373E-03   260.3556       167.9600      0.0000000E+00  0.0000000E+00  0.0000000E+00  0.0000000E+00  0.0000000E+00
           3        1993          11          21 null                                        FERT   2.6572293E-02  0.0000000E+00   209.8186      0.0000000E+00   34.77958      3.9903815E-03   276.2415       167.9600      0.0000000E+00  0.0000000E+00  0.0000000E+00  0.0000000E+00  0.0000000E+00
           4        1993          11          21 null                                        FERT   2.6572293E-02  0.0000000E+00   211.4055      0.0000000E+00   34.76502      3.8300671E-03   276.7401       167.9600      0.0000000E+00  0.0000000E+00  0.0000000E+00  0.0000000E+00  0.0000000E+00
           5        1993          11          21 null                                        FERT   2.6572293E-02  0.0000000E+00   210.9366      0.0000000E+00   34.78274      4.0096226E-03   284.0418       167.9600      0.0000000E+00  0.0000000E+00  0.0000000E+00  0.0000000E+00  0.0000000E+00
           6        1993          11          21 null                                        FERT   2.6572293E-02  0.0000000E+00   212.8467      0.0000000E+00   34.77626      3.9494955E-03   292.0870       167.9600      0.0000000E+00  0.0000000E+00  0.0000000E+00  0.0000000E+00  0.0000000E+00
           7        1993          11          21 null                                        FERT   2.6572293E-02  0.0000000E+00   207.6427      0.0000000E+00   34.75138      3.6921955E-03   219.8808       167.9600      0.0000000E+00  0.0000000E+00  0.0000000E+00  0.0000000E+00  0.0000000E+00
           8        1993          11          21 null                                        FERT   2.6572293E-02  0.0000000E+00   235.0968      0.0000000E+00   34.73503      3.4890249E-03   240.3301       167.9600      0.0000000E+00  0.0000000E+00  0.0000000E+00  0.0000000E+00  0.0000000E+00
           9        1993          11          21 null                                        FERT   2.6572293E-02  0.0000000E+00   214.3637      0.0000000E+00   34.78839      4.0843324E-03   280.4640       167.9600      0.0000000E+00  0.0000000E+00  0.0000000E+00  0.0000000E+00  0.0000000E+00
          10        1993          11          21 null                                        FERT   2.6572293E-02  0.0000000E+00   223.4664      0.0000000E+00   34.77402      3.9167972E-03   274.0595       167.9600      0.0000000E+00  0.0000000E+00  0.0000000E+00  0.0000000E+00  0.0000000E+00
          11        1993          11          21 null                                        FERT   2.6572293E-02  0.0000000E+00   250.5633      0.0000000E+00   34.80684      4.3239407E-03   313.3580       167.9600      0.0000000E+00  0.0000000E+00  0.0000000E+00  0.0000000E+00  0.0000000E+00
          12        1993          11          21 null                                        FERT   2.6572293E-02  0.0000000E+00   228.1972      0.0000000E+00   34.80222      4.1435580E-03   279.9353       167.9600      0.0000000E+00  0.0000000E+00  0.0000000E+00  0.0000000E+00  0.0000000E+00
           1        1994           3          31 fldcult             TILLAGE   6.5598845E-02  0.0000000E+00   193.1094      0.0000000E+00   7.930842      4.5085051E-03   224.2747      0.5000000    
           3        1994           3          31 fldcult             TILLAGE   6.5598845E-02  0.0000000E+00   194.4237      0.0000000E+00   7.935094      4.7118003E-03   276.3156      0.5000000    
           4        1994           3          31 fldcult             TILLAGE   6.5598845E-02  0.0000000E+00   195.9878      0.0000000E+00   7.931964      4.5336629E-03   276.8151      0.5000000    
           5        1994           3          31 fldcult             TILLAGE   6.5598845E-02  0.0000000E+00   195.5263      0.0000000E+00   7.935950      4.7403071E-03   284.1129      0.5000000    
           6        1994           3          31 fldcult             TILLAGE   6.5598845E-02  0.0000000E+00   197.4093      0.0000000E+00   7.934682      4.6660518E-03   292.1555      0.5000000    
           7        1994           3          31 fldcult             TILLAGE   6.5598845E-02  0.0000000E+00   192.2771      0.0000000E+00   7.928397      4.3881168E-03   219.9903      0.5000000    
           8        1994           3          31 fldcult             TILLAGE   6.5598845E-02  0.0000000E+00   219.3325      0.0000000E+00   7.926785      4.1445582E-03   240.4676      0.5000000    
           9        1994           3          31 fldcult             TILLAGE   6.5598845E-02  0.0000000E+00   198.9058      0.0000000E+00   7.937603      4.8277141E-03   280.5384      0.5000000    
          10        1994           3          31 fldcult             TILLAGE   6.5598845E-02  0.0000000E+00   207.8784      0.0000000E+00   7.935052      4.6240464E-03   274.1432      0.5000000    
          11        1994           3          31 fldcult             TILLAGE   6.5598845E-02  0.0000000E+00   234.5350      0.0000000E+00   7.941447      5.0856220E-03   313.4928      0.5000000    
          12        1994           3          31 fldcult             TILLAGE   6.5598845E-02  0.0000000E+00   212.5406      0.0000000E+00   7.941720      4.8817494E-03   280.0157      0.5000000    
           1        1994           4          16 null                                        FERT   9.8514669E-02  0.0000000E+00   214.9467      0.0000000E+00   6.579898      5.0126975E-03   224.4554       38.30000      0.0000000E+00  0.0000000E+00  0.0000000E+00  0.0000000E+00  0.0000000E+00
           2        1994           4          16 null                                        FERT   9.8514669E-02  0.0000000E+00   261.2351      0.0000000E+00   10.78128      4.8983051E-03   260.6262       57.10000      0.0000000E+00  0.0000000E+00  0.0000000E+00  0.0000000E+00  0.0000000E+00
           3        1994           4          16 null                                        FERT   9.8514669E-02  0.0000000E+00   216.2607      0.0000000E+00   6.583425      5.2628582E-03   276.5914       38.30000      0.0000000E+00  0.0000000E+00  0.0000000E+00  0.0000000E+00  0.0000000E+00
           4        1994           4          16 null                                        FERT   9.8514669E-02  0.0000000E+00   217.8251      0.0000000E+00   6.580832      5.0422791E-03   277.0896       38.30000      0.0000000E+00  0.0000000E+00  0.0000000E+00  0.0000000E+00  0.0000000E+00
           5        1994           4          16 null                                        FERT   9.8514669E-02  0.0000000E+00   217.3632      0.0000000E+00   6.584136      5.2980934E-03   284.4012       38.30000      0.0000000E+00  0.0000000E+00  0.0000000E+00  0.0000000E+00  0.0000000E+00
           6        1994           4          16 null                                        FERT   9.8514669E-02  0.0000000E+00   219.2464      0.0000000E+00   6.583086      5.2086422E-03   292.4587       38.30000      0.0000000E+00  0.0000000E+00  0.0000000E+00  0.0000000E+00  0.0000000E+00
           7        1994           4          16 null                                        FERT   9.8514669E-02  0.0000000E+00   214.1146      0.0000000E+00   6.577866      4.8614098E-03   220.1649       38.30000      0.0000000E+00  0.0000000E+00  0.0000000E+00  0.0000000E+00  0.0000000E+00
           8        1994           4          16 null                                        FERT   9.8514669E-02  0.0000000E+00   241.1701      0.0000000E+00   6.576552      4.5552873E-03   240.6644       38.30000      0.0000000E+00  0.0000000E+00  0.0000000E+00  0.0000000E+00  0.0000000E+00
           9        1994           4          16 null                                        FERT   9.8514669E-02  0.0000000E+00   220.7425      0.0000000E+00   6.585513      5.4006637E-03   280.8183       38.30000      0.0000000E+00  0.0000000E+00  0.0000000E+00  0.0000000E+00  0.0000000E+00
          10        1994           4          16 null                                        FERT   9.8514669E-02  0.0000000E+00   229.7155      0.0000000E+00   6.583402      5.1572667E-03   274.4089       38.30000      0.0000000E+00  0.0000000E+00  0.0000000E+00  0.0000000E+00  0.0000000E+00
          11        1994           4          16 null                                        FERT   9.8514669E-02  0.0000000E+00   256.3691      0.0000000E+00   6.588704      5.7188077E-03   313.7907       38.30000      0.0000000E+00  0.0000000E+00  0.0000000E+00  0.0000000E+00  0.0000000E+00
          12        1994           4          16 null                                        FERT   9.8514669E-02  0.0000000E+00   234.3770      0.0000000E+00   6.588937      5.4697297E-03   280.2873       38.30000      0.0000000E+00  0.0000000E+00  0.0000000E+00  0.0000000E+00  0.0000000E+00
           1        1994           5           5 corn                                        PLANT   0.1532315      0.0000000E+00   193.1767      0.0000000E+00   4.819622      5.5827154E-03   224.6129      0.0000000E+00   6.000000    
           2        1994           5           5 corn                                        PLANT   0.1532315      0.0000000E+00   239.4614      0.0000000E+00   7.863867      5.4188534E-03   260.7922      0.0000000E+00   6.000000    
           3        1994           5           5 corn                                        PLANT   0.1532315      0.0000000E+00   194.4910      0.0000000E+00   4.822207      5.8908854E-03   276.8134      0.0000000E+00   6.000000    
           4        1994           5           5 corn                                        PLANT   0.1532315      0.0000000E+00   196.0551      0.0000000E+00   4.820306      5.6213080E-03   277.3120      0.0000000E+00   6.000000    
           5        1994           5           5 corn                                        PLANT   0.1532315      0.0000000E+00   195.5936      0.0000000E+00   4.822727      5.9409859E-03   284.6318      0.0000000E+00   6.000000    
           6        1994           5           5 corn                                        PLANT   0.1532315      0.0000000E+00   197.4767      0.0000000E+00   4.821956      5.8270190E-03   292.7024      0.0000000E+00   6.000000    
           7        1994           5           5 corn                                        PLANT   0.1532315      0.0000000E+00   192.3445      0.0000000E+00   4.818137      5.4037278E-03   220.3191      0.0000000E+00   6.000000    
           8        1994           5           5 corn                                        PLANT   0.1532315      0.0000000E+00   219.3999      0.0000000E+00   4.817165      5.0328537E-03   240.8403      0.0000000E+00   6.000000    
           9        1994           5           5 corn                                        PLANT   0.1532315      0.0000000E+00   198.9731      0.0000000E+00   4.823733      6.0641035E-03   281.0451      0.0000000E+00   6.000000    
          10        1994           5           5 corn                                        PLANT   0.1532315      0.0000000E+00   207.9457      0.0000000E+00   4.822185      5.7568965E-03   274.6274      0.0000000E+00   6.000000    
          11        1994           5           5 corn                                        PLANT   0.1532315      0.0000000E+00   234.6023      0.0000000E+00   4.826082      6.4690677E-03   314.0349      0.0000000E+00   6.000000    
          12        1994           5           5 corn                                        PLANT   0.1532315      0.0000000E+00   212.6080      0.0000000E+00   4.826238      6.1544804E-03   280.5090      0.0000000E+00   6.000000    
           1        1994           6          11 null                                        FERT   0.2995729      0.2195106       201.8012       13.55841       2.352393      1.7606814E-03   224.8246       123.2000      0.0000000E+00  0.0000000E+00  0.0000000E+00  0.0000000E+00  0.0000000E+00
           2        1994           6          11 null                                        FERT   0.2995729      0.2195106       248.0841       13.55069       3.838030      1.8122329E-03   261.0666       112.0000      0.0000000E+00  0.0000000E+00  0.0000000E+00  0.0000000E+00  0.0000000E+00
           3        1994           6          11 null                                        FERT   0.2995729      0.2195106       203.1150       13.57234       2.353636      1.7605051E-03   277.0811       123.2000      0.0000000E+00  0.0000000E+00  0.0000000E+00  0.0000000E+00  0.0000000E+00
           4        1994           6          11 null                                        FERT   0.2995729      0.2195106       204.6796       13.55970       2.352684      1.7603082E-03   277.5822       123.2000      0.0000000E+00  0.0000000E+00  0.0000000E+00  0.0000000E+00  0.0000000E+00
           5        1994           6          11 null                                        FERT   0.2995729      0.2195106       204.2175       13.57434       2.353870      1.7603638E-03   284.9080       123.2000      0.0000000E+00  0.0000000E+00  0.0000000E+00  0.0000000E+00  0.0000000E+00
           6        1994           6          11 null                                        FERT   0.2995729      0.2195106       206.1008       13.56916       2.353470      1.7601392E-03   292.9915       123.2000      0.0000000E+00  0.0000000E+00  0.0000000E+00  0.0000000E+00  0.0000000E+00
           7        1994           6          11 null                                        FERT   0.2995729      0.2195106       200.9691       13.55029       2.351681      1.7607966E-03   220.5287       123.2000      0.0000000E+00  0.0000000E+00  0.0000000E+00  0.0000000E+00  0.0000000E+00
           8        1994           6          11 null                                        FERT   0.2995729      0.2195106       228.0244       13.53285       2.350917      1.7700458E-03   241.0858       123.2000      0.0000000E+00  0.0000000E+00  0.0000000E+00  0.0000000E+00  0.0000000E+00
           9        1994           6          11 null                                        FERT   0.2995729      0.2195106       207.5967       13.58008       2.354318      1.7599697E-03   281.3196       123.2000      0.0000000E+00  0.0000000E+00  0.0000000E+00  0.0000000E+00  0.0000000E+00
          10        1994           6          11 null                                        FERT   0.2995729      0.2195106       216.5699       13.56578       2.353465      1.7591597E-03   274.8985       123.2000      0.0000000E+00  0.0000000E+00  0.0000000E+00  0.0000000E+00  0.0000000E+00
          11        1994           6          11 null                                        FERT   0.2995729      0.2195106       243.2225       13.59749       2.355424      1.8127610E-03   314.3482       123.2000      0.0000000E+00  0.0000000E+00  0.0000000E+00  0.0000000E+00  0.0000000E+00
          12        1994           6          11 null                                        FERT   0.2995729      0.2195106       221.2311       13.58390       2.355411      1.7588886E-03   280.7838       123.2000      0.0000000E+00  0.0000000E+00  0.0000000E+00  0.0000000E+00  0.0000000E+00
           1        1994          11           5 corn                                        HARV/KILL   0.9223167      0.0000000E+00   29.74803       123.4519       43.50132      3.9472659E-03   225.2067       52.48573      0.0000000E+00  0.0000000E+00  0.0000000E+00  0.0000000E+00  0.0000000E+00
           3        1994          11           5 corn                                        HARV/KILL   0.9223167      0.0000000E+00   29.76433       123.4838       43.51490      4.0494623E-03   277.6536       52.49708      0.0000000E+00  0.0000000E+00  0.0000000E+00  0.0000000E+00  0.0000000E+00
           4        1994          11           5 corn                                        HARV/KILL   0.9223167      0.0000000E+00   30.57361       123.4570       43.50340      3.9641177E-03   278.1588       52.48755      0.0000000E+00  0.0000000E+00  0.0000000E+00  0.0000000E+00  0.0000000E+00
           5        1994          11           5 corn                                        HARV/KILL   0.9223167      0.0000000E+00   30.02793       123.4895       43.51736      4.0718410E-03   285.5106       52.49906      0.0000000E+00  0.0000000E+00  0.0000000E+00  0.0000000E+00  0.0000000E+00
           6        1994          11           5 corn                                        HARV/KILL   0.9223167      0.0000000E+00   32.23088       123.4786       43.51268      4.0364363E-03   293.6252       52.49510      0.0000000E+00  0.0000000E+00  0.0000000E+00  0.0000000E+00  0.0000000E+00
           7        1994          11           5 corn                                        HARV/KILL   0.9223167      0.0000000E+00   29.73686       123.4333       43.49330      3.8867255E-03   220.8948       52.47921      0.0000000E+00  0.0000000E+00  0.0000000E+00  0.0000000E+00  0.0000000E+00
           8        1994          11           5 corn                                        HARV/KILL   0.9223167      0.0000000E+00   58.33151       123.4085       43.48205      3.7555730E-03   241.5467       52.46964      0.0000000E+00  0.0000000E+00  0.0000000E+00  0.0000000E+00  0.0000000E+00
           9        1994          11           5 corn                                        HARV/KILL   0.9223167      0.0000000E+00   33.97759       123.5034       43.52328      4.1119647E-03   281.9122       52.50381      0.0000000E+00  0.0000000E+00  0.0000000E+00  0.0000000E+00  0.0000000E+00
          10        1994          11           5 corn                                        HARV/KILL   0.9223167      0.0000000E+00   44.59256       123.4749       43.51083      4.0155030E-03   275.4753       52.49391      0.0000000E+00  0.0000000E+00  0.0000000E+00  0.0000000E+00  0.0000000E+00
          11        1994          11           5 corn                                        HARV/KILL   0.9223167      0.0000000E+00   76.62172       123.5655       43.55633      4.2470158E-03   315.0595       52.51907      0.0000000E+00  0.0000000E+00  0.0000000E+00  0.0000000E+00  0.0000000E+00
          12        1994          11           5 corn                                        HARV/KILL   0.9223167      0.0000000E+00   50.15012       123.5170       43.52884      4.1512274E-03   281.3814       52.50880      0.0000000E+00  0.0000000E+00  0.0000000E+00  0.0000000E+00  0.0000000E+00
           2        1994          11           7 corn                                        HARV/KILL   0.9275060      0.0000000E+00   78.77347       123.4673       43.61094      3.9283237E-03   261.6758       52.48604      0.0000000E+00  0.0000000E+00  0.0000000E+00  0.0000000E+00  0.0000000E+00
           2        1994          12           2 null                                        FERT   3.3287026E-02  0.0000000E+00   84.43822      0.0000000E+00   31.11481      4.4599050E-03   261.6932       142.7000      0.0000000E+00  0.0000000E+00  0.0000000E+00  0.0000000E+00  0.0000000E+00
           1        1995           3          10 chisplow            TILLAGE   4.2564016E-02  0.0000000E+00   21.94390      0.0000000E+00   9.035587      5.5336929E-03   225.3500      0.6500000    
           3        1995           3          10 chisplow            TILLAGE   4.2564016E-02  0.0000000E+00   21.92131      0.0000000E+00   9.038875      5.6992727E-03   277.7934      0.6500000    
           4        1995           3          10 chisplow            TILLAGE   4.2564016E-02  0.0000000E+00   22.76077      0.0000000E+00   9.038548      5.5337152E-03   278.3066      0.6500000    
           5        1995           3          10 chisplow            TILLAGE   4.2564016E-02  0.0000000E+00   22.17657      0.0000000E+00   9.040260      5.7153837E-03   285.6554      0.6500000    
           6        1995           3          10 chisplow            TILLAGE   4.2564016E-02  0.0000000E+00   24.39705      0.0000000E+00   9.043932      5.6596464E-03   293.7692      0.6500000    
           7        1995           3          10 chisplow            TILLAGE   4.2564016E-02  0.0000000E+00   21.94636      0.0000000E+00   9.033603      5.4228762E-03   221.0392      0.6500000    
           8        1995           3          10 chisplow            TILLAGE   4.2564016E-02  0.0000000E+00   50.54712      0.0000000E+00   9.265099      5.1704207E-03   241.6459      0.6500000    
           9        1995           3          10 chisplow            TILLAGE   4.2564016E-02  0.0000000E+00   26.10874      0.0000000E+00   9.049578      5.8034472E-03   282.0530      0.6500000    
          10        1995           3          10 chisplow            TILLAGE   4.2564016E-02  0.0000000E+00   36.76217      0.0000000E+00   9.157171      5.6312941E-03   275.5875      0.6500000    
          11        1995           3          10 chisplow            TILLAGE   4.2564016E-02  0.0000000E+00   68.71255      0.0000000E+00   9.296935      6.0672071E-03   315.0708      0.6500000    
          12        1995           3          10 chisplow            TILLAGE   4.2564016E-02  0.0000000E+00   42.25270      0.0000000E+00   9.168104      5.8831153E-03   281.4760      0.6500000    
           2        1995           4          28 corn                                        PLANT   0.1377711      0.0000000E+00   99.55966      0.0000000E+00   9.179488      7.8020454E-03   262.0971      0.0000000E+00   6.000000    
           2        1995           6           1 null                                        FERT   0.2470537      0.1357331       82.14648       8.338511       4.997923      1.7804849E-03   262.3321       210.6000      0.0000000E+00  0.0000000E+00  0.0000000E+00  0.0000000E+00  0.0000000E+00
           2        1995          10           7 corn                                        HARV/KILL   0.8428977      0.0000000E+00   18.98891       113.3888       42.02148      3.0723785E-03   262.6308       46.02119      0.0000000E+00  0.0000000E+00  0.0000000E+00  0.0000000E+00  0.0000000E+00
           2        1995          10           9 null                                        FERT   4.8895809E-03  0.0000000E+00   14.54454      0.0000000E+00   40.64339      3.0998553E-03   262.6375       142.7000      0.0000000E+00  0.0000000E+00  0.0000000E+00  0.0000000E+00  0.0000000E+00
           1        1995          11           2 null                                        FERT   0.9036944      0.0000000E+00   20.59523      0.0000000E+00  0.1089009      1.5099993E-02   226.1371       142.7000      0.0000000E+00  0.0000000E+00  0.0000000E+00  0.0000000E+00  0.0000000E+00
           3        1995          11           2 null                                        FERT   0.9036944      0.0000000E+00   20.59492      0.0000000E+00  0.1089353      1.5941100E-02   278.9676       142.7000      0.0000000E+00  0.0000000E+00  0.0000000E+00  0.0000000E+00  0.0000000E+00
           4        1995          11           2 null                                        FERT   0.9036944      0.0000000E+00   21.39012      0.0000000E+00  0.1088660      1.5219580E-02   279.4904       142.7000      0.0000000E+00  0.0000000E+00  0.0000000E+00  0.0000000E+00  0.0000000E+00
           5        1995          11           2 null                                        FERT   0.9036944      0.0000000E+00   20.84659      0.0000000E+00  0.1089291      1.6092611E-02   286.8901       142.7000      0.0000000E+00  0.0000000E+00  0.0000000E+00  0.0000000E+00  0.0000000E+00
           6        1995          11           2 null                                        FERT   0.9036944      0.0000000E+00   23.04571      0.0000000E+00  0.1088035      1.5803933E-02   295.0770       142.7000      0.0000000E+00  0.0000000E+00  0.0000000E+00  0.0000000E+00  0.0000000E+00
           7        1995          11           2 null                                        FERT   0.9036944      0.0000000E+00   20.59534      0.0000000E+00  0.1088780      1.4580370E-02   221.7976       142.7000      0.0000000E+00  0.0000000E+00  0.0000000E+00  0.0000000E+00  0.0000000E+00
           8        1995          11           2 null                                        FERT   0.9036944      0.0000000E+00   49.02203      0.0000000E+00  0.1101169      1.3510453E-02   242.6205       142.7000      0.0000000E+00  0.0000000E+00  0.0000000E+00  0.0000000E+00  0.0000000E+00
           9        1995          11           2 null                                        FERT   0.9036944      0.0000000E+00   24.79022      0.0000000E+00  0.1087475      1.6431674E-02   283.2769       142.7000      0.0000000E+00  0.0000000E+00  0.0000000E+00  0.0000000E+00  0.0000000E+00
          10        1995          11           2 null                                        FERT   0.9036944      0.0000000E+00   35.35919      0.0000000E+00  0.1094348      1.5646853E-02   276.7932       142.7000      0.0000000E+00  0.0000000E+00  0.0000000E+00  0.0000000E+00  0.0000000E+00
          11        1995          11           2 null                                        FERT   0.9036944      0.0000000E+00   67.24589      0.0000000E+00  0.1100298      1.7645275E-02   316.5817       142.7000      0.0000000E+00  0.0000000E+00  0.0000000E+00  0.0000000E+00  0.0000000E+00
          12        1995          11           2 null                                        FERT   0.9036944      0.0000000E+00   40.88939      0.0000000E+00  0.1093316      1.6787287E-02   282.7276       142.7000      0.0000000E+00  0.0000000E+00  0.0000000E+00  0.0000000E+00  0.0000000E+00
           1        1996           4           1 chisplow            TILLAGE   6.3004248E-02  0.0000000E+00   15.47493      0.0000000E+00  1.5626632E-02  1.6414870E-02   226.3594      0.6500000    
           3        1996           4           1 chisplow            TILLAGE   6.3004248E-02  0.0000000E+00   15.47438      0.0000000E+00  1.5647911E-02  1.7291754E-02   279.2440      0.6500000    
           4        1996           4           1 chisplow            TILLAGE   6.3004248E-02  0.0000000E+00   16.26988      0.0000000E+00  1.5632872E-02  1.6535938E-02   279.7686      0.6500000    
           5        1996           4           1 chisplow            TILLAGE   6.3004248E-02  0.0000000E+00   15.72604      0.0000000E+00  1.5652953E-02  1.7432706E-02   287.1787      0.6500000    
           6        1996           4           1 chisplow            TILLAGE   6.3004248E-02  0.0000000E+00   17.92526      0.0000000E+00  1.5647752E-02  1.7148321E-02   295.3637      0.6500000    
           7        1996           4           1 chisplow            TILLAGE   6.3004248E-02  0.0000000E+00   15.47515      0.0000000E+00  1.5613060E-02  1.5849108E-02   222.0108      0.6500000    
           8        1996           4           1 chisplow            TILLAGE   6.3004248E-02  0.0000000E+00   43.90139      0.0000000E+00  1.5896520E-02  1.4740995E-02   242.8098      0.6500000    
           9        1996           4           1 chisplow            TILLAGE   6.3004248E-02  0.0000000E+00   19.66944      0.0000000E+00  1.5661657E-02  1.7792393E-02   283.5530      0.6500000    
          10        1996           4           1 chisplow            TILLAGE   6.3004248E-02  0.0000000E+00   30.23875      0.0000000E+00  1.5816363E-02  1.6942227E-02   277.0335      0.6500000    
          11        1996           4           1 chisplow            TILLAGE   6.3004248E-02  0.0000000E+00   62.12343      0.0000000E+00  1.6062493E-02  1.9021729E-02   316.7710      0.6500000    
          12        1996           4           1 chisplow            TILLAGE   6.3004248E-02  0.0000000E+00   35.76838      0.0000000E+00  1.5843416E-02  1.8128721E-02   282.9639      0.6500000    
           1        1996           4          28 corn                                        PLANT   0.1260997      0.0000000E+00  3.4831878E-04  0.0000000E+00  1.0773164E-02  1.6681075E-02   226.6870      0.0000000E+00   6.000000    
           3        1996           4          28 corn                                        PLANT   0.1260997      0.0000000E+00  3.4830952E-04  0.0000000E+00  1.0787850E-02  1.7579604E-02   279.8016      0.0000000E+00   6.000000    
           4        1996           4          28 corn                                        PLANT   0.1260997      0.0000000E+00  0.7952785      0.0000000E+00  1.0777564E-02  1.6805593E-02   280.3225      0.0000000E+00   6.000000    
           5        1996           4          28 corn                                        PLANT   0.1260997      0.0000000E+00  0.2520997      0.0000000E+00  1.0791359E-02  1.7723359E-02   287.7664      0.0000000E+00   6.000000    
           6        1996           4          28 corn                                        PLANT   0.1260997      0.0000000E+00   2.451073      0.0000000E+00  1.0787980E-02  1.7433476E-02   295.9864      0.0000000E+00   6.000000    
           7        1996           4          28 corn                                        PLANT   0.1260997      0.0000000E+00  3.4832172E-04  0.0000000E+00  1.0763803E-02  1.6100854E-02   222.3223      0.0000000E+00   6.000000    
           8        1996           4          28 corn                                        PLANT   0.1260997      0.0000000E+00   28.42697      0.0000000E+00  1.0961337E-02  1.4902606E-02   243.1735      0.0000000E+00   6.000000    
           9        1996           4          28 corn                                        PLANT   0.1260997      0.0000000E+00   4.195928      0.0000000E+00  1.0797735E-02  1.8094881E-02   284.1202      0.0000000E+00   6.000000    
          10        1996           4          28 corn                                        PLANT   0.1260997      0.0000000E+00   14.76448      0.0000000E+00  1.0905195E-02  1.7227177E-02   277.5690      0.0000000E+00   6.000000    
          11        1996           4          28 corn                                        PLANT   0.1260997      0.0000000E+00   46.65372      0.0000000E+00  1.1076552E-02  1.9361347E-02   317.3918      0.0000000E+00   6.000000    
          12        1996           4          28 corn                                        PLANT   0.1260997      0.0000000E+00   20.29535      0.0000000E+00  1.0924185E-02  1.8435510E-02   283.5146      0.0000000E+00   6.000000    
           2        1996           5           2 null                                        FERT   0.1356066      0.0000000E+00   17.46359      0.0000000E+00   5.576102      5.3867865E-03   263.0055       40.00000      0.0000000E+00  0.0000000E+00  0.0000000E+00  0.0000000E+00  0.0000000E+00
           2        1996           5           3 corn                                        PLANT   0.1386398      0.0000000E+00   13.67191      0.0000000E+00   5.481801      5.3932788E-03   263.0139      0.0000000E+00   6.000000    
           1        1996           6           1 null                                        FERT   0.2397813      0.1477481       29.53076       9.363336      4.1122511E-03  1.8729193E-03   226.9694       181.4000      0.0000000E+00  0.0000000E+00  0.0000000E+00  0.0000000E+00  0.0000000E+00
           3        1996           6           1 null                                        FERT   0.2397813      0.1477481       29.52875       9.437222      4.1177445E-03  1.8734366E-03   280.2811       181.4000      0.0000000E+00  0.0000000E+00  0.0000000E+00  0.0000000E+00  0.0000000E+00
           4        1996           6           1 null                                        FERT   0.2397813      0.1477481       30.32573       9.376428      4.1133291E-03  1.8493917E-03   280.8004       181.4000      0.0000000E+00  0.0000000E+00  0.0000000E+00  0.0000000E+00  0.0000000E+00
           5        1996           6           1 null                                        FERT   0.2397813      0.1477481       29.78022       9.451298      4.1188756E-03  1.8420047E-03   288.2726       181.4000      0.0000000E+00  0.0000000E+00  0.0000000E+00  0.0000000E+00  0.0000000E+00
           6        1996           6           1 null                                        FERT   0.2397813      0.1477481       31.98006       9.428836      4.1164793E-03  1.8714841E-03   296.5252       181.4000      0.0000000E+00  0.0000000E+00  0.0000000E+00  0.0000000E+00  0.0000000E+00
           7        1996           6           1 null                                        FERT   0.2397813      0.1477481       29.53152       9.315554      4.1087484E-03  1.8725514E-03   222.5910       181.4000      0.0000000E+00  0.0000000E+00  0.0000000E+00  0.0000000E+00  0.0000000E+00
           8        1996           6           1 null                                        FERT   0.2397813      0.1477481       57.95627       9.218610      4.1723908E-03  1.9794512E-03   243.5064       181.4000      0.0000000E+00  0.0000000E+00  0.0000000E+00  0.0000000E+00  0.0000000E+00
           9        1996           6           1 null                                        FERT   0.2397813      0.1477481       33.72245       9.490660      4.1193715E-03  1.8936803E-03   284.6133       181.4000      0.0000000E+00  0.0000000E+00  0.0000000E+00  0.0000000E+00  0.0000000E+00
          10        1996           6           1 null                                        FERT   0.2397813      0.1477481       44.29382       9.405583      4.1560773E-03  1.9954743E-03   278.0435       181.4000      0.0000000E+00  0.0000000E+00  0.0000000E+00  0.0000000E+00  0.0000000E+00
          11        1996           6           1 null                                        FERT   0.2397813      0.1477481       76.16653       9.407538      4.2121597E-03  4.1269106E-03   317.9688       181.4000      0.0000000E+00  0.0000000E+00  0.0000000E+00  0.0000000E+00  0.0000000E+00
          12        1996           6           1 null                                        FERT   0.2397813      0.1477481       49.82021       9.520655      4.1615595E-03  1.9917407E-03   284.0070       181.4000      0.0000000E+00  0.0000000E+00  0.0000000E+00  0.0000000E+00  0.0000000E+00
           2        1996           6           6 null                                        FERT   0.2649294      0.1787578       14.30365       12.49903       2.916248      1.6644583E-03   263.2821       196.0000      0.0000000E+00  0.0000000E+00  0.0000000E+00  0.0000000E+00  0.0000000E+00
           1        1996          10           7 corn                                        HARV/KILL   0.8424556      0.0000000E+00   13.76862       117.8913       43.37329      2.7328802E-03   227.1525       47.62253      0.0000000E+00  0.0000000E+00  0.0000000E+00  0.0000000E+00  0.0000000E+00
           3        1996          10           7 corn                                        HARV/KILL   0.8424556      0.0000000E+00   13.76933       117.9837       43.41384      2.8151611E-03   280.4570       47.65310      0.0000000E+00  0.0000000E+00  0.0000000E+00  0.0000000E+00  0.0000000E+00
           4        1996          10           7 corn                                        HARV/KILL   0.8424556      0.0000000E+00   13.77230       117.9050       43.37409      2.7293714E-03   280.9763       47.63218      0.0000000E+00  0.0000000E+00  0.0000000E+00  0.0000000E+00  0.0000000E+00
           5        1996          10           7 corn                                        HARV/KILL   0.8424556      0.0000000E+00   13.77063       117.9952       43.41643      2.8083203E-03   288.4474       47.65936      0.0000000E+00  0.0000000E+00  0.0000000E+00  0.0000000E+00  0.0000000E+00
           6        1996          10           7 corn                                        HARV/KILL   0.8424556      0.0000000E+00   13.77319       117.9794       43.40051      2.7846303E-03   296.6937       47.66277      0.0000000E+00  0.0000000E+00  0.0000000E+00  0.0000000E+00  0.0000000E+00
           7        1996          10           7 corn                                        HARV/KILL   0.8424556      0.0000000E+00   13.76788       117.8315       43.34711      2.6864505E-03   222.7710       47.60280      0.0000000E+00  0.0000000E+00  0.0000000E+00  0.0000000E+00  0.0000000E+00
           8        1996          10           7 corn                                        HARV/KILL   0.8424556      0.0000000E+00   13.78754       117.8207       43.29215      2.6797198E-03   243.6857       47.64810      0.0000000E+00  0.0000000E+00  0.0000000E+00  0.0000000E+00  0.0000000E+00
           9        1996          10           7 corn                                        HARV/KILL   0.8424556      0.0000000E+00   13.77355       118.0568       43.42914      2.8582928E-03   284.7838       47.69344      0.0000000E+00  0.0000000E+00  0.0000000E+00  0.0000000E+00  0.0000000E+00
          10        1996          10           7 corn                                        HARV/KILL   0.8424556      0.0000000E+00   13.78265       118.0290       43.39254      2.7774302E-03   278.2158       47.70804      0.0000000E+00  0.0000000E+00  0.0000000E+00  0.0000000E+00  0.0000000E+00
          11        1996          10           7 corn                                        HARV/KILL   0.8424556      0.0000000E+00   13.78233       118.4801       43.66553      2.9675970E-03   318.1851       47.78246      0.0000000E+00  0.0000000E+00  0.0000000E+00  0.0000000E+00  0.0000000E+00
          12        1996          10           7 corn                                        HARV/KILL   0.8424556      0.0000000E+00   13.78319       118.1713       43.44674      2.8868385E-03   284.1835       47.76331      0.0000000E+00  0.0000000E+00  0.0000000E+00  0.0000000E+00  0.0000000E+00
           1        1996          10           9 null                                        FERT   5.9960615E-03  0.0000000E+00   10.66981      0.0000000E+00   41.93833      2.7359021E-03   227.1538       142.7000      0.0000000E+00  0.0000000E+00  0.0000000E+00  0.0000000E+00  0.0000000E+00
           3        1996          10           9 null                                        FERT   5.9960615E-03  0.0000000E+00   10.67036      0.0000000E+00   41.97753      2.8181835E-03   280.4570       142.7000      0.0000000E+00  0.0000000E+00  0.0000000E+00  0.0000000E+00  0.0000000E+00
           4        1996          10           9 null                                        FERT   5.9960615E-03  0.0000000E+00   10.67263      0.0000000E+00   41.93909      2.7323938E-03   280.9764       142.7000      0.0000000E+00  0.0000000E+00  0.0000000E+00  0.0000000E+00  0.0000000E+00
           5        1996          10           9 null                                        FERT   5.9960615E-03  0.0000000E+00   10.67135      0.0000000E+00   41.98002      2.8113425E-03   288.4472       142.7000      0.0000000E+00  0.0000000E+00  0.0000000E+00  0.0000000E+00  0.0000000E+00
           6        1996          10           9 null                                        FERT   5.9960615E-03  0.0000000E+00   10.67331      0.0000000E+00   41.96462      2.7876529E-03   296.6934       142.7000      0.0000000E+00  0.0000000E+00  0.0000000E+00  0.0000000E+00  0.0000000E+00
           7        1996          10           9 null                                        FERT   5.9960615E-03  0.0000000E+00   10.66923      0.0000000E+00   41.91303      2.6894724E-03   222.7725       142.7000      0.0000000E+00  0.0000000E+00  0.0000000E+00  0.0000000E+00  0.0000000E+00
           8        1996          10           9 null                                        FERT   5.9960615E-03  0.0000000E+00   10.68432      0.0000000E+00   41.85967      2.6825080E-03   243.6870       142.7000      0.0000000E+00  0.0000000E+00  0.0000000E+00  0.0000000E+00  0.0000000E+00
           9        1996          10           9 null                                        FERT   5.9960615E-03  0.0000000E+00   10.67359      0.0000000E+00   41.99230      2.8613156E-03   284.7838       142.7000      0.0000000E+00  0.0000000E+00  0.0000000E+00  0.0000000E+00  0.0000000E+00
          10        1996          10           9 null                                        FERT   5.9960615E-03  0.0000000E+00   10.68056      0.0000000E+00   41.95686      2.7804538E-03   278.2159       142.7000      0.0000000E+00  0.0000000E+00  0.0000000E+00  0.0000000E+00  0.0000000E+00
          11        1996          10           9 null                                        FERT   5.9960615E-03  0.0000000E+00   10.68040      0.0000000E+00   42.22051      2.9699118E-03   318.1844       142.7000      0.0000000E+00  0.0000000E+00  0.0000000E+00  0.0000000E+00  0.0000000E+00
          12        1996          10           9 null                                        FERT   5.9960615E-03  0.0000000E+00   10.68099      0.0000000E+00   42.00924      2.8898625E-03   284.1835       142.7000      0.0000000E+00  0.0000000E+00  0.0000000E+00  0.0000000E+00  0.0000000E+00
           1        1996          10          11 chisplow            TILLAGE   1.0887141E-02  0.0000000E+00   8.880179      0.0000000E+00   20.30874      2.7391445E-03   227.1555      0.6500000    
           3        1996          10          11 chisplow            TILLAGE   1.0887141E-02  0.0000000E+00   8.880635      0.0000000E+00   20.32772      2.8214259E-03   280.4580      0.6500000    
           4        1996          10          11 chisplow            TILLAGE   1.0887141E-02  0.0000000E+00   8.882501      0.0000000E+00   20.30910      2.7356364E-03   280.9774      0.6500000    
           5        1996          10          11 chisplow            TILLAGE   1.0887141E-02  0.0000000E+00   8.881453      0.0000000E+00   20.32892      2.8145851E-03   288.4481      0.6500000    
           6        1996          10          11 chisplow            TILLAGE   1.0887141E-02  0.0000000E+00   8.883065      0.0000000E+00   20.32146      2.7908955E-03   296.6942      0.6500000    
           7        1996          10          11 chisplow            TILLAGE   1.0887141E-02  0.0000000E+00   8.879704      0.0000000E+00   20.29649      2.6927146E-03   222.7743      0.6500000    
           8        1996          10          11 chisplow            TILLAGE   1.0887141E-02  0.0000000E+00   8.892108      0.0000000E+00   20.27055      2.6855154E-03   243.6886      0.6500000    
           9        1996          10          11 chisplow            TILLAGE   1.0887141E-02  0.0000000E+00   8.883300      0.0000000E+00   20.33486      2.8645582E-03   284.7847      0.6500000    
          10        1996          10          11 chisplow            TILLAGE   1.0887141E-02  0.0000000E+00   8.889031      0.0000000E+00   20.31767      2.7836973E-03   278.2170      0.6500000    
          11        1996          10          11 chisplow            TILLAGE   1.0887141E-02  0.0000000E+00   8.888925      0.0000000E+00   20.44521      2.9724457E-03   318.1850      0.6500000    
          12        1996          10          11 chisplow            TILLAGE   1.0887141E-02  0.0000000E+00   8.889385      0.0000000E+00   20.34303      2.8931065E-03   284.1844      0.6500000    
           2        1996          11          10 corn                                        HARV/KILL   0.9170935      0.0000000E+00   66.25215       115.4631       43.16815      4.4895774E-03   263.7883       45.89884      0.0000000E+00  0.0000000E+00  0.0000000E+00  0.0000000E+00  0.0000000E+00
           2        1996          11          11 null                                        FERT   2.5946789E-03  0.0000000E+00   65.27632      0.0000000E+00   42.68280      4.5236894E-03   263.7850       16.80000      0.0000000E+00  0.0000000E+00  0.0000000E+00  0.0000000E+00  0.0000000E+00
           2        1996          11          11 null                                        FERT   2.5946789E-03  0.0000000E+00   65.27632      0.0000000E+00   42.68280      4.5236894E-03   263.7850       34.30000      0.0000000E+00  0.0000000E+00  0.0000000E+00  0.0000000E+00  0.0000000E+00
           2        1997           4          25 null                                        FERT   0.1175800      0.0000000E+00   72.66878      0.0000000E+00   12.79264      7.8551080E-03   264.3072       40.00000      0.0000000E+00  0.0000000E+00  0.0000000E+00  0.0000000E+00  0.0000000E+00
           2        1997           4          25 corn                                        PLANT   0.1175800      0.0000000E+00   72.66878      0.0000000E+00   12.79264      7.8551080E-03   264.3072      0.0000000E+00   6.000000    
           1        1997           5           1 fldcult             TILLAGE   0.1297202      0.0000000E+00   67.65634      0.0000000E+00   2.157393      7.5443476E-03   227.7989      0.5000000    
           3        1997           5           1 fldcult             TILLAGE   0.1297202      0.0000000E+00   68.08681      0.0000000E+00   2.159501      7.8955162E-03   281.2442      0.5000000    
           4        1997           5           1 fldcult             TILLAGE   0.1297202      0.0000000E+00   68.32211      0.0000000E+00   2.157628      7.5666099E-03   281.7681      0.5000000    
           5        1997           5           1 fldcult             TILLAGE   0.1297202      0.0000000E+00   68.43327      0.0000000E+00   2.159705      7.9182405E-03   289.2564      0.5000000    
           6        1997           5           1 fldcult             TILLAGE   0.1297202      0.0000000E+00   68.69731      0.0000000E+00   2.159039      7.8317020E-03   297.5179      0.5000000    
           7        1997           5           1 fldcult             TILLAGE   0.1297202      0.0000000E+00   67.32174      0.0000000E+00   2.156032      7.2926050E-03   223.4011      0.5000000    
           8        1997           5           1 fldcult             TILLAGE   0.1297202      0.0000000E+00   71.98869      0.0000000E+00   2.155681      7.2341496E-03   244.3307      0.5000000    
           9        1997           5           1 fldcult             TILLAGE   0.1297202      0.0000000E+00   69.40408      0.0000000E+00   2.160559      8.1340680E-03   285.5729      0.5000000    
          10        1997           5           1 fldcult             TILLAGE   0.1297202      0.0000000E+00   70.68388      0.0000000E+00   2.159280      7.8134602E-03   278.9819      0.5000000    
          11        1997           5           1 fldcult             TILLAGE   0.1297202      0.0000000E+00   74.85294      0.0000000E+00   2.175629      8.7831765E-03   319.0104      0.5000000    
          12        1997           5           1 fldcult             TILLAGE   0.1297202      0.0000000E+00   72.13719      0.0000000E+00   2.162221      8.3042476E-03   284.9604      0.5000000    
           1        1997           5           3 corn                                        PLANT   0.1343399      0.0000000E+00   97.75471      0.0000000E+00   2.108843      8.0128703E-03   227.8469      0.0000000E+00   6.000000    
           1        1997           5           3 null                                        FERT   0.1343399      0.0000000E+00   97.75471      0.0000000E+00   2.108843      8.0128703E-03   227.8469       26.00000      0.0000000E+00  0.0000000E+00  0.0000000E+00  0.0000000E+00  0.0000000E+00
           3        1997           5           3 corn                                        PLANT   0.1343399      0.0000000E+00   98.18439      0.0000000E+00   2.110904      8.3939023E-03   281.3268      0.0000000E+00   6.000000    
           3        1997           5           3 null                                        FERT   0.1343399      0.0000000E+00   98.18439      0.0000000E+00   2.110904      8.3939023E-03   281.3268       26.00000      0.0000000E+00  0.0000000E+00  0.0000000E+00  0.0000000E+00  0.0000000E+00
           4        1997           5           3 corn                                        PLANT   0.1343399      0.0000000E+00   98.42056      0.0000000E+00   2.109073      8.0407783E-03   281.8496      0.0000000E+00   6.000000    
           4        1997           5           3 null                                        FERT   0.1343399      0.0000000E+00   98.42056      0.0000000E+00   2.109073      8.0407783E-03   281.8496       26.00000      0.0000000E+00  0.0000000E+00  0.0000000E+00  0.0000000E+00  0.0000000E+00
           5        1997           5           3 corn                                        PLANT   0.1343399      0.0000000E+00   98.53081      0.0000000E+00   2.111103      8.4228972E-03   289.3434      0.0000000E+00   6.000000    
           5        1997           5           3 null                                        FERT   0.1343399      0.0000000E+00   98.53081      0.0000000E+00   2.111103      8.4228972E-03   289.3434       26.00000      0.0000000E+00  0.0000000E+00  0.0000000E+00  0.0000000E+00  0.0000000E+00
           6        1997           5           3 corn                                        PLANT   0.1343399      0.0000000E+00   98.79517      0.0000000E+00   2.110452      8.3259121E-03   297.6094      0.0000000E+00   6.000000    
           6        1997           5           3 null                                        FERT   0.1343399      0.0000000E+00   98.79517      0.0000000E+00   2.110452      8.3259121E-03   297.6094       26.00000      0.0000000E+00  0.0000000E+00  0.0000000E+00  0.0000000E+00  0.0000000E+00
           7        1997           5           3 corn                                        PLANT   0.1343399      0.0000000E+00   97.42040      0.0000000E+00   2.107512      7.7464613E-03   223.4466      0.0000000E+00   6.000000    
           7        1997           5           3 null                                        FERT   0.1343399      0.0000000E+00   97.42040      0.0000000E+00   2.107512      7.7464613E-03   223.4466       26.00000      0.0000000E+00  0.0000000E+00  0.0000000E+00  0.0000000E+00  0.0000000E+00
           8        1997           5           3 corn                                        PLANT   0.1343399      0.0000000E+00   102.0862      0.0000000E+00   2.107172      7.7026468E-03   244.3805      0.0000000E+00   6.000000    
           8        1997           5           3 null                                        FERT   0.1343399      0.0000000E+00   102.0862      0.0000000E+00   2.107172      7.7026468E-03   244.3805       26.00000      0.0000000E+00  0.0000000E+00  0.0000000E+00  0.0000000E+00  0.0000000E+00
           9        1997           5           3 corn                                        PLANT   0.1343399      0.0000000E+00   99.50095      0.0000000E+00   2.111937      8.6472742E-03   285.6565      0.0000000E+00   6.000000    
           9        1997           5           3 null                                        FERT   0.1343399      0.0000000E+00   99.50095      0.0000000E+00   2.111937      8.6472742E-03   285.6565       26.00000      0.0000000E+00  0.0000000E+00  0.0000000E+00  0.0000000E+00  0.0000000E+00
          10        1997           5           3 corn                                        PLANT   0.1343399      0.0000000E+00   100.7818      0.0000000E+00   2.110688      8.2995426E-03   279.0594      0.0000000E+00   6.000000    
          10        1997           5           3 null                                        FERT   0.1343399      0.0000000E+00   100.7818      0.0000000E+00   2.110688      8.2995426E-03   279.0594       26.00000      0.0000000E+00  0.0000000E+00  0.0000000E+00  0.0000000E+00  0.0000000E+00
          11        1997           5           3 corn                                        PLANT   0.1343399      0.0000000E+00   104.9447      0.0000000E+00   2.126672      9.3377847E-03   319.0980      0.0000000E+00   6.000000    
          11        1997           5           3 null                                        FERT   0.1343399      0.0000000E+00   104.9447      0.0000000E+00   2.126672      9.3377847E-03   319.0980       26.00000      0.0000000E+00  0.0000000E+00  0.0000000E+00  0.0000000E+00  0.0000000E+00
          12        1997           5           3 corn                                        PLANT   0.1343399      0.0000000E+00   102.2334      0.0000000E+00   2.113564      8.8261524E-03   285.0406      0.0000000E+00   6.000000    
          12        1997           5           3 null                                        FERT   0.1343399      0.0000000E+00   102.2334      0.0000000E+00   2.113564      8.8261524E-03   285.0406       26.00000      0.0000000E+00  0.0000000E+00  0.0000000E+00  0.0000000E+00  0.0000000E+00
           2        1997           6           4 null                                        FERT   0.2548536      0.1834599       35.97995       10.63192       6.222067      1.6420470E-03   264.4857       194.9000      0.0000000E+00  0.0000000E+00  0.0000000E+00  0.0000000E+00  0.0000000E+00
           1        1997           6           6 null                                        FERT   0.2651104      0.1887899       31.61250       11.51171       1.202094      1.6798959E-03   228.0295       182.6000      0.0000000E+00  0.0000000E+00  0.0000000E+00  0.0000000E+00  0.0000000E+00
           3        1997           6           6 null                                        FERT   0.2651104      0.1887899       32.27619       11.56045       1.203237      1.6796575E-03   281.6183       182.6000      0.0000000E+00  0.0000000E+00  0.0000000E+00  0.0000000E+00  0.0000000E+00
           4        1997           6           6 null                                        FERT   0.2651104      0.1887899       32.33263       11.53869       1.202174      1.6795383E-03   282.1399       182.6000      0.0000000E+00  0.0000000E+00  0.0000000E+00  0.0000000E+00  0.0000000E+00
           5        1997           6           6 null                                        FERT   0.2651104      0.1887899       32.78326       11.57535       1.203325      1.6795979E-03   289.6498       182.6000      0.0000000E+00  0.0000000E+00  0.0000000E+00  0.0000000E+00  0.0000000E+00
           6        1997           6           6 null                                        FERT   0.2651104      0.1887899       32.83009       11.57733       1.202931      1.6793595E-03   297.9332       182.6000      0.0000000E+00  0.0000000E+00  0.0000000E+00  0.0000000E+00  0.0000000E+00
           7        1997           6           6 null                                        FERT   0.2651104      0.1887899       31.03674       11.47855       1.201360      1.6800747E-03   223.6219       182.6000      0.0000000E+00  0.0000000E+00  0.0000000E+00  0.0000000E+00  0.0000000E+00
           8        1997           6           6 null                                        FERT   0.2651104      0.1887899       35.13110       11.53905       1.200640      1.6439543E-03   244.5869       182.6000      0.0000000E+00  0.0000000E+00  0.0000000E+00  0.0000000E+00  0.0000000E+00
           9        1997           6           6 null                                        FERT   0.2651104      0.1887899       34.30968       11.63246       1.203728      1.6789422E-03   285.9557       182.6000      0.0000000E+00  0.0000000E+00  0.0000000E+00  0.0000000E+00  0.0000000E+00
          10        1997           6           6 null                                        FERT   0.2651104      0.1887899       34.67013       11.59257       1.202911      1.6775713E-03   279.3429       182.6000      0.0000000E+00  0.0000000E+00  0.0000000E+00  0.0000000E+00  0.0000000E+00
          11        1997           6           6 null                                        FERT   0.2651104      0.1887899       40.90458       11.84426       1.211374      1.6418085E-03   319.4381       182.6000      0.0000000E+00  0.0000000E+00  0.0000000E+00  0.0000000E+00  0.0000000E+00
          12        1997           6           6 null                                        FERT   0.2651104      0.1887899       37.49393       11.69725       1.204450      1.6766177E-03   285.3345       182.6000      0.0000000E+00  0.0000000E+00  0.0000000E+00  0.0000000E+00  0.0000000E+00
           2        1997          11           8 corn                                        HARV/KILL   0.9044390      0.0000000E+00   47.10689       123.6931       43.93871      4.1861804E-03   264.9177       52.50006      0.0000000E+00  0.0000000E+00  0.0000000E+00  0.0000000E+00  0.0000000E+00
           1        1997          11           9 corn                                        HARV/KILL   0.9050254      0.0000000E+00   45.43222       123.5651       43.48082      4.1709454E-03   228.3260       52.56429      0.0000000E+00  0.0000000E+00  0.0000000E+00  0.0000000E+00  0.0000000E+00
           3        1997          11           9 corn                                        HARV/KILL   0.9050254      0.0000000E+00   45.43240       123.6169       43.50254      4.3211030E-03   282.0745       52.58300      0.0000000E+00  0.0000000E+00  0.0000000E+00  0.0000000E+00  0.0000000E+00
           4        1997          11           9 corn                                        HARV/KILL   0.9050254      0.0000000E+00   45.43665       123.5805       43.48659      4.1630208E-03   282.5915       52.57057      0.0000000E+00  0.0000000E+00  0.0000000E+00  0.0000000E+00  0.0000000E+00
           5        1997          11           9 corn                                        HARV/KILL   0.9050254      0.0000000E+00   45.43383       123.6281       43.50670      4.3306174E-03   290.1267       52.58761      0.0000000E+00  0.0000000E+00  0.0000000E+00  0.0000000E+00  0.0000000E+00
           6        1997          11           9 corn                                        HARV/KILL   0.9050254      0.0000000E+00   45.43723       123.6189       43.50280      4.2821700E-03   298.4310       52.58431      0.0000000E+00  0.0000000E+00  0.0000000E+00  0.0000000E+00  0.0000000E+00
           7        1997          11           9 corn                                        HARV/KILL   0.9050254      0.0000000E+00   45.43157       123.5268       43.46511      4.0737535E-03   223.9075       52.55014      0.0000000E+00  0.0000000E+00  0.0000000E+00  0.0000000E+00  0.0000000E+00
           8        1997          11           9 corn                                        HARV/KILL   0.9050254      0.0000000E+00   45.45457       123.5894       43.48014      3.8845551E-03   244.8996       52.58347      0.0000000E+00  0.0000000E+00  0.0000000E+00  0.0000000E+00  0.0000000E+00
           9        1997          11           9 corn                                        HARV/KILL   0.9050254      0.0000000E+00   45.43680       123.6779       43.52580      4.4008116E-03   286.4157       52.60732      0.0000000E+00  0.0000000E+00  0.0000000E+00  0.0000000E+00  0.0000000E+00
          10        1997          11           9 corn                                        HARV/KILL   0.9050254      0.0000000E+00   45.44870       123.6526       43.51207      4.2573614E-03   279.7763       52.60122      0.0000000E+00  0.0000000E+00  0.0000000E+00  0.0000000E+00  0.0000000E+00
          11        1997          11           9 corn                                        HARV/KILL   0.9050254      0.0000000E+00   45.44208       123.8524       43.58887      4.6021086E-03   319.9273       52.68078      0.0000000E+00  0.0000000E+00  0.0000000E+00  0.0000000E+00  0.0000000E+00
          12        1997          11           9 corn                                        HARV/KILL   0.9050254      0.0000000E+00   45.44768       123.7637       43.55423      4.4502742E-03   285.7796       52.64574      0.0000000E+00  0.0000000E+00  0.0000000E+00  0.0000000E+00  0.0000000E+00
           1        1997          11          14 null                                        FERT   3.7662738E-03  0.0000000E+00   44.72037      0.0000000E+00   40.75452      4.2833672E-03   228.3345       336.0000      0.0000000E+00  0.0000000E+00  0.0000000E+00  0.0000000E+00  0.0000000E+00
           3        1997          11          14 null                                        FERT   3.7662738E-03  0.0000000E+00   44.72051      0.0000000E+00   40.77505      4.4505284E-03   282.0830       336.0000      0.0000000E+00  0.0000000E+00  0.0000000E+00  0.0000000E+00  0.0000000E+00
           4        1997          11          14 null                                        FERT   3.7662738E-03  0.0000000E+00   44.72479      0.0000000E+00   40.76030      4.2785378E-03   282.6001       336.0000      0.0000000E+00  0.0000000E+00  0.0000000E+00  0.0000000E+00  0.0000000E+00
           5        1997          11          14 null                                        FERT   3.7662738E-03  0.0000000E+00   44.72193      0.0000000E+00   40.77909      4.4638976E-03   290.1353       336.0000      0.0000000E+00  0.0000000E+00  0.0000000E+00  0.0000000E+00  0.0000000E+00
           6        1997          11          14 null                                        FERT   3.7662738E-03  0.0000000E+00   44.72534      0.0000000E+00   40.77567      4.4090897E-03   298.4396       336.0000      0.0000000E+00  0.0000000E+00  0.0000000E+00  0.0000000E+00  0.0000000E+00
           7        1997          11          14 null                                        FERT   3.7662738E-03  0.0000000E+00   44.71973      0.0000000E+00   40.73970      4.1767131E-03   223.9161       336.0000      0.0000000E+00  0.0000000E+00  0.0000000E+00  0.0000000E+00  0.0000000E+00
           8        1997          11          14 null                                        FERT   3.7662738E-03  0.0000000E+00   44.74276      0.0000000E+00   40.75908      3.9622602E-03   244.9070       336.0000      0.0000000E+00  0.0000000E+00  0.0000000E+00  0.0000000E+00  0.0000000E+00
           9        1997          11          14 null                                        FERT   3.7662738E-03  0.0000000E+00   44.72488      0.0000000E+00   40.79741      4.5394781E-03   286.4242       336.0000      0.0000000E+00  0.0000000E+00  0.0000000E+00  0.0000000E+00  0.0000000E+00
          10        1997          11          14 null                                        FERT   3.7662738E-03  0.0000000E+00   44.73683      0.0000000E+00   40.78563      4.3794466E-03   279.7845       336.0000      0.0000000E+00  0.0000000E+00  0.0000000E+00  0.0000000E+00  0.0000000E+00
          11        1997          11          14 null                                        FERT   3.7662738E-03  0.0000000E+00   44.72986      0.0000000E+00   40.86501      4.7623031E-03   319.9320       336.0000      0.0000000E+00  0.0000000E+00  0.0000000E+00  0.0000000E+00  0.0000000E+00
          12        1997          11          14 null                                        FERT   3.7662738E-03  0.0000000E+00   44.73573      0.0000000E+00   40.82567      4.5945658E-03   285.7875       336.0000      0.0000000E+00  0.0000000E+00  0.0000000E+00  0.0000000E+00  0.0000000E+00
           2        1998           4          16 fldcult             TILLAGE   9.9980429E-02  0.0000000E+00   95.63788      0.0000000E+00   6.907466      8.0912150E-03   265.3333      0.5000000    
           1        1998           4          24 fldcult             TILLAGE   0.1160438      0.0000000E+00   87.84891      0.0000000E+00   6.017641      8.5263969E-03   228.7772      0.5000000    
           3        1998           4          24 fldcult             TILLAGE   0.1160438      0.0000000E+00   87.88994      0.0000000E+00   6.021076      9.0687014E-03   282.6474      0.5000000    
           4        1998           4          24 fldcult             TILLAGE   0.1160438      0.0000000E+00   87.94628      0.0000000E+00   6.019372      8.5906172E-03   283.1653      0.5000000    
           5        1998           4          24 fldcult             TILLAGE   0.1160438      0.0000000E+00   87.92618      0.0000000E+00   6.022010      9.1380738E-03   290.7176      0.5000000    
           6        1998           4          24 fldcult             TILLAGE   0.1160438      0.0000000E+00   87.98811      0.0000000E+00   6.022055      8.9667086E-03   299.0367      0.5000000    
           7        1998           4          24 fldcult             TILLAGE   0.1160438      0.0000000E+00   87.82086      0.0000000E+00   6.015193      8.1795994E-03   224.3480      0.5000000    
           8        1998           4          24 fldcult             TILLAGE   0.1160438      0.0000000E+00   88.44484      0.0000000E+00   6.091425      7.5422991E-03   245.3453      0.5000000    
           9        1998           4          24 fldcult             TILLAGE   0.1160438      0.0000000E+00   88.02779      0.0000000E+00   6.025697      9.3593094E-03   286.9925      0.5000000    
          10        1998           4          24 fldcult             TILLAGE   0.1160438      0.0000000E+00   88.26192      0.0000000E+00   6.026472      8.8491980E-03   280.3282      0.5000000    
          11        1998           4          24 fldcult             TILLAGE   0.1160438      0.0000000E+00   88.49078      0.0000000E+00   6.115623      1.0044013E-02   320.5021      0.5000000    
          12        1998           4          24 fldcult             TILLAGE   0.1160438      0.0000000E+00   88.33865      0.0000000E+00   6.033529      9.5483325E-03   286.3416      0.5000000    
           1        1998           4          25 null                                        FERT   0.1185832      0.0000000E+00   84.74921      0.0000000E+00   5.951507      8.5291294E-03   228.7964       27.00000      0.0000000E+00  0.0000000E+00  0.0000000E+00  0.0000000E+00  0.0000000E+00
           1        1998           4          25 corn                                        PLANT   0.1185832      0.0000000E+00   84.74921      0.0000000E+00   5.951507      8.5291294E-03   228.7964      0.0000000E+00   6.000000    
           3        1998           4          25 null                                        FERT   0.1185832      0.0000000E+00   84.79023      0.0000000E+00   5.954905      9.0714330E-03   282.6794       27.00000      0.0000000E+00  0.0000000E+00  0.0000000E+00  0.0000000E+00  0.0000000E+00
           3        1998           4          25 corn                                        PLANT   0.1185832      0.0000000E+00   84.79023      0.0000000E+00   5.954905      9.0714330E-03   282.6794      0.0000000E+00   6.000000    
           4        1998           4          25 null                                        FERT   0.1185832      0.0000000E+00   84.84658      0.0000000E+00   5.953219      8.5933479E-03   283.1971       27.00000      0.0000000E+00  0.0000000E+00  0.0000000E+00  0.0000000E+00  0.0000000E+00
           4        1998           4          25 corn                                        PLANT   0.1185832      0.0000000E+00   84.84658      0.0000000E+00   5.953219      8.5933479E-03   283.1971      0.0000000E+00   6.000000    
           5        1998           4          25 null                                        FERT   0.1185832      0.0000000E+00   84.82647      0.0000000E+00   5.955828      9.1408053E-03   290.7513       27.00000      0.0000000E+00  0.0000000E+00  0.0000000E+00  0.0000000E+00  0.0000000E+00
           5        1998           4          25 corn                                        PLANT   0.1185832      0.0000000E+00   84.82647      0.0000000E+00   5.955828      9.1408053E-03   290.7513      0.0000000E+00   6.000000    
           6        1998           4          25 null                                        FERT   0.1185832      0.0000000E+00   84.88841      0.0000000E+00   5.955873      8.9694392E-03   299.0722       27.00000      0.0000000E+00  0.0000000E+00  0.0000000E+00  0.0000000E+00  0.0000000E+00
           6        1998           4          25 corn                                        PLANT   0.1185832      0.0000000E+00   84.88841      0.0000000E+00   5.955873      8.9694392E-03   299.0722      0.0000000E+00   6.000000    
           7        1998           4          25 null                                        FERT   0.1185832      0.0000000E+00   84.72116      0.0000000E+00   5.949086      8.1823310E-03   224.3662       27.00000      0.0000000E+00  0.0000000E+00  0.0000000E+00  0.0000000E+00  0.0000000E+00
           7        1998           4          25 corn                                        PLANT   0.1185832      0.0000000E+00   84.72116      0.0000000E+00   5.949086      8.1823310E-03   224.3662      0.0000000E+00   6.000000    
           8        1998           4          25 null                                        FERT   0.1185832      0.0000000E+00   85.34515      0.0000000E+00   6.024480      7.5449012E-03   245.3654       27.00000      0.0000000E+00  0.0000000E+00  0.0000000E+00  0.0000000E+00  0.0000000E+00
           8        1998           4          25 corn                                        PLANT   0.1185832      0.0000000E+00   85.34515      0.0000000E+00   6.024480      7.5449012E-03   245.3654      0.0000000E+00   6.000000    
           9        1998           4          25 null                                        FERT   0.1185832      0.0000000E+00   84.92807      0.0000000E+00   5.959474      9.3620392E-03   287.0250       27.00000      0.0000000E+00  0.0000000E+00  0.0000000E+00  0.0000000E+00  0.0000000E+00
           9        1998           4          25 corn                                        PLANT   0.1185832      0.0000000E+00   84.92807      0.0000000E+00   5.959474      9.3620392E-03   287.0250      0.0000000E+00   6.000000    
          10        1998           4          25 null                                        FERT   0.1185832      0.0000000E+00   85.16222      0.0000000E+00   5.960241      8.8519258E-03   280.3586       27.00000      0.0000000E+00  0.0000000E+00  0.0000000E+00  0.0000000E+00  0.0000000E+00
          10        1998           4          25 corn                                        PLANT   0.1185832      0.0000000E+00   85.16222      0.0000000E+00   5.960241      8.8519258E-03   280.3586      0.0000000E+00   6.000000    
          11        1998           4          25 null                                        FERT   0.1185832      0.0000000E+00   85.39109      0.0000000E+00   6.048413      1.0046609E-02   320.5367       27.00000      0.0000000E+00  0.0000000E+00  0.0000000E+00  0.0000000E+00  0.0000000E+00
          11        1998           4          25 corn                                        PLANT   0.1185832      0.0000000E+00   85.39109      0.0000000E+00   6.048413      1.0046609E-02   320.5367      0.0000000E+00   6.000000    
          12        1998           4          25 null                                        FERT   0.1185832      0.0000000E+00   85.23895      0.0000000E+00   5.967221      9.5510604E-03   286.3728       27.00000      0.0000000E+00  0.0000000E+00  0.0000000E+00  0.0000000E+00  0.0000000E+00
          12        1998           4          25 corn                                        PLANT   0.1185832      0.0000000E+00   85.23895      0.0000000E+00   5.967221      9.5510604E-03   286.3728      0.0000000E+00   6.000000    
           2        1998           4          30 fldcult             TILLAGE   0.1280633      0.0000000E+00   74.96039      0.0000000E+00   3.296132      8.4624216E-03   265.5538      0.5000000    
           2        1998           5           5 null                                        FERT   0.1462036      0.0000000E+00   57.97039      0.0000000E+00   3.112915      8.5265031E-03   265.6638       6.740000      0.0000000E+00  0.0000000E+00  0.0000000E+00  0.0000000E+00  0.0000000E+00
           2        1998           5           5 null                                        FERT   0.1462036      0.0000000E+00   57.97039      0.0000000E+00   3.112915      8.5265031E-03   265.6638       18.29000      0.0000000E+00  0.0000000E+00  0.0000000E+00  0.0000000E+00  0.0000000E+00
           2        1998           5           5 null                                        FERT   0.1462036      0.0000000E+00   57.97039      0.0000000E+00   3.112915      8.5265031E-03   265.6638       5.350000      0.0000000E+00  0.0000000E+00  0.0000000E+00  0.0000000E+00  0.0000000E+00
           2        1998           5           6 corn                                        PLANT   0.1508875      0.0000000E+00   51.29277      0.0000000E+00   3.076429      8.5281190E-03   265.6746      0.0000000E+00   6.000000    
           1        1998           6           4 null                                        FERT   0.2588384      0.1904948       39.52370       12.84818       3.152712      1.6794191E-03   229.0534       180.3000      0.0000000E+00  0.0000000E+00  0.0000000E+00  0.0000000E+00  0.0000000E+00
           3        1998           6           4 null                                        FERT   0.2588384      0.1904948       39.53362       12.88841       3.154470      1.6794191E-03   283.0872       180.3000      0.0000000E+00  0.0000000E+00  0.0000000E+00  0.0000000E+00  0.0000000E+00
           4        1998           6           4 null                                        FERT   0.2588384      0.1904948       39.54988       12.85636       3.153528      1.6794191E-03   283.6032       180.3000      0.0000000E+00  0.0000000E+00  0.0000000E+00  0.0000000E+00  0.0000000E+00
           5        1998           6           4 null                                        FERT   0.2588384      0.1904948       39.54315       12.89448       3.154930      1.6794191E-03   291.1792       180.3000      0.0000000E+00  0.0000000E+00  0.0000000E+00  0.0000000E+00  0.0000000E+00
           6        1998           6           4 null                                        FERT   0.2588384      0.1904948       39.56023       12.88648       3.154894      1.6794191E-03   299.5226       180.3000      0.0000000E+00  0.0000000E+00  0.0000000E+00  0.0000000E+00  0.0000000E+00
           7        1998           6           4 null                                        FERT   0.2588384      0.1904948       39.51657       12.82232       3.151454      1.6794191E-03   224.6121       180.3000      0.0000000E+00  0.0000000E+00  0.0000000E+00  0.0000000E+00  0.0000000E+00
           8        1998           6           4 null                                        FERT   0.2588384      0.1904948       39.68012       12.79161       3.190119      1.6477094E-03   245.6461       180.3000      0.0000000E+00  0.0000000E+00  0.0000000E+00  0.0000000E+00  0.0000000E+00
           9        1998           6           4 null                                        FERT   0.2588384      0.1904948       39.56942       12.91826       3.156759      1.6794191E-03   287.4394       180.3000      0.0000000E+00  0.0000000E+00  0.0000000E+00  0.0000000E+00  0.0000000E+00
          10        1998           6           4 null                                        FERT   0.2588384      0.1904948       39.63254       12.87981       3.156903      1.6794191E-03   280.7512       180.3000      0.0000000E+00  0.0000000E+00  0.0000000E+00  0.0000000E+00  0.0000000E+00
          11        1998           6           4 null                                        FERT   0.2588384      0.1904948       39.68239       12.99229       3.201782      1.6460405E-03   321.0012       180.3000      0.0000000E+00  0.0000000E+00  0.0000000E+00  0.0000000E+00  0.0000000E+00
          12        1998           6           4 null                                        FERT   0.2588384      0.1904948       39.64996       12.93843       3.160484      1.6794191E-03   286.7770       180.3000      0.0000000E+00  0.0000000E+00  0.0000000E+00  0.0000000E+00  0.0000000E+00
           2        1998           6          17 null                                        FERT   0.3160298      0.2491035       171.2325       21.61772       1.464371      1.6327486E-03   266.1194       168.0000      0.0000000E+00  0.0000000E+00  0.0000000E+00  0.0000000E+00  0.0000000E+00
           2        1998          11           4 corn                                        HARV/KILL   0.9044657      0.0000000E+00   39.03636       121.1248       43.47506      3.9304080E-03   266.3933       50.60482      0.0000000E+00  0.0000000E+00  0.0000000E+00  0.0000000E+00  0.0000000E+00
           1        1998          11          10 corn                                        HARV/KILL   0.9144666      0.0000000E+00   34.28200       121.7025       43.88585      4.1353335E-03   229.4810       50.91403      0.0000000E+00  0.0000000E+00  0.0000000E+00  0.0000000E+00  0.0000000E+00
           3        1998          11          10 corn                                        HARV/KILL   0.9144666      0.0000000E+00   34.27988       121.7586       43.91068      4.3539698E-03   283.6512       50.93314      0.0000000E+00  0.0000000E+00  0.0000000E+00  0.0000000E+00  0.0000000E+00
           4        1998          11          10 corn                                        HARV/KILL   0.9144666      0.0000000E+00   34.28201       121.7107       43.88937      4.1766339E-03   284.1680       50.91689      0.0000000E+00  0.0000000E+00  0.0000000E+00  0.0000000E+00  0.0000000E+00
           5        1998          11          10 corn                                        HARV/KILL   0.9144666      0.0000000E+00   34.27954       121.7663       43.91405      4.4054720E-03   291.7637       50.93575      0.0000000E+00  0.0000000E+00  0.0000000E+00  0.0000000E+00  0.0000000E+00
           6        1998          11          10 corn                                        HARV/KILL   0.9144666      0.0000000E+00   34.28048       121.7499       43.90677      4.3217237E-03   300.1252       50.93018      0.0000000E+00  0.0000000E+00  0.0000000E+00  0.0000000E+00  0.0000000E+00
           7        1998          11          10 corn                                        HARV/KILL   0.9144666      0.0000000E+00   34.28280       121.6667       43.86992      4.0262155E-03   225.0269       50.90184      0.0000000E+00  0.0000000E+00  0.0000000E+00  0.0000000E+00  0.0000000E+00
           8        1998          11          10 corn                                        HARV/KILL   0.9144666      0.0000000E+00   34.28111       121.6070       43.84202      3.8022937E-03   246.1152       50.88430      0.0000000E+00  0.0000000E+00  0.0000000E+00  0.0000000E+00  0.0000000E+00
           9        1998          11          10 corn                                        HARV/KILL   0.9144666      0.0000000E+00   34.27790       121.7908       43.92500      4.4843527E-03   288.0111       50.94398      0.0000000E+00  0.0000000E+00  0.0000000E+00  0.0000000E+00  0.0000000E+00
          10        1998          11          10 corn                                        HARV/KILL   0.9144666      0.0000000E+00   34.28087       121.7415       43.90257      4.2624357E-03   281.3096       50.92781      0.0000000E+00  0.0000000E+00  0.0000000E+00  0.0000000E+00  0.0000000E+00
          11        1998          11          10 corn                                        HARV/KILL   0.9144666      0.0000000E+00   34.26331       121.8605       43.95828      4.8196688E-03   321.6449       50.96804      0.0000000E+00  0.0000000E+00  0.0000000E+00  0.0000000E+00  0.0000000E+00
          12        1998          11          10 corn                                        HARV/KILL   0.9144666      0.0000000E+00   34.27615       121.8146       43.93520      4.5706918E-03   287.3487       50.95250      0.0000000E+00  0.0000000E+00  0.0000000E+00  0.0000000E+00  0.0000000E+00
           1        1998          11          12 null                                        FERT   1.4343221E-03  0.0000000E+00   47.66997      0.0000000E+00   42.71196      4.4226511E-03   229.4861       152.7000      0.0000000E+00  0.0000000E+00  0.0000000E+00  0.0000000E+00  0.0000000E+00
           3        1998          11          12 null                                        FERT   1.4343221E-03  0.0000000E+00   47.66753      0.0000000E+00   42.73621      4.6589845E-03   283.6586       152.7000      0.0000000E+00  0.0000000E+00  0.0000000E+00  0.0000000E+00  0.0000000E+00
           4        1998          11          12 null                                        FERT   1.4343221E-03  0.0000000E+00   47.66997      0.0000000E+00   42.71553      4.4675618E-03   284.1752       152.7000      0.0000000E+00  0.0000000E+00  0.0000000E+00  0.0000000E+00  0.0000000E+00
           5        1998          11          12 null                                        FERT   1.4343221E-03  0.0000000E+00   47.66713      0.0000000E+00   42.73954      4.7138752E-03   291.7714       152.7000      0.0000000E+00  0.0000000E+00  0.0000000E+00  0.0000000E+00  0.0000000E+00
           6        1998          11          12 null                                        FERT   1.4343221E-03  0.0000000E+00   47.66822      0.0000000E+00   42.73254      4.6244408E-03   300.1331       152.7000      0.0000000E+00  0.0000000E+00  0.0000000E+00  0.0000000E+00  0.0000000E+00
           7        1998          11          12 null                                        FERT   1.4343221E-03  0.0000000E+00   47.67089      0.0000000E+00   42.69641      4.3012034E-03   225.0318       152.7000      0.0000000E+00  0.0000000E+00  0.0000000E+00  0.0000000E+00  0.0000000E+00
           8        1998          11          12 null                                        FERT   1.4343221E-03  0.0000000E+00   47.66919      0.0000000E+00   42.67132      4.0326519E-03   246.1200       152.7000      0.0000000E+00  0.0000000E+00  0.0000000E+00  0.0000000E+00  0.0000000E+00
           9        1998          11          12 null                                        FERT   1.4343221E-03  0.0000000E+00   47.66528      0.0000000E+00   42.75035      4.7971075E-03   288.0183       152.7000      0.0000000E+00  0.0000000E+00  0.0000000E+00  0.0000000E+00  0.0000000E+00
          10        1998          11          12 null                                        FERT   1.4343221E-03  0.0000000E+00   47.66869      0.0000000E+00   42.72895      4.5604724E-03   281.3164       152.7000      0.0000000E+00  0.0000000E+00  0.0000000E+00  0.0000000E+00  0.0000000E+00
          11        1998          11          12 null                                        FERT   1.4343221E-03  0.0000000E+00   47.64851      0.0000000E+00   42.78611      5.1470431E-03   321.6512       152.7000      0.0000000E+00  0.0000000E+00  0.0000000E+00  0.0000000E+00  0.0000000E+00
          12        1998          11          12 null                                        FERT   1.4343221E-03  0.0000000E+00   47.66327      0.0000000E+00   42.76089      4.8875976E-03   287.3555       152.7000      0.0000000E+00  0.0000000E+00  0.0000000E+00  0.0000000E+00  0.0000000E+00
           1        1998          11          16 fldcult             TILLAGE   5.7477807E-03  0.0000000E+00   41.39948      0.0000000E+00   23.37770      4.4267424E-03   229.4905      0.5000000    
           3        1998          11          16 fldcult             TILLAGE   5.7477807E-03  0.0000000E+00   41.39706      0.0000000E+00   23.39104      4.6630697E-03   283.6646      0.5000000    
           4        1998          11          16 fldcult             TILLAGE   5.7477807E-03  0.0000000E+00   41.39948      0.0000000E+00   23.37982      4.4716396E-03   284.1811      0.5000000    
           5        1998          11          16 fldcult             TILLAGE   5.7477807E-03  0.0000000E+00   41.39665      0.0000000E+00   23.39293      4.7179558E-03   291.7774      0.5000000    
           6        1998          11          16 fldcult             TILLAGE   5.7477807E-03  0.0000000E+00   41.39774      0.0000000E+00   23.38921      4.6285121E-03   300.1394      0.5000000    
           7        1998          11          16 fldcult             TILLAGE   5.7477807E-03  0.0000000E+00   41.40040      0.0000000E+00   23.36913      4.3052994E-03   225.0363      0.5000000    
           8        1998          11          16 fldcult             TILLAGE   5.7477807E-03  0.0000000E+00   41.39869      0.0000000E+00   23.35785      4.0360647E-03   246.1236      0.5000000    
           9        1998          11          16 fldcult             TILLAGE   5.7477807E-03  0.0000000E+00   41.39481      0.0000000E+00   23.39904      4.8011718E-03   288.0242      0.5000000    
          10        1998          11          16 fldcult             TILLAGE   5.7477807E-03  0.0000000E+00   41.39821      0.0000000E+00   23.38783      4.5644939E-03   281.3217      0.5000000    
          11        1998          11          16 fldcult             TILLAGE   5.7477807E-03  0.0000000E+00   41.37804      0.0000000E+00   23.42257      5.1498120E-03   321.6545      0.5000000    
          12        1998          11          16 fldcult             TILLAGE   5.7477807E-03  0.0000000E+00   41.39280      0.0000000E+00   23.40554      4.8916000E-03   287.3607      0.5000000    
           2        1998          11          21 null                                        FERT   2.2521157E-02  0.0000000E+00   33.26059      0.0000000E+00   34.62579      4.2629917E-03   266.4108       167.9600      0.0000000E+00  0.0000000E+00  0.0000000E+00  0.0000000E+00  0.0000000E+00
           1        1999           4          16 fldcult             TILLAGE   9.8104857E-02  0.0000000E+00   60.67422      0.0000000E+00   3.973012      6.7250556E-03   229.7934      0.5000000    
           2        1999           4          16 null                                        FERT   9.8104857E-02  0.0000000E+00   61.01138      0.0000000E+00   10.59171      6.7265951E-03   266.7080       57.10000      0.0000000E+00  0.0000000E+00  0.0000000E+00  0.0000000E+00  0.0000000E+00
           3        1999           4          16 fldcult             TILLAGE   9.8104857E-02  0.0000000E+00   60.63372      0.0000000E+00   3.976242      7.0306538E-03   284.0709      0.5000000    
           4        1999           4          16 fldcult             TILLAGE   9.8104857E-02  0.0000000E+00   60.68974      0.0000000E+00   3.973797      6.7670653E-03   284.5854      0.5000000    
           5        1999           4          16 fldcult             TILLAGE   9.8104857E-02  0.0000000E+00   60.63979      0.0000000E+00   3.977040      7.0860381E-03   292.1987      0.5000000    
           6        1999           4          16 fldcult             TILLAGE   9.8104857E-02  0.0000000E+00   60.66417      0.0000000E+00   3.976101      6.9890372E-03   300.5717      0.5000000    
           7        1999           4          16 fldcult             TILLAGE   9.8104857E-02  0.0000000E+00   60.68401      0.0000000E+00   3.971327      6.5805139E-03   225.3302      0.5000000    
           8        1999           4          16 fldcult             TILLAGE   9.8104857E-02  0.0000000E+00   60.85973      0.0000000E+00   3.974273      6.3143293E-03   246.4304      0.5000000    
           9        1999           4          16 fldcult             TILLAGE   9.8104857E-02  0.0000000E+00   60.66404      0.0000000E+00   3.978766      7.2331759E-03   288.4337      0.5000000    
          10        1999           4          16 fldcult             TILLAGE   9.8104857E-02  0.0000000E+00   60.74427      0.0000000E+00   3.976796      6.9169048E-03   281.7115      0.5000000    
          11        1999           4          16 fldcult             TILLAGE   9.8104857E-02  0.0000000E+00   60.71647      0.0000000E+00   3.993029      7.6754461E-03   322.0718      0.5000000    
          12        1999           4          16 fldcult             TILLAGE   9.8104857E-02  0.0000000E+00   60.73392      0.0000000E+00   3.981807      7.3183877E-03   287.7602      0.5000000    
           1        1999           4          30 fldcult             TILLAGE   0.1237191      0.0000000E+00   113.8501      0.0000000E+00   1.898504      8.3098318E-03   229.9800      0.5000000    
           3        1999           4          30 fldcult             TILLAGE   0.1237191      0.0000000E+00   113.8249      0.0000000E+00   1.900052      8.6764563E-03   284.3489      0.5000000    
           4        1999           4          30 fldcult             TILLAGE   0.1237191      0.0000000E+00   113.9005      0.0000000E+00   1.898890      8.3384626E-03   284.8628      0.5000000    
           5        1999           4          30 fldcult             TILLAGE   0.1237191      0.0000000E+00   113.8440      0.0000000E+00   1.900437      8.7140081E-03   292.4889      0.5000000    
           6        1999           4          30 fldcult             TILLAGE   0.1237191      0.0000000E+00   113.8897      0.0000000E+00   1.899996      8.6187273E-03   300.8756      0.5000000    
           7        1999           4          30 fldcult             TILLAGE   0.1237191      0.0000000E+00   113.8493      0.0000000E+00   1.897695      8.1289066E-03   225.5101      0.5000000    
           8        1999           4          30 fldcult             TILLAGE   0.1237191      0.0000000E+00   114.2249      0.0000000E+00   1.899243      7.9857986E-03   246.6241      0.5000000    
           9        1999           4          30 fldcult             TILLAGE   0.1237191      0.0000000E+00   113.9031      0.0000000E+00   1.901274      8.9404956E-03   288.7155      0.5000000    
          10        1999           4          30 fldcult             TILLAGE   0.1237191      0.0000000E+00   114.0592      0.0000000E+00   1.900363      8.5579725E-03   281.9783      0.5000000    
          11        1999           4          30 fldcult             TILLAGE   0.1237191      0.0000000E+00   114.0859      0.0000000E+00   1.908293      9.5321527E-03   322.3726      0.5000000    
          12        1999           4          30 fldcult             TILLAGE   0.1237191      0.0000000E+00   114.0698      0.0000000E+00   1.902771      9.0647386E-03   288.0336      0.5000000    
           2        1999           5           5 corn                                        PLANT   0.1430470      0.0000000E+00   86.38136      0.0000000E+00   7.895602      8.6494619E-03   266.9057      0.0000000E+00   6.000000    
           1        1999           5           6 corn                                        PLANT   0.1463065      0.0000000E+00   82.50089      0.0000000E+00   1.774621      8.3689243E-03   230.1044      0.0000000E+00   6.000000    
           3        1999           5           6 corn                                        PLANT   0.1463065      0.0000000E+00   82.47573      0.0000000E+00   1.776068      8.7348735E-03   284.5418      0.0000000E+00   6.000000    
           4        1999           5           6 corn                                        PLANT   0.1463065      0.0000000E+00   82.55130      0.0000000E+00   1.774981      8.3954670E-03   285.0549      0.0000000E+00   6.000000    
           5        1999           5           6 corn                                        PLANT   0.1463065      0.0000000E+00   82.49480      0.0000000E+00   1.776428      8.7717399E-03   292.6909      0.0000000E+00   6.000000    
           6        1999           5           6 corn                                        PLANT   0.1463065      0.0000000E+00   82.54053      0.0000000E+00   1.776015      8.6766118E-03   301.0875      0.0000000E+00   6.000000    
           7        1999           5           6 corn                                        PLANT   0.1463065      0.0000000E+00   82.50011      0.0000000E+00   1.773865      8.1884377E-03   225.6295      0.0000000E+00   6.000000    
           8        1999           5           6 corn                                        PLANT   0.1463065      0.0000000E+00   82.87567      0.0000000E+00   1.775310      8.0477111E-03   246.7555      0.0000000E+00   6.000000    
           9        1999           5           6 corn                                        PLANT   0.1463065      0.0000000E+00   82.55386      0.0000000E+00   1.777210      8.9987144E-03   288.9111      0.0000000E+00   6.000000    
          10        1999           5           6 corn                                        PLANT   0.1463065      0.0000000E+00   82.71001      0.0000000E+00   1.776359      8.6166449E-03   282.1630      0.0000000E+00   6.000000    
          11        1999           5           6 corn                                        PLANT   0.1463065      0.0000000E+00   82.73672      0.0000000E+00   1.783769      9.5893005E-03   322.5844      0.0000000E+00   6.000000    
          12        1999           5           6 corn                                        PLANT   0.1463065      0.0000000E+00   82.72062      0.0000000E+00   1.778609      9.1229109E-03   288.2235      0.0000000E+00   6.000000    
           2        1999           6          11 null                                        FERT   0.2833928      0.2025253       109.9097       18.19181       3.920692      1.6504067E-03   267.2722       112.0000      0.0000000E+00  0.0000000E+00  0.0000000E+00  0.0000000E+00  0.0000000E+00
           1        1999           6          17 null                                        FERT   0.3132020      0.2484876       121.3696       19.35733      0.8192805      1.6498552E-03   230.4949       119.5000      0.0000000E+00  0.0000000E+00  0.0000000E+00  0.0000000E+00  0.0000000E+00
           3        1999           6          17 null                                        FERT   0.3132020      0.2484876       121.4115       19.40812      0.8199402      1.6498552E-03   285.0683       119.5000      0.0000000E+00  0.0000000E+00  0.0000000E+00  0.0000000E+00  0.0000000E+00
           4        1999           6          17 null                                        FERT   0.3132020      0.2484876       121.5663       19.39993      0.8194287      1.6498552E-03   285.5845       119.5000      0.0000000E+00  0.0000000E+00  0.0000000E+00  0.0000000E+00  0.0000000E+00
           5        1999           6          17 null                                        FERT   0.3132020      0.2484876       121.4854       19.43022      0.8200998      1.6498552E-03   293.2375       119.5000      0.0000000E+00  0.0000000E+00  0.0000000E+00  0.0000000E+00  0.0000000E+00
           6        1999           6          17 null                                        FERT   0.3132020      0.2484876       121.6209       19.44227      0.8198977      1.6498552E-03   301.6569       119.5000      0.0000000E+00  0.0000000E+00  0.0000000E+00  0.0000000E+00  0.0000000E+00
           7        1999           6          17 null                                        FERT   0.3132020      0.2484876       121.3243       19.33226      0.8189371      1.6498552E-03   226.0097       119.5000      0.0000000E+00  0.0000000E+00  0.0000000E+00  0.0000000E+00  0.0000000E+00
           8        1999           6          17 null                                        FERT   0.3132020      0.2484876       122.5604       19.36271      0.8193827      1.6333447E-03   247.1801       119.5000      0.0000000E+00  0.0000000E+00  0.0000000E+00  0.0000000E+00  0.0000000E+00
           9        1999           6          17 null                                        FERT   0.3132020      0.2484876       121.6970       19.48966      0.8204401      1.6498552E-03   289.4480       119.5000      0.0000000E+00  0.0000000E+00  0.0000000E+00  0.0000000E+00  0.0000000E+00
          10        1999           6          17 null                                        FERT   0.3132020      0.2484876       122.1730       19.44033      0.8199958      1.6498552E-03   282.6833       119.5000      0.0000000E+00  0.0000000E+00  0.0000000E+00  0.0000000E+00  0.0000000E+00
          11        1999           6          17 null                                        FERT   0.3132020      0.2484876       122.4847       19.70658      0.8231754      1.6337023E-03   323.1940       119.5000      0.0000000E+00  0.0000000E+00  0.0000000E+00  0.0000000E+00  0.0000000E+00
          12        1999           6          17 null                                        FERT   0.3132020      0.2484876       122.2877       19.54430      0.8210132      1.6498552E-03   288.7576       119.5000      0.0000000E+00  0.0000000E+00  0.0000000E+00  0.0000000E+00  0.0000000E+00
           1        1999          11           4 corn                                        HARV/KILL   0.9261316      0.0000000E+00   2.544373       123.3463       42.89553      2.0374255E-03   230.5514       52.91887      0.0000000E+00  0.0000000E+00  0.0000000E+00  0.0000000E+00  0.0000000E+00
           3        1999          11           4 corn                                        HARV/KILL   0.9261316      0.0000000E+00   2.544372       123.3888       42.91593      2.0588033E-03   285.0982       52.93162      0.0000000E+00  0.0000000E+00  0.0000000E+00  0.0000000E+00  0.0000000E+00
           4        1999          11           4 corn                                        HARV/KILL   0.9261316      0.0000000E+00   2.544373       123.3546       42.90133      2.0416973E-03   285.6158       52.91957      0.0000000E+00  0.0000000E+00  0.0000000E+00  0.0000000E+00  0.0000000E+00
           5        1999          11           4 corn                                        HARV/KILL   0.9261316      0.0000000E+00   2.544372       123.3953       42.91988      2.0631987E-03   293.2655       52.93281      0.0000000E+00  0.0000000E+00  0.0000000E+00  0.0000000E+00  0.0000000E+00
           6        1999          11           4 corn                                        HARV/KILL   0.9261316      0.0000000E+00   2.544372       123.3875       42.91734      2.0558818E-03   301.6776       52.92934      0.0000000E+00  0.0000000E+00  0.0000000E+00  0.0000000E+00  0.0000000E+00
           7        1999          11           4 corn                                        HARV/KILL   0.9261316      0.0000000E+00   2.544372       123.3253       42.88517      2.0237521E-03   226.0646       52.91253      0.0000000E+00  0.0000000E+00  0.0000000E+00  0.0000000E+00  0.0000000E+00
           8        1999          11           4 corn                                        HARV/KILL   0.9261316      0.0000000E+00   2.544373       123.3137       42.88093      1.9732260E-03   247.2512       52.90770      0.0000000E+00  0.0000000E+00  0.0000000E+00  0.0000000E+00  0.0000000E+00
           9        1999          11           4 corn                                        HARV/KILL   0.9261316      0.0000000E+00   2.544372       123.4251       42.93553      2.0690484E-03   289.4770       52.94050      0.0000000E+00  0.0000000E+00  0.0000000E+00  0.0000000E+00  0.0000000E+00
          10        1999          11           4 corn                                        HARV/KILL   0.9261316      0.0000000E+00   2.544372       123.3812       42.91439      2.0498612E-03   282.7237       52.92731      0.0000000E+00  0.0000000E+00  0.0000000E+00  0.0000000E+00  0.0000000E+00
          11        1999          11           4 corn                                        HARV/KILL   0.9261316      0.0000000E+00   2.544374       123.5053       42.98104      2.0734775E-03   323.2586       52.95791      0.0000000E+00  0.0000000E+00  0.0000000E+00  0.0000000E+00  0.0000000E+00
          12        1999          11           4 corn                                        HARV/KILL   0.9261316      0.0000000E+00   2.544373       123.4444       42.94643      2.0747646E-03   288.7997       52.94474      0.0000000E+00  0.0000000E+00  0.0000000E+00  0.0000000E+00  0.0000000E+00
           2        1999          11           7 corn                                        HARV/KILL   0.9296551      0.0000000E+00   1.612025       123.4184       43.26990      2.0067876E-03   267.5745       52.76681      0.0000000E+00  0.0000000E+00  0.0000000E+00  0.0000000E+00  0.0000000E+00
           1        1999          11          21 null                                        FERT   2.2930864E-02  0.0000000E+00  0.8364056      0.0000000E+00   33.77838      2.0510186E-03   230.5542       167.9600      0.0000000E+00  0.0000000E+00  0.0000000E+00  0.0000000E+00  0.0000000E+00
           3        1999          11          21 null                                        FERT   2.2930864E-02  0.0000000E+00  0.8364059      0.0000000E+00   33.79446      2.0723965E-03   285.0930       167.9600      0.0000000E+00  0.0000000E+00  0.0000000E+00  0.0000000E+00  0.0000000E+00
           4        1999          11          21 null                                        FERT   2.2930864E-02  0.0000000E+00  0.8364057      0.0000000E+00   33.78302      2.0552904E-03   285.6108       167.9600      0.0000000E+00  0.0000000E+00  0.0000000E+00  0.0000000E+00  0.0000000E+00
           5        1999          11          21 null                                        FERT   2.2930864E-02  0.0000000E+00  0.8364061      0.0000000E+00   33.79764      2.0767916E-03   293.2593       167.9600      0.0000000E+00  0.0000000E+00  0.0000000E+00  0.0000000E+00  0.0000000E+00
           6        1999          11          21 null                                        FERT   2.2930864E-02  0.0000000E+00  0.8364061      0.0000000E+00   33.79565      2.0694749E-03   301.6704       167.9600      0.0000000E+00  0.0000000E+00  0.0000000E+00  0.0000000E+00  0.0000000E+00
           7        1999          11          21 null                                        FERT   2.2930864E-02  0.0000000E+00  0.8364055      0.0000000E+00   33.77020      2.0373450E-03   226.0684       167.9600      0.0000000E+00  0.0000000E+00  0.0000000E+00  0.0000000E+00  0.0000000E+00
           8        1999          11          21 null                                        FERT   2.2930864E-02  0.0000000E+00  0.8364058      0.0000000E+00   33.76820      1.9847911E-03   247.2542       167.9600      0.0000000E+00  0.0000000E+00  0.0000000E+00  0.0000000E+00  0.0000000E+00
           9        1999          11          21 null                                        FERT   2.2930864E-02  0.0000000E+00  0.8364063      0.0000000E+00   33.81002      2.0826412E-03   289.4716       167.9600      0.0000000E+00  0.0000000E+00  0.0000000E+00  0.0000000E+00  0.0000000E+00
          10        1999          11          21 null                                        FERT   2.2930864E-02  0.0000000E+00  0.8364059      0.0000000E+00   33.79365      2.0634539E-03   282.7193       167.9600      0.0000000E+00  0.0000000E+00  0.0000000E+00  0.0000000E+00  0.0000000E+00
          11        1999          11          21 null                                        FERT   2.2930864E-02  0.0000000E+00  0.8364080      0.0000000E+00   33.84847      2.0819420E-03   323.2516       167.9600      0.0000000E+00  0.0000000E+00  0.0000000E+00  0.0000000E+00  0.0000000E+00
          12        1999          11          21 null                                        FERT   2.2930864E-02  0.0000000E+00  0.8364065      0.0000000E+00   33.81898      2.0883572E-03   288.7946       167.9600      0.0000000E+00  0.0000000E+00  0.0000000E+00  0.0000000E+00  0.0000000E+00
           2        1999          12           2 null                                        FERT   3.1661343E-02  0.0000000E+00   16.67865      0.0000000E+00   30.73036      2.3010438E-03   267.6109       142.7000      0.0000000E+00  0.0000000E+00  0.0000000E+00  0.0000000E+00  0.0000000E+00
           1        2000           3          31 fldcult             TILLAGE   7.2286308E-02  0.0000000E+00  8.6629339E-02  0.0000000E+00   7.842061      2.9212756E-03   230.7293      0.5000000    
           3        2000           3          31 fldcult             TILLAGE   7.2286308E-02  0.0000000E+00  8.6629689E-02  0.0000000E+00   7.846266      2.9379088E-03   285.3022      0.5000000    
           4        2000           3          31 fldcult             TILLAGE   7.2286308E-02  0.0000000E+00  8.6629570E-02  0.0000000E+00   7.843557      2.9300968E-03   285.8201      0.5000000    
           5        2000           3          31 fldcult             TILLAGE   7.2286308E-02  0.0000000E+00  8.6629920E-02  0.0000000E+00   7.847169      2.9464208E-03   293.4738      0.5000000    
           6        2000           3          31 fldcult             TILLAGE   7.2286308E-02  0.0000000E+00  8.6629987E-02  0.0000000E+00   7.846928      2.9358703E-03   301.8898      0.5000000    
           7        2000           3          31 fldcult             TILLAGE   7.2286308E-02  0.0000000E+00  8.6629190E-02  0.0000000E+00   7.840295      2.8854767E-03   226.2416      0.5000000    
           8        2000           3          31 fldcult             TILLAGE   7.2286308E-02  0.0000000E+00  8.6631715E-02  0.0000000E+00   7.846509      2.6798435E-03   247.4370      0.5000000    
           9        2000           3          31 fldcult             TILLAGE   7.2286308E-02  0.0000000E+00  8.6630225E-02  0.0000000E+00   7.850503      2.9606689E-03   289.6825      0.5000000    
          10        2000           3          31 fldcult             TILLAGE   7.2286308E-02  0.0000000E+00  8.6630464E-02  0.0000000E+00   7.847778      2.9323825E-03   282.9249      0.5000000    
          11        2000           3          31 fldcult             TILLAGE   7.2286308E-02  0.0000000E+00  8.6640671E-02  0.0000000E+00   7.952212      2.9892104E-03   323.4722      0.5000000    
          12        2000           3          31 fldcult             TILLAGE   7.2286308E-02  0.0000000E+00  8.6631022E-02  0.0000000E+00   7.854388      2.9771973E-03   289.0025      0.5000000    
           1        2000           4          16 null                                        FERT   0.1102599      0.0000000E+00  1.1302441E-02  0.0000000E+00   6.474231      3.1091054E-03   230.8323       38.30000      0.0000000E+00  0.0000000E+00  0.0000000E+00  0.0000000E+00  0.0000000E+00
           3        2000           4          16 null                                        FERT   0.1102599      0.0000000E+00  1.1302469E-02  0.0000000E+00   6.477700      3.1418856E-03   285.4717       38.30000      0.0000000E+00  0.0000000E+00  0.0000000E+00  0.0000000E+00  0.0000000E+00
           4        2000           4          16 null                                        FERT   0.1102599      0.0000000E+00  1.1302435E-02  0.0000000E+00   6.475466      3.1202759E-03   285.9880       38.30000      0.0000000E+00  0.0000000E+00  0.0000000E+00  0.0000000E+00  0.0000000E+00
           5        2000           4          16 null                                        FERT   0.1102599      0.0000000E+00  1.1302457E-02  0.0000000E+00   6.478449      3.1531968E-03   293.6518       38.30000      0.0000000E+00  0.0000000E+00  0.0000000E+00  0.0000000E+00  0.0000000E+00
           6        2000           4          16 null                                        FERT   0.1102599      0.0000000E+00  1.1302467E-02  0.0000000E+00   6.478248      3.1373680E-03   302.0768       38.30000      0.0000000E+00  0.0000000E+00  0.0000000E+00  0.0000000E+00  0.0000000E+00
           7        2000           4          16 null                                        FERT   0.1102599      0.0000000E+00  1.1302451E-02  0.0000000E+00   6.472774      3.0640366E-03   226.3395       38.30000      0.0000000E+00  0.0000000E+00  0.0000000E+00  0.0000000E+00  0.0000000E+00
           8        2000           4          16 null                                        FERT   0.1102599      0.0000000E+00  1.1302481E-02  0.0000000E+00   6.477904      2.8344614E-03   247.5453       38.30000      0.0000000E+00  0.0000000E+00  0.0000000E+00  0.0000000E+00  0.0000000E+00
           9        2000           4          16 null                                        FERT   0.1102599      0.0000000E+00  1.1302472E-02  0.0000000E+00   6.481200      3.1719417E-03   289.8537       38.30000      0.0000000E+00  0.0000000E+00  0.0000000E+00  0.0000000E+00  0.0000000E+00
          10        2000           4          16 null                                        FERT   0.1102599      0.0000000E+00  1.1302469E-02  0.0000000E+00   6.478950      3.1298022E-03   283.0854       38.30000      0.0000000E+00  0.0000000E+00  0.0000000E+00  0.0000000E+00  0.0000000E+00
          11        2000           4          16 null                                        FERT   0.1102599      0.0000000E+00  1.1302810E-02  0.0000000E+00   6.565170      3.2102449E-03   323.6543       38.30000      0.0000000E+00  0.0000000E+00  0.0000000E+00  0.0000000E+00  0.0000000E+00
          12        2000           4          16 null                                        FERT   0.1102599      0.0000000E+00  1.1302473E-02  0.0000000E+00   6.484407      3.1925717E-03   289.1675       38.30000      0.0000000E+00  0.0000000E+00  0.0000000E+00  0.0000000E+00  0.0000000E+00
           2        2000           4          28 corn                                        PLANT   0.1431581      0.0000000E+00   1.123447      0.0000000E+00   9.215449      3.0216924E-03   267.8567      0.0000000E+00   6.000000    
           1        2000           5           5 corn                                        PLANT   0.1687660      0.0000000E+00  4.4643039E-05  0.0000000E+00   4.917878      3.1957997E-03   230.9014      0.0000000E+00   6.000000    
           3        2000           5           5 corn                                        PLANT   0.1687660      0.0000000E+00  4.4643046E-05  0.0000000E+00   4.920512      3.2363120E-03   285.5775      0.0000000E+00   6.000000    
           4        2000           5           5 corn                                        PLANT   0.1687660      0.0000000E+00  4.4643042E-05  0.0000000E+00   4.918813      3.2084570E-03   286.0933      0.0000000E+00   6.000000    
           5        2000           5           5 corn                                        PLANT   0.1687660      0.0000000E+00  4.4643049E-05  0.0000000E+00   4.921082      3.2492306E-03   293.7625      0.0000000E+00   6.000000    
           6        2000           5           5 corn                                        PLANT   0.1687660      0.0000000E+00  4.4643049E-05  0.0000000E+00   4.920925      3.2307270E-03   302.1925      0.0000000E+00   6.000000    
           7        2000           5           5 corn                                        PLANT   0.1687660      0.0000000E+00  4.4643035E-05  0.0000000E+00   4.916772      3.1459560E-03   226.4059      0.0000000E+00   6.000000    
           8        2000           5           5 corn                                        PLANT   0.1687660      0.0000000E+00  4.4643057E-05  0.0000000E+00   4.920633      2.8996202E-03   247.6187      0.0000000E+00   6.000000    
           9        2000           5           5 corn                                        PLANT   0.1687660      0.0000000E+00  4.4643046E-05  0.0000000E+00   4.923168      3.2701492E-03   289.9606      0.0000000E+00   6.000000    
          10        2000           5           5 corn                                        PLANT   0.1687660      0.0000000E+00  4.4643042E-05  0.0000000E+00   4.921451      3.2210625E-03   283.1867      0.0000000E+00   6.000000    
          11        2000           5           5 corn                                        PLANT   0.1687660      0.0000000E+00  4.4643068E-05  0.0000000E+00   4.986885      3.3097968E-03   323.7697      0.0000000E+00   6.000000    
          12        2000           5           5 corn                                        PLANT   0.1687660      0.0000000E+00  4.4643057E-05  0.0000000E+00   4.925593      3.2929636E-03   289.2715      0.0000000E+00   6.000000    
           2        2000           6           1 null                                        FERT   0.2612595      0.1530995       38.34211       8.033743       4.937619      1.6630924E-03   268.0373       210.6000      0.0000000E+00  0.0000000E+00  0.0000000E+00  0.0000000E+00  0.0000000E+00
           1        2000           6          11 null                                        FERT   0.3086625      0.2038911       4.311369       13.82184       2.555928      1.6813264E-03   231.1203       123.2000      0.0000000E+00  0.0000000E+00  0.0000000E+00  0.0000000E+00  0.0000000E+00
           3        2000           6          11 null                                        FERT   0.3086625      0.2038911       4.311676       13.82332       2.557272      1.6813264E-03   285.9437       123.2000      0.0000000E+00  0.0000000E+00  0.0000000E+00  0.0000000E+00  0.0000000E+00
           4        2000           6          11 null                                        FERT   0.3086625      0.2038911       4.313819       13.82217       2.556356      1.6813264E-03   286.4559       123.2000      0.0000000E+00  0.0000000E+00  0.0000000E+00  0.0000000E+00  0.0000000E+00
           5        2000           6          11 null                                        FERT   0.3086625      0.2038911       4.312490       13.82370       2.557544      1.6813264E-03   294.1477       123.2000      0.0000000E+00  0.0000000E+00  0.0000000E+00  0.0000000E+00  0.0000000E+00
           6        2000           6          11 null                                        FERT   0.3086625      0.2038911       4.314294       13.82304       2.557425      1.6813264E-03   302.5974       123.2000      0.0000000E+00  0.0000000E+00  0.0000000E+00  0.0000000E+00  0.0000000E+00
           7        2000           6          11 null                                        FERT   0.3086625      0.2038911       4.310948       13.82000       2.555372      1.6813264E-03   226.6132       123.2000      0.0000000E+00  0.0000000E+00  0.0000000E+00  0.0000000E+00  0.0000000E+00
           8        2000           6          11 null                                        FERT   0.3086625      0.2038911       4.324156       13.81186       2.556504      1.6486631E-03   247.8505       123.2000      0.0000000E+00  0.0000000E+00  0.0000000E+00  0.0000000E+00  0.0000000E+00
           9        2000           6          11 null                                        FERT   0.3086625      0.2038911       4.314348       13.82455       2.558562      1.6813264E-03   290.3305       123.2000      0.0000000E+00  0.0000000E+00  0.0000000E+00  0.0000000E+00  0.0000000E+00
          10        2000           6          11 null                                        FERT   0.3086625      0.2038911       4.320679       13.82256       2.557492      1.6813264E-03   283.5334       123.2000      0.0000000E+00  0.0000000E+00  0.0000000E+00  0.0000000E+00  0.0000000E+00
          11        2000           6          11 null                                        FERT   0.3086625      0.2038911       4.319134       13.82200       2.590174      1.6486631E-03   324.1695       123.2000      0.0000000E+00  0.0000000E+00  0.0000000E+00  0.0000000E+00  0.0000000E+00
          12        2000           6          11 null                                        FERT   0.3086625      0.2038911       4.320690       13.82518       2.559564      1.6813264E-03   289.6287       123.2000      0.0000000E+00  0.0000000E+00  0.0000000E+00  0.0000000E+00  0.0000000E+00
           2        2000          10           7 corn                                        HARV/KILL   0.8435582      0.0000000E+00   11.42796       124.7469       58.85909      2.2681262E-03   268.3611       39.01743      0.0000000E+00  0.0000000E+00  0.0000000E+00  0.0000000E+00  0.0000000E+00
           2        2000          10           9 null                                        FERT   7.9613458E-03  0.0000000E+00   4.103345      0.0000000E+00   56.86950      2.2761757E-03   268.3686       142.7000      0.0000000E+00  0.0000000E+00  0.0000000E+00  0.0000000E+00  0.0000000E+00
           1        2000          11           5 corn                                        HARV/KILL   0.9228654      0.0000000E+00   24.37852       124.7858       58.74751      3.4023703E-03   231.3159       38.98162      0.0000000E+00  0.0000000E+00  0.0000000E+00  0.0000000E+00  0.0000000E+00
           3        2000          11           5 corn                                        HARV/KILL   0.9228654      0.0000000E+00   24.37811       124.7898       58.74966      3.5690495E-03   286.1697       38.98270      0.0000000E+00  0.0000000E+00  0.0000000E+00  0.0000000E+00  0.0000000E+00
           4        2000          11           5 corn                                        HARV/KILL   0.9228654      0.0000000E+00   24.37851       124.7871       58.74822      3.4316562E-03   286.6841       38.98202      0.0000000E+00  0.0000000E+00  0.0000000E+00  0.0000000E+00  0.0000000E+00
           5        2000          11           5 corn                                        HARV/KILL   0.9228654      0.0000000E+00   24.37802       124.7911       58.75034      3.6059665E-03   294.3792       38.98306      0.0000000E+00  0.0000000E+00  0.0000000E+00  0.0000000E+00  0.0000000E+00
           6        2000          11           5 corn                                        HARV/KILL   0.9228654      0.0000000E+00   24.37822       124.7894       58.74943      3.5446503E-03   302.8342       38.98260      0.0000000E+00  0.0000000E+00  0.0000000E+00  0.0000000E+00  0.0000000E+00
           7        2000          11           5 corn                                        HARV/KILL   0.9228654      0.0000000E+00   24.37868       124.7808       58.74511      3.3075155E-03   226.8067       38.98013      0.0000000E+00  0.0000000E+00  0.0000000E+00  0.0000000E+00  0.0000000E+00
           8        2000          11           5 corn                                        HARV/KILL   0.9228654      0.0000000E+00   24.37860       124.7485       58.73000      3.0062681E-03   248.0626       38.97014      0.0000000E+00  0.0000000E+00  0.0000000E+00  0.0000000E+00  0.0000000E+00
           9        2000          11           5 corn                                        HARV/KILL   0.9228654      0.0000000E+00   24.37774       124.7933       58.75150      3.6556341E-03   290.5599       38.98364      0.0000000E+00  0.0000000E+00  0.0000000E+00  0.0000000E+00  0.0000000E+00
          10        2000          11           5 corn                                        HARV/KILL   0.9228654      0.0000000E+00   24.37832       124.7887       58.74905      3.4963808E-03   283.7606       38.98245      0.0000000E+00  0.0000000E+00  0.0000000E+00  0.0000000E+00  0.0000000E+00
          11        2000          11           5 corn                                        HARV/KILL   0.9228654      0.0000000E+00   24.37494       124.7783       58.74710      3.8293251E-03   324.4300       38.97766      0.0000000E+00  0.0000000E+00  0.0000000E+00  0.0000000E+00  0.0000000E+00
          12        2000          11           5 corn                                        HARV/KILL   0.9228654      0.0000000E+00   24.37741       124.7959       58.75288      3.7056960E-03   289.8594       38.98429      0.0000000E+00  0.0000000E+00  0.0000000E+00  0.0000000E+00  0.0000000E+00
           1        2000          11          10 chisplow            TILLAGE   7.1220426E-03  0.0000000E+00   51.83232      0.0000000E+00   27.39409      4.0003117E-03   231.3482      0.6500000    
           3        2000          11          10 chisplow            TILLAGE   7.1220426E-03  0.0000000E+00   51.83099      0.0000000E+00   27.39517      4.2081247E-03   286.2188      0.6500000    
           4        2000          11          10 chisplow            TILLAGE   7.1220426E-03  0.0000000E+00   51.83236      0.0000000E+00   27.39458      4.0106596E-03   286.7328      0.6500000    
           5        2000          11          10 chisplow            TILLAGE   7.1220426E-03  0.0000000E+00   51.83087      0.0000000E+00   27.39554      4.2269644E-03   294.4305      0.6500000    
           6        2000          11          10 chisplow            TILLAGE   7.1220426E-03  0.0000000E+00   51.83136      0.0000000E+00   27.39522      4.1570337E-03   302.8877      0.6500000    
           7        2000          11          10 chisplow            TILLAGE   7.1220426E-03  0.0000000E+00   51.83284      0.0000000E+00   27.39293      3.8851660E-03   226.8377      0.6500000    
           8        2000          11          10 chisplow            TILLAGE   7.1220426E-03  0.0000000E+00   51.83066      0.0000000E+00   27.38825      3.6442261E-03   248.0956      0.6500000    
           9        2000          11          10 chisplow            TILLAGE   7.1220426E-03  0.0000000E+00   51.82965      0.0000000E+00   27.39626      4.3199575E-03   290.6094      0.6500000    
          10        2000          11          10 chisplow            TILLAGE   7.1220426E-03  0.0000000E+00   51.83152      0.0000000E+00   27.39559      4.1106488E-03   283.8073      0.6500000    
          11        2000          11          10 chisplow            TILLAGE   7.1220426E-03  0.0000000E+00   51.82028      0.0000000E+00   27.39835      4.5594350E-03   324.4807      0.6500000    
          12        2000          11          10 chisplow            TILLAGE   7.1220426E-03  0.0000000E+00   51.82848      0.0000000E+00   27.39760      4.3857130E-03   289.9072      0.6500000    
           1        2000          12           2 null                                        FERT   4.0467035E-02  0.0000000E+00   26.64104      0.0000000E+00   20.47623      4.1936911E-03   231.6207       142.7000      0.0000000E+00  0.0000000E+00  0.0000000E+00  0.0000000E+00  0.0000000E+00
           3        2000          12           2 null                                        FERT   4.0467035E-02  0.0000000E+00   26.63969      0.0000000E+00   20.47725      4.4100895E-03   286.6750       142.7000      0.0000000E+00  0.0000000E+00  0.0000000E+00  0.0000000E+00  0.0000000E+00
           4        2000          12           2 null                                        FERT   4.0467035E-02  0.0000000E+00   26.64108      0.0000000E+00   20.47705      4.2060767E-03   287.1840       142.7000      0.0000000E+00  0.0000000E+00  0.0000000E+00  0.0000000E+00  0.0000000E+00
           5        2000          12           2 null                                        FERT   4.0467035E-02  0.0000000E+00   26.63957      0.0000000E+00   20.47769      4.4322065E-03   294.9099       142.7000      0.0000000E+00  0.0000000E+00  0.0000000E+00  0.0000000E+00  0.0000000E+00
           6        2000          12           2 null                                        FERT   4.0467035E-02  0.0000000E+00   26.64007      0.0000000E+00   20.47774      4.3597776E-03   303.3914       142.7000      0.0000000E+00  0.0000000E+00  0.0000000E+00  0.0000000E+00  0.0000000E+00
           7        2000          12           2 null                                        FERT   4.0467035E-02  0.0000000E+00   26.64156      0.0000000E+00   20.47522      4.0732310E-03   227.0964       142.7000      0.0000000E+00  0.0000000E+00  0.0000000E+00  0.0000000E+00  0.0000000E+00
           8        2000          12           2 null                                        FERT   4.0467035E-02  0.0000000E+00   26.63940      0.0000000E+00   20.47819      3.8158905E-03   248.3737       142.7000      0.0000000E+00  0.0000000E+00  0.0000000E+00  0.0000000E+00  0.0000000E+00
           9        2000          12           2 null                                        FERT   4.0467035E-02  0.0000000E+00   26.63834      0.0000000E+00   20.47874      4.5324489E-03   291.0690       142.7000      0.0000000E+00  0.0000000E+00  0.0000000E+00  0.0000000E+00  0.0000000E+00
          10        2000          12           2 null                                        FERT   4.0467035E-02  0.0000000E+00   26.64024      0.0000000E+00   20.47956      4.3114689E-03   284.2349       142.7000      0.0000000E+00  0.0000000E+00  0.0000000E+00  0.0000000E+00  0.0000000E+00
          11        2000          12           2 null                                        FERT   4.0467035E-02  0.0000000E+00   26.62886      0.0000000E+00   20.49085      4.8003462E-03   324.9487       142.7000      0.0000000E+00  0.0000000E+00  0.0000000E+00  0.0000000E+00  0.0000000E+00
          12        2000          12           2 null                                        FERT   4.0467035E-02  0.0000000E+00   26.63717      0.0000000E+00   20.48167      4.6057012E-03   290.3463       142.7000      0.0000000E+00  0.0000000E+00  0.0000000E+00  0.0000000E+00  0.0000000E+00
           1        2001           3          31 chisplow            TILLAGE   7.3289849E-02  0.0000000E+00   22.41468      0.0000000E+00   5.094244      5.2951598E-03   231.7075      0.6500000    
           3        2001           3          31 chisplow            TILLAGE   7.3289849E-02  0.0000000E+00   22.49812      0.0000000E+00   5.094685      5.5292402E-03   286.7044      0.6500000    
           4        2001           3          31 chisplow            TILLAGE   7.3289849E-02  0.0000000E+00   22.60718      0.0000000E+00   5.094852      5.2827313E-03   287.2143      0.6500000    
           5        2001           3          31 chisplow            TILLAGE   7.3289849E-02  0.0000000E+00   22.56067      0.0000000E+00   5.094950      5.5227675E-03   294.9333      0.6500000    
           6        2001           3          31 chisplow            TILLAGE   7.3289849E-02  0.0000000E+00   22.69578      0.0000000E+00   5.095214      5.4561934E-03   303.3982      0.6500000    
           7        2001           3          31 chisplow            TILLAGE   7.3289849E-02  0.0000000E+00   22.35667      0.0000000E+00   5.093876      5.1702266E-03   227.1809      0.6500000    
           8        2001           3          31 chisplow            TILLAGE   7.3289849E-02  0.0000000E+00   23.61253      0.0000000E+00   5.099730      5.0379350E-03   248.4280      0.6500000    
           9        2001           3          31 chisplow            TILLAGE   7.3289849E-02  0.0000000E+00   22.76406      0.0000000E+00   5.095656      5.6439536E-03   291.0923      0.6500000    
          10        2001           3          31 chisplow            TILLAGE   7.3289849E-02  0.0000000E+00   23.24076      0.0000000E+00   5.096993      5.4256693E-03   284.2616      0.6500000    
          11        2001           3          31 chisplow            TILLAGE   7.3289849E-02  0.0000000E+00   23.74632      0.0000000E+00   5.106400      5.9359628E-03   324.9371      0.6500000    
          12        2001           3          31 chisplow            TILLAGE   7.3289849E-02  0.0000000E+00   23.39070      0.0000000E+00   5.098022      5.7081091E-03   290.3728      0.6500000    
           2        2001           5           2 null                                        FERT   0.1572384      0.0000000E+00   21.53878      0.0000000E+00   7.354673      6.9604339E-03   268.9537       40.00000      0.0000000E+00  0.0000000E+00  0.0000000E+00  0.0000000E+00  0.0000000E+00
           2        2001           5           3 corn                                        PLANT   0.1602731      0.0000000E+00   34.11105      0.0000000E+00   7.223247      7.1906871E-03   268.9621      0.0000000E+00   6.000000    
           1        2001           5           5 corn                                        PLANT   0.1669078      0.0000000E+00   61.32578      0.0000000E+00   2.969021      7.8264726E-03   232.1511      0.0000000E+00   6.000000    
           3        2001           5           5 corn                                        PLANT   0.1669078      0.0000000E+00   61.37229      0.0000000E+00   2.969273      8.2119657E-03   287.4436      0.0000000E+00   6.000000    
           4        2001           5           5 corn                                        PLANT   0.1669078      0.0000000E+00   61.43153      0.0000000E+00   2.969353      7.8362869E-03   287.9474      0.0000000E+00   6.000000    
           5        2001           5           5 corn                                        PLANT   0.1669078      0.0000000E+00   61.41155      0.0000000E+00   2.969432      8.2140472E-03   295.7103      0.0000000E+00   6.000000    
           6        2001           5           5 corn                                        PLANT   0.1669078      0.0000000E+00   61.47820      0.0000000E+00   2.969551      8.1025297E-03   304.2187      0.0000000E+00   6.000000    
           7        2001           5           5 corn                                        PLANT   0.1669078      0.0000000E+00   61.29460      0.0000000E+00   2.968814      7.5992770E-03   227.6043      0.0000000E+00   6.000000    
           8        2001           5           5 corn                                        PLANT   0.1669078      0.0000000E+00   61.96593      0.0000000E+00   2.971910      7.4007032E-03   248.9053      0.0000000E+00   6.000000    
           9        2001           5           5 corn                                        PLANT   0.1669078      0.0000000E+00   61.52353      0.0000000E+00   2.969820      8.4057674E-03   291.8412      0.0000000E+00   6.000000    
          10        2001           5           5 corn                                        PLANT   0.1669078      0.0000000E+00   61.77145      0.0000000E+00   2.970511      8.0468180E-03   284.9653      0.0000000E+00   6.000000    
          11        2001           5           5 corn                                        PLANT   0.1669078      0.0000000E+00   62.05330      0.0000000E+00   2.975627      8.8574905E-03   325.7454      0.0000000E+00   6.000000    
          12        2001           5           5 corn                                        PLANT   0.1669078      0.0000000E+00   61.85495      0.0000000E+00   2.971102      8.5189864E-03   291.0956      0.0000000E+00   6.000000    
           2        2001           6           6 null                                        FERT   0.2829052      0.1696974       61.79182       12.75132       3.821430      1.6575442E-03   269.2292       196.0000      0.0000000E+00  0.0000000E+00  0.0000000E+00  0.0000000E+00  0.0000000E+00
           1        2001           6          11 null                                        FERT   0.3086873      0.2063684       37.00617       16.89637       1.472088      1.6787038E-03   232.2723       181.4000      0.0000000E+00  0.0000000E+00  0.0000000E+00  0.0000000E+00  0.0000000E+00
           3        2001           6          11 null                                        FERT   0.3086873      0.2063684       37.05150       16.91458       1.472186      1.6787038E-03   287.6037       181.4000      0.0000000E+00  0.0000000E+00  0.0000000E+00  0.0000000E+00  0.0000000E+00
           4        2001           6          11 null                                        FERT   0.3086873      0.2063684       37.11284       16.89680       1.472192      1.6787038E-03   288.1095       181.4000      0.0000000E+00  0.0000000E+00  0.0000000E+00  0.0000000E+00  0.0000000E+00
           5        2001           6          11 null                                        FERT   0.3086873      0.2063684       37.09077       16.91452       1.472242      1.6787038E-03   295.8767       181.4000      0.0000000E+00  0.0000000E+00  0.0000000E+00  0.0000000E+00  0.0000000E+00
           6        2001           6          11 null                                        FERT   0.3086873      0.2063684       37.15860       16.91062       1.472262      1.6787038E-03   304.3931       181.4000      0.0000000E+00  0.0000000E+00  0.0000000E+00  0.0000000E+00  0.0000000E+00
           7        2001           6          11 null                                        FERT   0.3086873      0.2063684       36.97523       16.88570       1.472005      1.6787038E-03   227.7235       181.4000      0.0000000E+00  0.0000000E+00  0.0000000E+00  0.0000000E+00  0.0000000E+00
           8        2001           6          11 null                                        FERT   0.3086873      0.2063684       37.64770       16.88246       1.472748      1.6468153E-03   249.0448       181.4000      0.0000000E+00  0.0000000E+00  0.0000000E+00  0.0000000E+00  0.0000000E+00
           9        2001           6          11 null                                        FERT   0.3086873      0.2063684       37.20208       16.92590       1.472367      1.6787038E-03   292.0062       181.4000      0.0000000E+00  0.0000000E+00  0.0000000E+00  0.0000000E+00  0.0000000E+00
          10        2001           6          11 null                                        FERT   0.3086873      0.2063684       37.45259       16.90879       1.472537      1.6787038E-03   285.1269       181.4000      0.0000000E+00  0.0000000E+00  0.0000000E+00  0.0000000E+00  0.0000000E+00
          11        2001           6          11 null                                        FERT   0.3086873      0.2063684       37.71920       16.95074       1.474047      1.6426430E-03   325.9472       181.4000      0.0000000E+00  0.0000000E+00  0.0000000E+00  0.0000000E+00  0.0000000E+00
          12        2001           6          11 null                                        FERT   0.3086873      0.2063684       37.53210       16.93279       1.472753      1.6786442E-03   291.2616       181.4000      0.0000000E+00  0.0000000E+00  0.0000000E+00  0.0000000E+00  0.0000000E+00
           1        2001          11           5 corn                                        HARV/KILL   0.9544691      0.0000000E+00   11.03699       102.5122       44.91013      4.3897433E-03   232.4675       34.63008      0.0000000E+00  0.0000000E+00  0.0000000E+00  0.0000000E+00  0.0000000E+00
           3        2001          11           5 corn                                        HARV/KILL   0.9544691      0.0000000E+00   11.06609       102.5554       44.92921      4.5638089E-03   287.8083       34.64446      0.0000000E+00  0.0000000E+00  0.0000000E+00  0.0000000E+00  0.0000000E+00
           4        2001          11           5 corn                                        HARV/KILL   0.9544691      0.0000000E+00   11.10503       102.5142       44.91103      4.4355332E-03   288.3166       34.63075      0.0000000E+00  0.0000000E+00  0.0000000E+00  0.0000000E+00  0.0000000E+00
           5        2001          11           5 corn                                        HARV/KILL   0.9544691      0.0000000E+00   11.09143       102.5553       44.92925      4.6076733E-03   296.0847       34.64437      0.0000000E+00  0.0000000E+00  0.0000000E+00  0.0000000E+00  0.0000000E+00
           6        2001          11           5 corn                                        HARV/KILL   0.9544691      0.0000000E+00   11.13423       102.5471       44.92554      4.5537273E-03   304.5989       34.64172      0.0000000E+00  0.0000000E+00  0.0000000E+00  0.0000000E+00  0.0000000E+00
           7        2001          11           5 corn                                        HARV/KILL   0.9544691      0.0000000E+00   11.01713       102.4866       44.89884      4.2981217E-03   227.9146       34.62152      0.0000000E+00  0.0000000E+00  0.0000000E+00  0.0000000E+00  0.0000000E+00
           8        2001          11           5 corn                                        HARV/KILL   0.9544691      0.0000000E+00   11.43441       102.4905       44.90052      4.0254956E-03   249.2478       34.62289      0.0000000E+00  0.0000000E+00  0.0000000E+00  0.0000000E+00  0.0000000E+00
           9        2001          11           5 corn                                        HARV/KILL   0.9544691      0.0000000E+00   11.16187       102.5833       44.94161      4.6691531E-03   292.2115       34.65368      0.0000000E+00  0.0000000E+00  0.0000000E+00  0.0000000E+00  0.0000000E+00
          10        2001          11           5 corn                                        HARV/KILL   0.9544691      0.0000000E+00   11.31879       102.5532       44.92815      4.5081773E-03   285.3329       34.64383      0.0000000E+00  0.0000000E+00  0.0000000E+00  0.0000000E+00  0.0000000E+00
          11        2001          11           5 corn                                        HARV/KILL   0.9544691      0.0000000E+00   11.45716       102.6391       44.96767      4.9054883E-03   326.1900       34.67088      0.0000000E+00  0.0000000E+00  0.0000000E+00  0.0000000E+00  0.0000000E+00
          12        2001          11           5 corn                                        HARV/KILL   0.9544691      0.0000000E+00   11.36855       102.6086       44.95285      4.7332752E-03   291.4721       34.66201      0.0000000E+00  0.0000000E+00  0.0000000E+00  0.0000000E+00  0.0000000E+00
           2        2001          11          10 corn                                        HARV/KILL   0.9620834      0.0000000E+00   2.178029       103.1458       45.33154      4.3060519E-03   269.6087       34.94362      0.0000000E+00  0.0000000E+00  0.0000000E+00  0.0000000E+00  0.0000000E+00
           2        2001          11          11 null                                        FERT   2.1530161E-04  0.0000000E+00   1.862058      0.0000000E+00   44.70947      4.3066237E-03   269.6060       16.80000      0.0000000E+00  0.0000000E+00  0.0000000E+00  0.0000000E+00  0.0000000E+00
           2        2001          11          11 null                                        FERT   2.1530161E-04  0.0000000E+00   1.862058      0.0000000E+00   44.70947      4.3066237E-03   269.6060       34.30000      0.0000000E+00  0.0000000E+00  0.0000000E+00  0.0000000E+00  0.0000000E+00
           1        2001          12           2 null                                        FERT   3.0137002E-02  0.0000000E+00   28.73605      0.0000000E+00   31.53486      5.0630653E-03   232.4753       142.7000      0.0000000E+00  0.0000000E+00  0.0000000E+00  0.0000000E+00  0.0000000E+00
           3        2001          12           2 null                                        FERT   3.0137002E-02  0.0000000E+00   28.75773      0.0000000E+00   31.54888      5.3136041E-03   287.8009       142.7000      0.0000000E+00  0.0000000E+00  0.0000000E+00  0.0000000E+00  0.0000000E+00
           4        2001          12           2 null                                        FERT   3.0137002E-02  0.0000000E+00   28.78646      0.0000000E+00   31.53686      5.1210811E-03   288.3104       142.7000      0.0000000E+00  0.0000000E+00  0.0000000E+00  0.0000000E+00  0.0000000E+00
           5        2001          12           2 null                                        FERT   3.0137002E-02  0.0000000E+00   28.77654      0.0000000E+00   31.54942      5.3759487E-03   296.0756       142.7000      0.0000000E+00  0.0000000E+00  0.0000000E+00  0.0000000E+00  0.0000000E+00
           6        2001          12           2 null                                        FERT   3.0137002E-02  0.0000000E+00   28.80811      0.0000000E+00   31.54767      5.2924706E-03   304.5894       142.7000      0.0000000E+00  0.0000000E+00  0.0000000E+00  0.0000000E+00  0.0000000E+00
           7        2001          12           2 null                                        FERT   3.0137002E-02  0.0000000E+00   28.72129      0.0000000E+00   31.52654      4.9327984E-03   227.9238       142.7000      0.0000000E+00  0.0000000E+00  0.0000000E+00  0.0000000E+00  0.0000000E+00
           8        2001          12           2 null                                        FERT   3.0137002E-02  0.0000000E+00   29.02789      0.0000000E+00   31.54613      4.5418064E-03   249.2553       142.7000      0.0000000E+00  0.0000000E+00  0.0000000E+00  0.0000000E+00  0.0000000E+00
           9        2001          12           2 null                                        FERT   3.0137002E-02  0.0000000E+00   28.82866      0.0000000E+00   31.55962      5.4633706E-03   292.2046       142.7000      0.0000000E+00  0.0000000E+00  0.0000000E+00  0.0000000E+00  0.0000000E+00
          10        2001          12           2 null                                        FERT   3.0137002E-02  0.0000000E+00   28.94416      0.0000000E+00   31.55415      5.2252249E-03   285.3288       142.7000      0.0000000E+00  0.0000000E+00  0.0000000E+00  0.0000000E+00  0.0000000E+00
          11        2001          12           2 null                                        FERT   3.0137002E-02  0.0000000E+00   29.04576      0.0000000E+00   31.60935      5.7976423E-03   326.1776       142.7000      0.0000000E+00  0.0000000E+00  0.0000000E+00  0.0000000E+00  0.0000000E+00
          12        2001          12           2 null                                        FERT   3.0137002E-02  0.0000000E+00   28.98104      0.0000000E+00   31.57329      5.5543613E-03   291.4661       142.7000      0.0000000E+00  0.0000000E+00  0.0000000E+00  0.0000000E+00  0.0000000E+00
           2        2002           4          25 null                                        FERT   0.1452370      0.0000000E+00   21.98623      0.0000000E+00   9.702694      6.6843298E-03   269.8498       40.00000      0.0000000E+00  0.0000000E+00  0.0000000E+00  0.0000000E+00  0.0000000E+00
           2        2002           4          25 corn                                        PLANT   0.1452370      0.0000000E+00   21.98623      0.0000000E+00   9.702694      6.6843298E-03   269.8498      0.0000000E+00   6.000000    
           2        2002           6           4 null                                        FERT   0.2858201      0.1890292       23.75199       10.54741       4.711759      1.6484247E-03   270.1722       194.9000      0.0000000E+00  0.0000000E+00  0.0000000E+00  0.0000000E+00  0.0000000E+00
           2        2002          11           8 corn                                        HARV/KILL   0.9596977      0.0000000E+00   11.27025       113.9153       37.51715      3.5135974E-03   270.5606       51.08869      0.0000000E+00  0.0000000E+00  0.0000000E+00  0.0000000E+00  0.0000000E+00
           1        2002          11          10 chisplow            TILLAGE   0.9620849      0.0000000E+00   7.325775      0.0000000E+00  9.4612747E-02  1.5316304E-02   233.3025      0.6500000    
           3        2002          11          10 chisplow            TILLAGE   0.9620849      0.0000000E+00   7.325011      0.0000000E+00  9.4653450E-02  1.6061291E-02   288.9386      0.6500000    
           4        2002          11          10 chisplow            TILLAGE   0.9620849      0.0000000E+00   7.325778      0.0000000E+00  9.4612874E-02  1.5336624E-02   289.4460      0.6500000    
           5        2002          11          10 chisplow            TILLAGE   0.9620849      0.0000000E+00   7.324875      0.0000000E+00  9.4652891E-02  1.6155079E-02   297.2569      0.6500000    
           6        2002          11          10 chisplow            TILLAGE   0.9620849      0.0000000E+00   7.325225      0.0000000E+00  9.4638236E-02  1.5905328E-02   305.8112      0.6500000    
           7        2002          11          10 chisplow            TILLAGE   0.9620849      0.0000000E+00   7.326066      0.0000000E+00  9.4583146E-02  1.4880387E-02   228.7244      0.6500000    
           8        2002          11          10 chisplow            TILLAGE   0.9620849      0.0000000E+00   7.325605      0.0000000E+00  9.4548464E-02  1.3950355E-02   250.1280      0.6500000    
           9        2002          11          10 chisplow            TILLAGE   0.9620849      0.0000000E+00   7.324312      0.0000000E+00  9.4671085E-02  1.6530903E-02   293.3539      0.6500000    
          10        2002          11          10 chisplow            TILLAGE   0.9620849      0.0000000E+00   7.325387      0.0000000E+00  9.4635718E-02  1.5773045E-02   286.4329      0.6500000    
          11        2002          11          10 chisplow            TILLAGE   0.9620849      0.0000000E+00   7.319089      0.0000000E+00  9.4685182E-02  1.7650316E-02   327.4372      0.6500000    
          12        2002          11          10 chisplow            TILLAGE   0.9620849      0.0000000E+00   7.323687      0.0000000E+00  9.4684325E-02  1.6813518E-02   292.5970      0.6500000    
           2        2003           4          16 fldcult             TILLAGE   9.5972769E-02  0.0000000E+00   3.222701      0.0000000E+00   5.936687      5.0040800E-03   270.8036      0.5000000    
           2        2003           4          30 fldcult             TILLAGE   0.1228504      0.0000000E+00   13.68433      0.0000000E+00   2.816771      5.7834308E-03   270.9811      0.5000000    
           1        2003           5           1 fldcult             TILLAGE   0.1269830      0.0000000E+00   49.45543      0.0000000E+00  1.0470154E-02  1.8147489E-02   233.6645      0.5000000    
           3        2003           5           1 fldcult             TILLAGE   0.1269830      0.0000000E+00   49.45687      0.0000000E+00  1.0478082E-02  1.9084129E-02   289.4524      0.5000000    
           4        2003           5           1 fldcult             TILLAGE   0.1269830      0.0000000E+00   49.46196      0.0000000E+00  1.0471443E-02  1.8177817E-02   289.9580      0.5000000    
           5        2003           5           1 fldcult             TILLAGE   0.1269830      0.0000000E+00   49.45911      0.0000000E+00  1.0478449E-02  1.9200861E-02   297.7912      0.5000000    
           6        2003           5           1 fldcult             TILLAGE   0.1269830      0.0000000E+00   49.46372      0.0000000E+00  1.0476976E-02  1.8889355E-02   306.3679      0.5000000    
           7        2003           5           1 fldcult             TILLAGE   0.1269830      0.0000000E+00   49.45403      0.0000000E+00  1.0465492E-02  1.7590227E-02   229.0772      0.5000000    
           8        2003           5           1 fldcult             TILLAGE   0.1269830      0.0000000E+00   49.49093      0.0000000E+00  1.0458739E-02  1.6408684E-02   250.5160      0.5000000    
           9        2003           5           1 fldcult             TILLAGE   0.1269830      0.0000000E+00   49.46465      0.0000000E+00  1.0481738E-02  1.9643443E-02   293.8737      0.5000000    
          10        2003           5           1 fldcult             TILLAGE   0.1269830      0.0000000E+00   49.48096      0.0000000E+00  1.0478368E-02  1.8717026E-02   286.9303      0.5000000    
          11        2003           5           1 fldcult             TILLAGE   0.1269830      0.0000000E+00   49.48176      0.0000000E+00  1.0502746E-02  2.0901501E-02   327.9947      0.5000000    
          12        2003           5           1 fldcult             TILLAGE   0.1269830      0.0000000E+00   49.48237      0.0000000E+00  1.0486848E-02  1.9976337E-02   293.1049      0.5000000    
           1        2003           5           3 corn                                        PLANT   0.1341984      0.0000000E+00   43.97076      0.0000000E+00  1.0101947E-02  1.8277036E-02   233.7097      0.0000000E+00   6.000000    
           1        2003           5           3 null                                        FERT   0.1341984      0.0000000E+00   43.97076      0.0000000E+00  1.0101947E-02  1.8277036E-02   233.7097       26.00000      0.0000000E+00  0.0000000E+00  0.0000000E+00  0.0000000E+00  0.0000000E+00
           3        2003           5           3 corn                                        PLANT   0.1341984      0.0000000E+00   43.97220      0.0000000E+00  1.0109592E-02  1.9219931E-02   289.5314      0.0000000E+00   6.000000    
           3        2003           5           3 null                                        FERT   0.1341984      0.0000000E+00   43.97220      0.0000000E+00  1.0109592E-02  1.9219931E-02   289.5314       26.00000      0.0000000E+00  0.0000000E+00  0.0000000E+00  0.0000000E+00  0.0000000E+00
           4        2003           5           3 corn                                        PLANT   0.1341984      0.0000000E+00   43.97729      0.0000000E+00  1.0103185E-02  1.8308559E-02   290.0360      0.0000000E+00   6.000000    
           4        2003           5           3 null                                        FERT   0.1341984      0.0000000E+00   43.97729      0.0000000E+00  1.0103185E-02  1.8308559E-02   290.0360       26.00000      0.0000000E+00  0.0000000E+00  0.0000000E+00  0.0000000E+00  0.0000000E+00
           5        2003           5           3 corn                                        PLANT   0.1341984      0.0000000E+00   43.97443      0.0000000E+00  1.0109946E-02  1.9337995E-02   297.8745      0.0000000E+00   6.000000    
           5        2003           5           3 null                                        FERT   0.1341984      0.0000000E+00   43.97443      0.0000000E+00  1.0109946E-02  1.9337995E-02   297.8745       26.00000      0.0000000E+00  0.0000000E+00  0.0000000E+00  0.0000000E+00  0.0000000E+00
           6        2003           5           3 corn                                        PLANT   0.1341984      0.0000000E+00   43.97906      0.0000000E+00  1.0108522E-02  1.9024285E-02   306.4556      0.0000000E+00   6.000000    
           6        2003           5           3 null                                        FERT   0.1341984      0.0000000E+00   43.97906      0.0000000E+00  1.0108522E-02  1.9024285E-02   306.4556       26.00000      0.0000000E+00  0.0000000E+00  0.0000000E+00  0.0000000E+00  0.0000000E+00
           7        2003           5           3 corn                                        PLANT   0.1341984      0.0000000E+00   43.96937      0.0000000E+00  1.0097449E-02  1.7715991E-02   229.1198      0.0000000E+00   6.000000    
           7        2003           5           3 null                                        FERT   0.1341984      0.0000000E+00   43.96937      0.0000000E+00  1.0097449E-02  1.7715991E-02   229.1198       26.00000      0.0000000E+00  0.0000000E+00  0.0000000E+00  0.0000000E+00  0.0000000E+00
           8        2003           5           3 corn                                        PLANT   0.1341984      0.0000000E+00   44.00628      0.0000000E+00  1.0090891E-02  1.6523009E-02   250.5633      0.0000000E+00   6.000000    
           8        2003           5           3 null                                        FERT   0.1341984      0.0000000E+00   44.00628      0.0000000E+00  1.0090891E-02  1.6523009E-02   250.5633       26.00000      0.0000000E+00  0.0000000E+00  0.0000000E+00  0.0000000E+00  0.0000000E+00
           9        2003           5           3 corn                                        PLANT   0.1341984      0.0000000E+00   43.97997      0.0000000E+00  1.0113116E-02  1.9782385E-02   293.9534      0.0000000E+00   6.000000    
           9        2003           5           3 null                                        FERT   0.1341984      0.0000000E+00   43.97997      0.0000000E+00  1.0113116E-02  1.9782385E-02   293.9534       26.00000      0.0000000E+00  0.0000000E+00  0.0000000E+00  0.0000000E+00  0.0000000E+00
          10        2003           5           3 corn                                        PLANT   0.1341984      0.0000000E+00   43.99630      0.0000000E+00  1.0109854E-02  1.8850246E-02   287.0044      0.0000000E+00   6.000000    
          10        2003           5           3 null                                        FERT   0.1341984      0.0000000E+00   43.99630      0.0000000E+00  1.0109854E-02  1.8850246E-02   287.0044       26.00000      0.0000000E+00  0.0000000E+00  0.0000000E+00  0.0000000E+00  0.0000000E+00
          11        2003           5           3 corn                                        PLANT   0.1341984      0.0000000E+00   43.99701      0.0000000E+00  1.0133332E-02  2.1046745E-02   328.0786      0.0000000E+00   6.000000    
          11        2003           5           3 null                                        FERT   0.1341984      0.0000000E+00   43.99701      0.0000000E+00  1.0133332E-02  2.1046745E-02   328.0786       26.00000      0.0000000E+00  0.0000000E+00  0.0000000E+00  0.0000000E+00  0.0000000E+00
          12        2003           5           3 corn                                        PLANT   0.1341984      0.0000000E+00   43.99769      0.0000000E+00  1.0118032E-02  2.0117128E-02   293.1812      0.0000000E+00   6.000000    
          12        2003           5           3 null                                        FERT   0.1341984      0.0000000E+00   43.99769      0.0000000E+00  1.0118032E-02  2.0117128E-02   293.1812       26.00000      0.0000000E+00  0.0000000E+00  0.0000000E+00  0.0000000E+00  0.0000000E+00
           2        2003           5           5 null                                        FERT   0.1400933      0.0000000E+00   45.86554      0.0000000E+00   2.649519      6.4415513E-03   271.1383       6.740000      0.0000000E+00  0.0000000E+00  0.0000000E+00  0.0000000E+00  0.0000000E+00
           2        2003           5           5 null                                        FERT   0.1400933      0.0000000E+00   45.86554      0.0000000E+00   2.649519      6.4415513E-03   271.1383       18.29000      0.0000000E+00  0.0000000E+00  0.0000000E+00  0.0000000E+00  0.0000000E+00
           2        2003           5           5 null                                        FERT   0.1400933      0.0000000E+00   45.86554      0.0000000E+00   2.649519      6.4415513E-03   271.1383       5.350000      0.0000000E+00  0.0000000E+00  0.0000000E+00  0.0000000E+00  0.0000000E+00
           2        2003           5           6 corn                                        PLANT   0.1438570      0.0000000E+00   85.62505      0.0000000E+00   2.611514      7.0373425E-03   271.1679      0.0000000E+00   6.000000    
           1        2003           6           6 null                                        FERT   0.2630934      0.1834117       15.71474       11.66792      3.7701605E-03  1.8061390E-03   233.9747       182.6000      0.0000000E+00  0.0000000E+00  0.0000000E+00  0.0000000E+00  0.0000000E+00
           3        2003           6           6 null                                        FERT   0.2630934      0.1834117       15.73408       11.77852      3.7729172E-03  1.8061390E-03   289.9003       182.6000      0.0000000E+00  0.0000000E+00  0.0000000E+00  0.0000000E+00  0.0000000E+00
           4        2003           6           6 null                                        FERT   0.2630934      0.1834117       15.76294       11.71375      3.7704064E-03  1.8061390E-03   290.4066       182.6000      0.0000000E+00  0.0000000E+00  0.0000000E+00  0.0000000E+00  0.0000000E+00
           5        2003           6           6 null                                        FERT   0.2630934      0.1834117       15.75190       11.80995      3.7729649E-03  1.8061390E-03   298.2584       182.6000      0.0000000E+00  0.0000000E+00  0.0000000E+00  0.0000000E+00  0.0000000E+00
           6        2003           6           6 null                                        FERT   0.2630934      0.1834117       15.78259       11.80066      3.7722960E-03  1.8061390E-03   306.8562       182.6000      0.0000000E+00  0.0000000E+00  0.0000000E+00  0.0000000E+00  0.0000000E+00
           7        2003           6           6 null                                        FERT   0.2630934      0.1834117       15.70108       11.60207      3.7685451E-03  1.8061390E-03   229.3764       182.6000      0.0000000E+00  0.0000000E+00  0.0000000E+00  0.0000000E+00  0.0000000E+00
           8        2003           6           6 null                                        FERT   0.2630934      0.1834117       15.99567       11.51918      3.7631807E-03  1.7300833E-03   250.8474       182.6000      0.0000000E+00  0.0000000E+00  0.0000000E+00  0.0000000E+00  0.0000000E+00
           9        2003           6           6 null                                        FERT   0.2630934      0.1834117       15.80037       11.89250      3.7739088E-03  1.8061390E-03   294.3296       182.6000      0.0000000E+00  0.0000000E+00  0.0000000E+00  0.0000000E+00  0.0000000E+00
          10        2003           6           6 null                                        FERT   0.2630934      0.1834117       15.91403       11.78545      3.7720581E-03  1.8061390E-03   287.3659       182.6000      0.0000000E+00  0.0000000E+00  0.0000000E+00  0.0000000E+00  0.0000000E+00
          11        2003           6           6 null                                        FERT   0.2630934      0.1834117       16.00117       12.18656      3.7770129E-03  1.7304409E-03   328.5016       182.6000      0.0000000E+00  0.0000000E+00  0.0000000E+00  0.0000000E+00  0.0000000E+00
          12        2003           6           6 null                                        FERT   0.2630934      0.1834117       15.94593       11.96843      3.7748339E-03  1.8061390E-03   293.5528       182.6000      0.0000000E+00  0.0000000E+00  0.0000000E+00  0.0000000E+00  0.0000000E+00
           2        2003           6          17 null                                        FERT   0.3148943      0.2584437      1.6000002E-05   20.76945       1.167905      1.6329275E-03   271.4070       168.0000      0.0000000E+00  0.0000000E+00  0.0000000E+00  0.0000000E+00  0.0000000E+00
           2        2003          11           4 corn                                        HARV/KILL   0.9242633      0.0000000E+00   23.28114       109.3029       40.04591      3.2829733E-03   271.5781       43.81641      0.0000000E+00  0.0000000E+00  0.0000000E+00  0.0000000E+00  0.0000000E+00
           1        2003          11           9 corn                                        HARV/KILL   0.9325156      0.0000000E+00   72.94656       110.3004       40.19173      4.2510359E-03   234.1895       44.34118      0.0000000E+00  0.0000000E+00  0.0000000E+00  0.0000000E+00  0.0000000E+00
           3        2003          11           9 corn                                        HARV/KILL   0.9325156      0.0000000E+00   72.95676       110.4032       40.23811      4.3785674E-03   290.1807       44.37304      0.0000000E+00  0.0000000E+00  0.0000000E+00  0.0000000E+00  0.0000000E+00
           4        2003          11           9 corn                                        HARV/KILL   0.9325156      0.0000000E+00   72.97308       110.3120       40.19791      4.2509194E-03   290.6862       44.34388      0.0000000E+00  0.0000000E+00  0.0000000E+00  0.0000000E+00  0.0000000E+00
           5        2003          11           9 corn                                        HARV/KILL   0.9325156      0.0000000E+00   72.96654       110.4190       40.24561      4.3909969E-03   298.5485       44.37752      0.0000000E+00  0.0000000E+00  0.0000000E+00  0.0000000E+00  0.0000000E+00
           6        2003          11           9 corn                                        HARV/KILL   0.9325156      0.0000000E+00   72.98340       110.3912       40.23369      4.3519270E-03   307.1523       44.36835      0.0000000E+00  0.0000000E+00  0.0000000E+00  0.0000000E+00  0.0000000E+00
           7        2003          11           9 corn                                        HARV/KILL   0.9325156      0.0000000E+00   72.93922       110.2390       40.16404      4.1707954E-03   229.5842       44.32214      0.0000000E+00  0.0000000E+00  0.0000000E+00  0.0000000E+00  0.0000000E+00
           8        2003          11           9 corn                                        HARV/KILL   0.9325156      0.0000000E+00   73.09453       110.1420       40.11953      4.0427302E-03   251.0722       44.29334      0.0000000E+00  0.0000000E+00  0.0000000E+00  0.0000000E+00  0.0000000E+00
           9        2003          11           9 corn                                        HARV/KILL   0.9325156      0.0000000E+00   72.99239       110.4745       40.27133      4.4462406E-03   294.6110       44.39410      0.0000000E+00  0.0000000E+00  0.0000000E+00  0.0000000E+00  0.0000000E+00
          10        2003          11           9 corn                                        HARV/KILL   0.9325156      0.0000000E+00   73.05330       110.3884       40.23228      4.3297401E-03   287.6386       44.36778      0.0000000E+00  0.0000000E+00  0.0000000E+00  0.0000000E+00  0.0000000E+00
          11        2003          11           9 corn                                        HARV/KILL   0.9325156      0.0000000E+00   73.09399       110.6271       40.34356      4.5873253E-03   328.8141       44.43801      0.0000000E+00  0.0000000E+00  0.0000000E+00  0.0000000E+00  0.0000000E+00
          12        2003          11           9 corn                                        HARV/KILL   0.9325156      0.0000000E+00   73.06879       110.5296       40.29684      4.4869636E-03   293.8321       44.41061      0.0000000E+00  0.0000000E+00  0.0000000E+00  0.0000000E+00  0.0000000E+00
           1        2003          11          14 null                                        FERT   6.0098581E-03  0.0000000E+00   66.16868      0.0000000E+00   37.52227      4.2639496E-03   234.2201       336.0000      0.0000000E+00  0.0000000E+00  0.0000000E+00  0.0000000E+00  0.0000000E+00
           3        2003          11          14 null                                        FERT   6.0098581E-03  0.0000000E+00   66.17889      0.0000000E+00   37.56566      4.3914746E-03   290.2237       336.0000      0.0000000E+00  0.0000000E+00  0.0000000E+00  0.0000000E+00  0.0000000E+00
           4        2003          11          14 null                                        FERT   6.0098581E-03  0.0000000E+00   66.19519      0.0000000E+00   37.52829      4.2638178E-03   290.7292       336.0000      0.0000000E+00  0.0000000E+00  0.0000000E+00  0.0000000E+00  0.0000000E+00
           5        2003          11          14 null                                        FERT   6.0098581E-03  0.0000000E+00   66.18867      0.0000000E+00   37.57275      4.4038980E-03   298.5931       336.0000      0.0000000E+00  0.0000000E+00  0.0000000E+00  0.0000000E+00  0.0000000E+00
           6        2003          11          14 null                                        FERT   6.0098581E-03  0.0000000E+00   66.20552      0.0000000E+00   37.56182      4.3648183E-03   307.1987       336.0000      0.0000000E+00  0.0000000E+00  0.0000000E+00  0.0000000E+00  0.0000000E+00
           7        2003          11          14 null                                        FERT   6.0098581E-03  0.0000000E+00   66.16132      0.0000000E+00   37.49635      4.1837143E-03   229.6138       336.0000      0.0000000E+00  0.0000000E+00  0.0000000E+00  0.0000000E+00  0.0000000E+00
           8        2003          11          14 null                                        FERT   6.0098581E-03  0.0000000E+00   66.31661      0.0000000E+00   37.45833      4.0548341E-03   251.1033       336.0000      0.0000000E+00  0.0000000E+00  0.0000000E+00  0.0000000E+00  0.0000000E+00
           9        2003          11          14 null                                        FERT   6.0098581E-03  0.0000000E+00   66.21452      0.0000000E+00   37.59709      4.4591241E-03   294.6544       336.0000      0.0000000E+00  0.0000000E+00  0.0000000E+00  0.0000000E+00  0.0000000E+00
          10        2003          11          14 null                                        FERT   6.0098581E-03  0.0000000E+00   66.27542      0.0000000E+00   37.56136      4.3425779E-03   287.6799       336.0000      0.0000000E+00  0.0000000E+00  0.0000000E+00  0.0000000E+00  0.0000000E+00
          11        2003          11          14 null                                        FERT   6.0098581E-03  0.0000000E+00   66.31615      0.0000000E+00   37.67026      4.5991996E-03   328.8583       336.0000      0.0000000E+00  0.0000000E+00  0.0000000E+00  0.0000000E+00  0.0000000E+00
          12        2003          11          14 null                                        FERT   6.0098581E-03  0.0000000E+00   66.29093      0.0000000E+00   37.62197      4.4997809E-03   293.8741       336.0000      0.0000000E+00  0.0000000E+00  0.0000000E+00  0.0000000E+00  0.0000000E+00
           2        2003          11          21 null                                        FERT   2.2165980E-02  0.0000000E+00   73.08755      0.0000000E+00   31.96090      4.4956533E-03   271.6741       167.9600      0.0000000E+00  0.0000000E+00  0.0000000E+00  0.0000000E+00  0.0000000E+00
           2        2004           4          16 null                                        FERT   0.1070024      0.0000000E+00   55.40273      0.0000000E+00   10.15303      6.7823487E-03   272.0629       57.10000      0.0000000E+00  0.0000000E+00  0.0000000E+00  0.0000000E+00  0.0000000E+00
           1        2004           4          24 fldcult             TILLAGE   0.1255948      0.0000000E+00   58.64787      0.0000000E+00   5.499820      7.2121951E-03   234.6459      0.5000000    
           3        2004           4          24 fldcult             TILLAGE   0.1255948      0.0000000E+00   58.84365      0.0000000E+00   5.506477      7.5389948E-03   290.7390      0.5000000    
           4        2004           4          24 fldcult             TILLAGE   0.1255948      0.0000000E+00   59.07596      0.0000000E+00   5.501328      7.2194771E-03   291.2465      0.5000000    
           5        2004           4          24 fldcult             TILLAGE   0.1255948      0.0000000E+00   59.00572      0.0000000E+00   5.507754      7.5690034E-03   299.1234      0.5000000    
           6        2004           4          24 fldcult             TILLAGE   0.1255948      0.0000000E+00   59.27514      0.0000000E+00   5.506537      7.4628466E-03   307.7341      0.5000000    
           7        2004           4          24 fldcult             TILLAGE   0.1255948      0.0000000E+00   58.52023      0.0000000E+00   5.495835      7.0137857E-03   230.0269      0.5000000    
           8        2004           4          24 fldcult             TILLAGE   0.1255948      0.0000000E+00   61.48247      0.0000000E+00   5.497965      6.7297281E-03   251.5168      0.5000000    
           9        2004           4          24 fldcult             TILLAGE   0.1255948      0.0000000E+00   59.47573      0.0000000E+00   5.512016      7.7203936E-03   295.1720      0.5000000    
          10        2004           4          24 fldcult             TILLAGE   0.1255948      0.0000000E+00   60.54757      0.0000000E+00   5.508501      7.3811882E-03   288.1786      0.5000000    
          11        2004           4          24 fldcult             TILLAGE   0.1255948      0.0000000E+00   61.98306      0.0000000E+00   5.533795      8.0851521E-03   329.3935      0.5000000    
          12        2004           4          24 fldcult             TILLAGE   0.1255948      0.0000000E+00   60.97750      0.0000000E+00   5.518159      7.7826893E-03   294.3857      0.5000000    
           1        2004           4          25 corn                                        PLANT   0.1280189      0.0000000E+00   54.34875      0.0000000E+00   5.439377      7.2276350E-03   234.6638      0.0000000E+00   6.000000    
           1        2004           4          25 null                                        FERT   0.1280189      0.0000000E+00   54.34875      0.0000000E+00   5.439377      7.2276350E-03   234.6638       27.00000      0.0000000E+00  0.0000000E+00  0.0000000E+00  0.0000000E+00  0.0000000E+00
           3        2004           4          25 corn                                        PLANT   0.1280189      0.0000000E+00   54.54453      0.0000000E+00   5.445961      7.5535579E-03   290.7686      0.0000000E+00   6.000000    
           3        2004           4          25 null                                        FERT   0.1280189      0.0000000E+00   54.54453      0.0000000E+00   5.445961      7.5535579E-03   290.7686       27.00000      0.0000000E+00  0.0000000E+00  0.0000000E+00  0.0000000E+00  0.0000000E+00
           4        2004           4          25 corn                                        PLANT   0.1280189      0.0000000E+00   54.77685      0.0000000E+00   5.440868      7.2335852E-03   291.2758      0.0000000E+00   6.000000    
           4        2004           4          25 null                                        FERT   0.1280189      0.0000000E+00   54.77685      0.0000000E+00   5.440868      7.2335852E-03   291.2758       27.00000      0.0000000E+00  0.0000000E+00  0.0000000E+00  0.0000000E+00  0.0000000E+00
           5        2004           4          25 corn                                        PLANT   0.1280189      0.0000000E+00   54.70661      0.0000000E+00   5.447224      7.5825346E-03   299.1544      0.0000000E+00   6.000000    
           5        2004           4          25 null                                        FERT   0.1280189      0.0000000E+00   54.70661      0.0000000E+00   5.447224      7.5825346E-03   299.1544       27.00000      0.0000000E+00  0.0000000E+00  0.0000000E+00  0.0000000E+00  0.0000000E+00
           6        2004           4          25 corn                                        PLANT   0.1280189      0.0000000E+00   54.97602      0.0000000E+00   5.446021      7.4767983E-03   307.7668      0.0000000E+00   6.000000    
           6        2004           4          25 null                                        FERT   0.1280189      0.0000000E+00   54.97602      0.0000000E+00   5.446021      7.4767983E-03   307.7668       27.00000      0.0000000E+00  0.0000000E+00  0.0000000E+00  0.0000000E+00  0.0000000E+00
           7        2004           4          25 corn                                        PLANT   0.1280189      0.0000000E+00   54.22111      0.0000000E+00   5.435436      7.0296270E-03   230.0439      0.0000000E+00   6.000000    
           7        2004           4          25 null                                        FERT   0.1280189      0.0000000E+00   54.22111      0.0000000E+00   5.435436      7.0296270E-03   230.0439       27.00000      0.0000000E+00  0.0000000E+00  0.0000000E+00  0.0000000E+00  0.0000000E+00
           8        2004           4          25 corn                                        PLANT   0.1280189      0.0000000E+00   57.18336      0.0000000E+00   5.437542      6.7543196E-03   251.5358      0.0000000E+00   6.000000    
           8        2004           4          25 null                                        FERT   0.1280189      0.0000000E+00   57.18336      0.0000000E+00   5.437542      6.7543196E-03   251.5358       27.00000      0.0000000E+00  0.0000000E+00  0.0000000E+00  0.0000000E+00  0.0000000E+00
           9        2004           4          25 corn                                        PLANT   0.1280189      0.0000000E+00   55.17663      0.0000000E+00   5.451439      7.7346801E-03   295.2019      0.0000000E+00   6.000000    
           9        2004           4          25 null                                        FERT   0.1280189      0.0000000E+00   55.17663      0.0000000E+00   5.451439      7.7346801E-03   295.2019       27.00000      0.0000000E+00  0.0000000E+00  0.0000000E+00  0.0000000E+00  0.0000000E+00
          10        2004           4          25 corn                                        PLANT   0.1280189      0.0000000E+00   56.24846      0.0000000E+00   5.447963      7.3959683E-03   288.2067      0.0000000E+00   6.000000    
          10        2004           4          25 null                                        FERT   0.1280189      0.0000000E+00   56.24846      0.0000000E+00   5.447963      7.3959683E-03   288.2067       27.00000      0.0000000E+00  0.0000000E+00  0.0000000E+00  0.0000000E+00  0.0000000E+00
          11        2004           4          25 corn                                        PLANT   0.1280189      0.0000000E+00   57.68396      0.0000000E+00   5.472979      8.0992123E-03   329.4258      0.0000000E+00   6.000000    
          11        2004           4          25 null                                        FERT   0.1280189      0.0000000E+00   57.68396      0.0000000E+00   5.472979      8.0992123E-03   329.4258       27.00000      0.0000000E+00  0.0000000E+00  0.0000000E+00  0.0000000E+00  0.0000000E+00
          12        2004           4          25 corn                                        PLANT   0.1280189      0.0000000E+00   56.67839      0.0000000E+00   5.457515      7.7968952E-03   294.4147      0.0000000E+00   6.000000    
          12        2004           4          25 null                                        FERT   0.1280189      0.0000000E+00   56.67839      0.0000000E+00   5.457515      7.7968952E-03   294.4147       27.00000      0.0000000E+00  0.0000000E+00  0.0000000E+00  0.0000000E+00  0.0000000E+00
           2        2004           5           5 corn                                        PLANT   0.1641680      0.0000000E+00   35.30834      0.0000000E+00   7.297395      7.5201867E-03   272.1914      0.0000000E+00   6.000000    
           1        2004           6           4 null                                        FERT   0.2690520      0.1860333       80.37362       11.87033       2.854627      1.6929493E-03   234.9426       180.3000      0.0000000E+00  0.0000000E+00  0.0000000E+00  0.0000000E+00  0.0000000E+00
           3        2004           6           4 null                                        FERT   0.2690520      0.1860333       80.58618       11.90426       2.858035      1.6925321E-03   291.1975       180.3000      0.0000000E+00  0.0000000E+00  0.0000000E+00  0.0000000E+00  0.0000000E+00
           4        2004           6           4 null                                        FERT   0.2690520      0.1860333       80.84198       11.89217       2.855303      1.6924129E-03   291.7042       180.3000      0.0000000E+00  0.0000000E+00  0.0000000E+00  0.0000000E+00  0.0000000E+00
           5        2004           6           4 null                                        FERT   0.2690520      0.1860333       80.76317       11.91634       2.858655      1.6924129E-03   299.6035       180.3000      0.0000000E+00  0.0000000E+00  0.0000000E+00  0.0000000E+00  0.0000000E+00
           6        2004           6           4 null                                        FERT   0.2690520      0.1860333       81.05743       11.92184       2.857956      1.6921745E-03   308.2406       180.3000      0.0000000E+00  0.0000000E+00  0.0000000E+00  0.0000000E+00  0.0000000E+00
           7        2004           6           4 null                                        FERT   0.2690520      0.1860333       80.23419       11.84725       2.852594      1.6933070E-03   230.3125       180.3000      0.0000000E+00  0.0000000E+00  0.0000000E+00  0.0000000E+00  0.0000000E+00
           8        2004           6           4 null                                        FERT   0.2690520      0.1860333       83.42946       11.86202       2.852463      1.6524778E-03   251.8417       180.3000      0.0000000E+00  0.0000000E+00  0.0000000E+00  0.0000000E+00  0.0000000E+00
           9        2004           6           4 null                                        FERT   0.2690520      0.1860333       81.27264       11.94965       2.860747      1.6921149E-03   295.6393       180.3000      0.0000000E+00  0.0000000E+00  0.0000000E+00  0.0000000E+00  0.0000000E+00
          10        2004           6           4 null                                        FERT   0.2690520      0.1860333       82.43026       11.92238       2.858624      1.6907440E-03   288.6228       180.3000      0.0000000E+00  0.0000000E+00  0.0000000E+00  0.0000000E+00  0.0000000E+00
          11        2004           6           4 null                                        FERT   0.2690520      0.1860333       83.94131       12.07659       2.870290      1.6474710E-03   329.9136       180.3000      0.0000000E+00  0.0000000E+00  0.0000000E+00  0.0000000E+00  0.0000000E+00
          12        2004           6           4 null                                        FERT   0.2690520      0.1860333       82.88597       11.98172       2.863508      1.6899095E-03   294.8420       180.3000      0.0000000E+00  0.0000000E+00  0.0000000E+00  0.0000000E+00  0.0000000E+00
           2        2004           6          11 null                                        FERT   0.3041668      0.2011753       46.58175       14.93671       3.622258      1.6394840E-03   272.4282       112.0000      0.0000000E+00  0.0000000E+00  0.0000000E+00  0.0000000E+00  0.0000000E+00
           2        2004          11           7 corn                                        HARV/KILL   0.9389861      0.0000000E+00   38.76305       117.8722       48.61432      3.0499438E-03   272.6721       43.26196      0.0000000E+00  0.0000000E+00  0.0000000E+00  0.0000000E+00  0.0000000E+00
           1        2004          11          10 corn                                        HARV/KILL   0.9436388      0.0000000E+00   33.35236       117.9737       49.86143      3.2704293E-03   235.2315       41.85722      0.0000000E+00  0.0000000E+00  0.0000000E+00  0.0000000E+00  0.0000000E+00
           3        2004          11          10 corn                                        HARV/KILL   0.9436388      0.0000000E+00   33.35123       118.0107       49.88060      3.3895040E-03   291.5416       41.86763      0.0000000E+00  0.0000000E+00  0.0000000E+00  0.0000000E+00  0.0000000E+00
           4        2004          11          10 corn                                        HARV/KILL   0.9436388      0.0000000E+00   33.35241       117.9795       49.86427      3.2630400E-03   292.0922       41.85896      0.0000000E+00  0.0000000E+00  0.0000000E+00  0.0000000E+00  0.0000000E+00
           5        2004          11          10 corn                                        HARV/KILL   0.9436388      0.0000000E+00   33.35110       118.0158       49.88319      3.4032832E-03   299.9746       41.86908      0.0000000E+00  0.0000000E+00  0.0000000E+00  0.0000000E+00  0.0000000E+00
           6        2004          11          10 corn                                        HARV/KILL   0.9436388      0.0000000E+00   33.35157       118.0078       49.87837      3.3564153E-03   308.6439       41.86684      0.0000000E+00  0.0000000E+00  0.0000000E+00  0.0000000E+00  0.0000000E+00
           7        2004          11          10 corn                                        HARV/KILL   0.9436388      0.0000000E+00   33.35280       117.9508       49.84997      3.1973056E-03   230.6023       41.85082      0.0000000E+00  0.0000000E+00  0.0000000E+00  0.0000000E+00  0.0000000E+00
           8        2004          11          10 corn                                        HARV/KILL   0.9436388      0.0000000E+00   33.35145       117.9358       49.83832      3.0660462E-03   252.0322       41.85067      0.0000000E+00  0.0000000E+00  0.0000000E+00  0.0000000E+00  0.0000000E+00
           9        2004          11          10 corn                                        HARV/KILL   0.9436388      0.0000000E+00   33.35016       118.0372       49.89376      3.4672313E-03   296.0228       41.87514      0.0000000E+00  0.0000000E+00  0.0000000E+00  0.0000000E+00  0.0000000E+00
          10        2004          11          10 corn                                        HARV/KILL   0.9436388      0.0000000E+00   33.35175       118.0094       49.87780      3.3371360E-03   288.9907       41.86876      0.0000000E+00  0.0000000E+00  0.0000000E+00  0.0000000E+00  0.0000000E+00
          11        2004          11          10 corn                                        HARV/KILL   0.9436388      0.0000000E+00   33.34237       118.0841       49.91583      3.6329683E-03   330.2889       41.88977      0.0000000E+00  0.0000000E+00  0.0000000E+00  0.0000000E+00  0.0000000E+00
          12        2004          11          10 corn                                        HARV/KILL   0.9436388      0.0000000E+00   33.34921       118.0567       49.90244      3.5167425E-03   295.2344       41.88177      0.0000000E+00  0.0000000E+00  0.0000000E+00  0.0000000E+00  0.0000000E+00
           1        2004          11          12 null                                        FERT   3.3825925E-03  0.0000000E+00   38.01741      0.0000000E+00   48.52936      3.4372695E-03   235.2296       152.7000      0.0000000E+00  0.0000000E+00  0.0000000E+00  0.0000000E+00  0.0000000E+00
           3        2004          11          12 null                                        FERT   3.3825925E-03  0.0000000E+00   38.01620      0.0000000E+00   48.54808      3.5675673E-03   291.5430       152.7000      0.0000000E+00  0.0000000E+00  0.0000000E+00  0.0000000E+00  0.0000000E+00
           4        2004          11          12 null                                        FERT   3.3825925E-03  0.0000000E+00   38.01744      0.0000000E+00   48.53228      3.4321276E-03   292.0927       152.7000      0.0000000E+00  0.0000000E+00  0.0000000E+00  0.0000000E+00  0.0000000E+00
           5        2004          11          12 null                                        FERT   3.3825925E-03  0.0000000E+00   38.01605      0.0000000E+00   48.55067      3.5835451E-03   299.9761       152.7000      0.0000000E+00  0.0000000E+00  0.0000000E+00  0.0000000E+00  0.0000000E+00
           6        2004          11          12 null                                        FERT   3.3825925E-03  0.0000000E+00   38.01655      0.0000000E+00   48.54609      3.5329917E-03   308.6453       152.7000      0.0000000E+00  0.0000000E+00  0.0000000E+00  0.0000000E+00  0.0000000E+00
           7        2004          11          12 null                                        FERT   3.3825925E-03  0.0000000E+00   38.01788      0.0000000E+00   48.51816      3.3567105E-03   230.6001       152.7000      0.0000000E+00  0.0000000E+00  0.0000000E+00  0.0000000E+00  0.0000000E+00
           8        2004          11          12 null                                        FERT   3.3825925E-03  0.0000000E+00   38.01657      0.0000000E+00   48.50918      3.2005510E-03   252.0383       152.7000      0.0000000E+00  0.0000000E+00  0.0000000E+00  0.0000000E+00  0.0000000E+00
           9        2004          11          12 null                                        FERT   3.3825925E-03  0.0000000E+00   38.01506      0.0000000E+00   48.56114      3.6503689E-03   296.0234       152.7000      0.0000000E+00  0.0000000E+00  0.0000000E+00  0.0000000E+00  0.0000000E+00
          10        2004          11          12 null                                        FERT   3.3825925E-03  0.0000000E+00   38.01676      0.0000000E+00   48.54609      3.5107085E-03   288.9908       152.7000      0.0000000E+00  0.0000000E+00  0.0000000E+00  0.0000000E+00  0.0000000E+00
          11        2004          11          12 null                                        FERT   3.3825925E-03  0.0000000E+00   38.00671      0.0000000E+00   48.58654      3.8254571E-03   330.2888       152.7000      0.0000000E+00  0.0000000E+00  0.0000000E+00  0.0000000E+00  0.0000000E+00
          12        2004          11          12 null                                        FERT   3.3825925E-03  0.0000000E+00   38.01405      0.0000000E+00   48.57030      3.7026566E-03   295.2343       152.7000      0.0000000E+00  0.0000000E+00  0.0000000E+00  0.0000000E+00  0.0000000E+00
           1        2004          11          16 chisplow            TILLAGE   1.0715637E-02  0.0000000E+00   30.11360      0.0000000E+00   23.00733      3.4503206E-03   235.2301      0.6500000    
           3        2004          11          16 chisplow            TILLAGE   1.0715637E-02  0.0000000E+00   30.11240      0.0000000E+00   23.01626      3.5806287E-03   291.5504      0.6500000    
           4        2004          11          16 chisplow            TILLAGE   1.0715637E-02  0.0000000E+00   30.11363      0.0000000E+00   23.00885      3.4451704E-03   292.0982      0.6500000    
           5        2004          11          16 chisplow            TILLAGE   1.0715637E-02  0.0000000E+00   30.11224      0.0000000E+00   23.01755      3.5966071E-03   299.9834      0.6500000    
           6        2004          11          16 chisplow            TILLAGE   1.0715637E-02  0.0000000E+00   30.11274      0.0000000E+00   23.01547      3.5460396E-03   308.6528      0.6500000    
           7        2004          11          16 chisplow            TILLAGE   1.0715637E-02  0.0000000E+00   30.11405      0.0000000E+00   23.00197      3.3697593E-03   230.6001      0.6500000    
           8        2004          11          16 chisplow            TILLAGE   1.0715637E-02  0.0000000E+00   30.11275      0.0000000E+00   22.99985      3.2129684E-03   252.0508      0.6500000    
           9        2004          11          16 chisplow            TILLAGE   1.0715637E-02  0.0000000E+00   30.11126      0.0000000E+00   23.02268      3.6634265E-03   296.0294      0.6500000    
          10        2004          11          16 chisplow            TILLAGE   1.0715637E-02  0.0000000E+00   30.11295      0.0000000E+00   23.01597      3.5237153E-03   288.9959      0.6500000    
          11        2004          11          16 chisplow            TILLAGE   1.0715637E-02  0.0000000E+00   30.10292      0.0000000E+00   23.03825      3.8376928E-03   330.2944      0.6500000    
          12        2004          11          16 chisplow            TILLAGE   1.0715637E-02  0.0000000E+00   30.11025      0.0000000E+00   23.02765      3.7156767E-03   295.2391      0.6500000    
           2        2004          12           2 null                                        FERT   3.2972746E-02  0.0000000E+00   43.21841      0.0000000E+00   34.82893      3.6897003E-03   272.7463       142.7000      0.0000000E+00  0.0000000E+00  0.0000000E+00  0.0000000E+00  0.0000000E+00
           1        2005           4          16 fldcult             TILLAGE   0.1160157      0.0000000E+00   24.45663      0.0000000E+00   3.571570      5.7102335E-03   235.6495      0.5000000    
           3        2005           4          16 fldcult             TILLAGE   0.1160157      0.0000000E+00   24.45582      0.0000000E+00   3.573177      5.9880246E-03   292.1007      0.5000000    
           4        2005           4          16 fldcult             TILLAGE   0.1160157      0.0000000E+00   24.45668      0.0000000E+00   3.572291      5.7155429E-03   292.6363      0.5000000    
           5        2005           4          16 fldcult             TILLAGE   0.1160157      0.0000000E+00   24.45573      0.0000000E+00   3.573558      6.0205716E-03   300.5457      0.5000000    
           6        2005           4          16 fldcult             TILLAGE   0.1160157      0.0000000E+00   24.45609      0.0000000E+00   3.573548      5.9118206E-03   309.2267      0.5000000    
           7        2005           4          16 fldcult             TILLAGE   0.1160157      0.0000000E+00   24.45694      0.0000000E+00   3.570592      5.5753626E-03   231.0073      0.5000000    
           8        2005           4          16 fldcult             TILLAGE   0.1160157      0.0000000E+00   24.45607      0.0000000E+00   3.577197      5.2932301E-03   252.5234      0.5000000    
           9        2005           4          16 fldcult             TILLAGE   0.1160157      0.0000000E+00   24.45508      0.0000000E+00   3.574896      6.1828909E-03   296.5738      0.5000000    
          10        2005           4          16 fldcult             TILLAGE   0.1160157      0.0000000E+00   24.45623      0.0000000E+00   3.575297      5.8682254E-03   289.5188      0.5000000    
          11        2005           4          16 fldcult             TILLAGE   0.1160157      0.0000000E+00   24.44973      0.0000000E+00   3.588864      6.5334560E-03   330.8672      0.5000000    
          12        2005           4          16 fldcult             TILLAGE   0.1160157      0.0000000E+00   24.45444      0.0000000E+00   3.577755      6.2989281E-03   295.7671      0.5000000    
           2        2005           4          28 corn                                        PLANT   0.1446506      0.0000000E+00   13.01364      0.0000000E+00   9.422235      5.8264835E-03   273.1984      0.0000000E+00   6.000000    
           1        2005           4          30 fldcult             TILLAGE   0.1486486      0.0000000E+00   7.284264      0.0000000E+00   1.700351      6.2276586E-03   235.7882      0.5000000    
           3        2005           4          30 fldcult             TILLAGE   0.1486486      0.0000000E+00   7.283438      0.0000000E+00   1.701116      6.5408964E-03   292.3288      0.5000000    
           4        2005           4          30 fldcult             TILLAGE   0.1486486      0.0000000E+00   7.284295      0.0000000E+00   1.700696      6.2372573E-03   292.8622      0.5000000    
           5        2005           4          30 fldcult             TILLAGE   0.1486486      0.0000000E+00   7.283322      0.0000000E+00   1.701299      6.5807132E-03   300.7852      0.5000000    
           6        2005           4          30 fldcult             TILLAGE   0.1486486      0.0000000E+00   7.283697      0.0000000E+00   1.701295      6.4598657E-03   309.4785      0.5000000    
           7        2005           4          30 fldcult             TILLAGE   0.1486486      0.0000000E+00   7.284576      0.0000000E+00   1.699885      6.0704038E-03   231.1394      0.5000000    
           8        2005           4          30 fldcult             TILLAGE   0.1486486      0.0000000E+00   7.283893      0.0000000E+00   1.703052      5.7154847E-03   252.6711      0.5000000    
           9        2005           4          30 fldcult             TILLAGE   0.1486486      0.0000000E+00   7.282688      0.0000000E+00   1.701937      6.7527746E-03   296.8043      0.5000000    
          10        2005           4          30 fldcult             TILLAGE   0.1486486      0.0000000E+00   7.283857      0.0000000E+00   1.702132      6.4066900E-03   289.7350      0.5000000    
          11        2005           4          30 fldcult             TILLAGE   0.1486486      0.0000000E+00   7.277181      0.0000000E+00   1.708626      7.1349894E-03   331.1148      0.5000000    
          12        2005           4          30 fldcult             TILLAGE   0.1486486      0.0000000E+00   7.282030      0.0000000E+00   1.703305      6.8785679E-03   295.9893      0.5000000    
           1        2005           5           6 corn                                        PLANT   0.1715870      0.0000000E+00  1.7085275E-02  0.0000000E+00   1.591210      6.2345243E-03   235.8352      0.0000000E+00   6.000000    
           3        2005           5           6 corn                                        PLANT   0.1715870      0.0000000E+00  1.7079895E-02  0.0000000E+00   1.591926      6.5477621E-03   292.4041      0.0000000E+00   6.000000    
           4        2005           5           6 corn                                        PLANT   0.1715870      0.0000000E+00  1.7085446E-02  0.0000000E+00   1.591533      6.2441230E-03   292.9368      0.0000000E+00   6.000000    
           5        2005           5           6 corn                                        PLANT   0.1715870      0.0000000E+00  1.7079134E-02  0.0000000E+00   1.592097      6.5875784E-03   300.8642      0.0000000E+00   6.000000    
           6        2005           5           6 corn                                        PLANT   0.1715870      0.0000000E+00  1.7081574E-02  0.0000000E+00   1.592093      6.4667314E-03   309.5615      0.0000000E+00   6.000000    
           7        2005           5           6 corn                                        PLANT   0.1715870      0.0000000E+00  1.7087296E-02  0.0000000E+00   1.590774      6.0772696E-03   231.1844      0.0000000E+00   6.000000    
           8        2005           5           6 corn                                        PLANT   0.1715870      0.0000000E+00  1.7082928E-02  0.0000000E+00   1.593738      5.7216389E-03   252.7216      0.0000000E+00   6.000000    
           9        2005           5           6 corn                                        PLANT   0.1715870      0.0000000E+00  1.7075010E-02  0.0000000E+00   1.592695      6.7596398E-03   296.8804      0.0000000E+00   6.000000    
          10        2005           5           6 corn                                        PLANT   0.1715870      0.0000000E+00  1.7082633E-02  0.0000000E+00   1.592877      6.4135566E-03   289.8068      0.0000000E+00   6.000000    
          11        2005           5           6 corn                                        PLANT   0.1715870      0.0000000E+00  1.7039271E-02  0.0000000E+00   1.598954      7.1397140E-03   331.1976      0.0000000E+00   6.000000    
          12        2005           5           6 corn                                        PLANT   0.1715870      0.0000000E+00  1.7070739E-02  0.0000000E+00   1.593974      6.8854340E-03   296.0630      0.0000000E+00   6.000000    
           2        2005           6           1 null                                        FERT   0.2723245      0.1812030       1.831163       12.08556       4.997397      1.6633854E-03   273.3625       210.6000      0.0000000E+00  0.0000000E+00  0.0000000E+00  0.0000000E+00  0.0000000E+00
           1        2005           6          17 null                                        FERT   0.3472951      0.2720429       3.641348       21.42883      0.7954862      1.6503320E-03   236.0973       119.5000      0.0000000E+00  0.0000000E+00  0.0000000E+00  0.0000000E+00  0.0000000E+00
           3        2005           6          17 null                                        FERT   0.3472951      0.2720429       3.641011       21.44161      0.7958371      1.6503320E-03   292.8128       119.5000      0.0000000E+00  0.0000000E+00  0.0000000E+00  0.0000000E+00  0.0000000E+00
           4        2005           6          17 null                                        FERT   0.3472951      0.2720429       3.641290       21.42951      0.7956312      1.6503320E-03   293.3433       119.5000      0.0000000E+00  0.0000000E+00  0.0000000E+00  0.0000000E+00  0.0000000E+00
           5        2005           6          17 null                                        FERT   0.3472951      0.2720429       3.640899       21.44321      0.7959160      1.6503320E-03   301.2922       119.5000      0.0000000E+00  0.0000000E+00  0.0000000E+00  0.0000000E+00  0.0000000E+00
           6        2005           6          17 null                                        FERT   0.3472951      0.2720429       3.641057       21.43912      0.7959033      1.6503320E-03   310.0104       119.5000      0.0000000E+00  0.0000000E+00  0.0000000E+00  0.0000000E+00  0.0000000E+00
           7        2005           6          17 null                                        FERT   0.3472951      0.2720429       3.641475       21.42233      0.7952732      1.6503320E-03   231.4354       119.5000      0.0000000E+00  0.0000000E+00  0.0000000E+00  0.0000000E+00  0.0000000E+00
           8        2005           6          17 null                                        FERT   0.3472951      0.2720429       3.641541       21.40493      0.7965041      1.6331659E-03   253.0039       119.5000      0.0000000E+00  0.0000000E+00  0.0000000E+00  0.0000000E+00  0.0000000E+00
           9        2005           6          17 null                                        FERT   0.3472951      0.2720429       3.640685       21.45155      0.7961959      1.6503320E-03   297.2945       119.5000      0.0000000E+00  0.0000000E+00  0.0000000E+00  0.0000000E+00  0.0000000E+00
          10        2005           6          17 null                                        FERT   0.3472951      0.2720429       3.641112       21.43818      0.7962357      1.6503320E-03   290.1985       119.5000      0.0000000E+00  0.0000000E+00  0.0000000E+00  0.0000000E+00  0.0000000E+00
          11        2005           6          17 null                                        FERT   0.3472951      0.2720429       3.638289       21.46005      0.7988875      1.6331659E-03   331.6551       119.5000      0.0000000E+00  0.0000000E+00  0.0000000E+00  0.0000000E+00  0.0000000E+00
          12        2005           6          17 null                                        FERT   0.3472951      0.2720429       3.640366       21.45831      0.7967614      1.6503320E-03   296.4656       119.5000      0.0000000E+00  0.0000000E+00  0.0000000E+00  0.0000000E+00  0.0000000E+00
           2        2005          10           7 corn                                        HARV/KILL   0.8757144      0.0000000E+00   4.522458       111.6296       40.70485      2.9774550E-03   273.8704       46.42221      0.0000000E+00  0.0000000E+00  0.0000000E+00  0.0000000E+00  0.0000000E+00
           2        2005          10           9 null                                        FERT   6.8612406E-03  0.0000000E+00   1.409922      0.0000000E+00   39.31883      2.9800974E-03   273.8586       142.7000      0.0000000E+00  0.0000000E+00  0.0000000E+00  0.0000000E+00  0.0000000E+00
           1        2005          11           4 corn                                        HARV/KILL   0.9432241      0.0000000E+00   1.348008       110.2624       37.68425      3.0672543E-03   236.3180       47.60859      0.0000000E+00  0.0000000E+00  0.0000000E+00  0.0000000E+00  0.0000000E+00
           3        2005          11           4 corn                                        HARV/KILL   0.9432241      0.0000000E+00   1.348012       110.2948       37.69808      3.1614050E-03   293.0164       47.61992      0.0000000E+00  0.0000000E+00  0.0000000E+00  0.0000000E+00  0.0000000E+00
           4        2005          11           4 corn                                        HARV/KILL   0.9432241      0.0000000E+00   1.348031       110.2637       37.68481      3.0725070E-03   293.5511       47.60905      0.0000000E+00  0.0000000E+00  0.0000000E+00  0.0000000E+00  0.0000000E+00
           5        2005          11           4 corn                                        HARV/KILL   0.9432241      0.0000000E+00   1.348019       110.2990       37.69986      3.1685478E-03   301.4961       47.62139      0.0000000E+00  0.0000000E+00  0.0000000E+00  0.0000000E+00  0.0000000E+00
           6        2005          11           4 corn                                        HARV/KILL   0.9432241      0.0000000E+00   1.348036       110.2868       37.69470      3.1376400E-03   310.2110       47.61712      0.0000000E+00  0.0000000E+00  0.0000000E+00  0.0000000E+00  0.0000000E+00
           7        2005          11           4 corn                                        HARV/KILL   0.9432241      0.0000000E+00   1.348004       110.2461       37.67729      3.0106094E-03   231.6547       47.60287      0.0000000E+00  0.0000000E+00  0.0000000E+00  0.0000000E+00  0.0000000E+00
           8        2005          11           4 corn                                        HARV/KILL   0.9432241      0.0000000E+00   1.348146       110.2044       37.65808      2.9199237E-03   253.2402       47.58952      0.0000000E+00  0.0000000E+00  0.0000000E+00  0.0000000E+00  0.0000000E+00
           9        2005          11           4 corn                                        HARV/KILL   0.9432241      0.0000000E+00   1.348038       110.3172       37.70771      3.2086780E-03   297.5005       47.62769      0.0000000E+00  0.0000000E+00  0.0000000E+00  0.0000000E+00  0.0000000E+00
          10        2005          11           4 corn                                        HARV/KILL   0.9432241      0.0000000E+00   1.348099       110.2824       37.69279      3.1211067E-03   290.4105       47.61555      0.0000000E+00  0.0000000E+00  0.0000000E+00  0.0000000E+00  0.0000000E+00
          11        2005          11           4 corn                                        HARV/KILL   0.9432241      0.0000000E+00   1.348100       110.3430       37.71745      3.2957995E-03   331.9118       47.63800      0.0000000E+00  0.0000000E+00  0.0000000E+00  0.0000000E+00  0.0000000E+00
          12        2005          11           4 corn                                        HARV/KILL   0.9432241      0.0000000E+00   1.348101       110.3312       37.71377      3.2368302E-03   296.6803       47.63261      0.0000000E+00  0.0000000E+00  0.0000000E+00  0.0000000E+00  0.0000000E+00
           1        2005          11          21 null                                        FERT   2.1461871E-02  0.0000000E+00   22.79125      0.0000000E+00   29.97908      3.6061804E-03   236.3035       167.9600      0.0000000E+00  0.0000000E+00  0.0000000E+00  0.0000000E+00  0.0000000E+00
           3        2005          11          21 null                                        FERT   2.1461871E-02  0.0000000E+00   22.79074      0.0000000E+00   29.99021      3.7249471E-03   293.0063       167.9600      0.0000000E+00  0.0000000E+00  0.0000000E+00  0.0000000E+00  0.0000000E+00
           4        2005          11          21 null                                        FERT   2.1461871E-02  0.0000000E+00   22.79125      0.0000000E+00   29.97982      3.6166089E-03   293.5405       167.9600      0.0000000E+00  0.0000000E+00  0.0000000E+00  0.0000000E+00  0.0000000E+00
           5        2005          11          21 null                                        FERT   2.1461871E-02  0.0000000E+00   22.79063      0.0000000E+00   29.99176      3.7365940E-03   301.4864       167.9600      0.0000000E+00  0.0000000E+00  0.0000000E+00  0.0000000E+00  0.0000000E+00
           6        2005          11          21 null                                        FERT   2.1461871E-02  0.0000000E+00   22.79088      0.0000000E+00   29.98783      3.6980938E-03   310.2018       167.9600      0.0000000E+00  0.0000000E+00  0.0000000E+00  0.0000000E+00  0.0000000E+00
           7        2005          11          21 null                                        FERT   2.1461871E-02  0.0000000E+00   22.79144      0.0000000E+00   29.97346      3.5315857E-03   231.6404       167.9600      0.0000000E+00  0.0000000E+00  0.0000000E+00  0.0000000E+00  0.0000000E+00
           8        2005          11          21 null                                        FERT   2.1461871E-02  0.0000000E+00   22.79128      0.0000000E+00   29.96276      3.3700073E-03   253.2251       167.9600      0.0000000E+00  0.0000000E+00  0.0000000E+00  0.0000000E+00  0.0000000E+00
           9        2005          11          21 null                                        FERT   2.1461871E-02  0.0000000E+00   22.79027      0.0000000E+00   29.99832      3.7823969E-03   297.4899       167.9600      0.0000000E+00  0.0000000E+00  0.0000000E+00  0.0000000E+00  0.0000000E+00
          10        2005          11          21 null                                        FERT   2.1461871E-02  0.0000000E+00   22.79101      0.0000000E+00   29.98733      3.6751062E-03   290.3993       167.9600      0.0000000E+00  0.0000000E+00  0.0000000E+00  0.0000000E+00  0.0000000E+00
          11        2005          11          21 null                                        FERT   2.1461871E-02  0.0000000E+00   22.78674      0.0000000E+00   30.01434      3.9123520E-03   331.8936       167.9600      0.0000000E+00  0.0000000E+00  0.0000000E+00  0.0000000E+00  0.0000000E+00
          12        2005          11          21 null                                        FERT   2.1461871E-02  0.0000000E+00   22.78986      0.0000000E+00   30.00445      3.8169592E-03   296.6688       167.9600      0.0000000E+00  0.0000000E+00  0.0000000E+00  0.0000000E+00  0.0000000E+00
           1        2006           3          31 fldcult             TILLAGE   5.6068629E-02  0.0000000E+00   22.24411      0.0000000E+00   7.737008      5.4949569E-03   236.6178      0.5000000    
           3        2006           3          31 fldcult             TILLAGE   5.6068629E-02  0.0000000E+00   22.56786      0.0000000E+00   7.740845      5.7623750E-03   293.3641      0.5000000    
           4        2006           3          31 fldcult             TILLAGE   5.6068629E-02  0.0000000E+00   22.34609      0.0000000E+00   7.738169      5.5114347E-03   293.9007      0.5000000    
           5        2006           3          31 fldcult             TILLAGE   5.6068629E-02  0.0000000E+00   22.63902      0.0000000E+00   7.741673      5.7750088E-03   301.8515      0.5000000    
           6        2006           3          31 fldcult             TILLAGE   5.6068629E-02  0.0000000E+00   22.56898      0.0000000E+00   7.741025      5.6985035E-03   310.5713      0.5000000    
           7        2006           3          31 fldcult             TILLAGE   5.6068629E-02  0.0000000E+00   22.01961      0.0000000E+00   7.734967      5.3292820E-03   231.9493      0.5000000    
           8        2006           3          31 fldcult             TILLAGE   5.6068629E-02  0.0000000E+00   21.02238      0.0000000E+00   7.742077      5.0399578E-03   253.5299      0.5000000    
           9        2006           3          31 fldcult             TILLAGE   5.6068629E-02  0.0000000E+00   22.74369      0.0000000E+00   7.744454      5.8893068E-03   297.8490      0.5000000    
          10        2006           3          31 fldcult             TILLAGE   5.6068629E-02  0.0000000E+00   22.61103      0.0000000E+00   7.743736      5.6450642E-03   290.7484      0.5000000    
          11        2006           3          31 fldcult             TILLAGE   5.6068629E-02  0.0000000E+00   23.08322      0.0000000E+00   7.769498      6.1698337E-03   332.2437      0.5000000    
          12        2006           3          31 fldcult             TILLAGE   5.6068629E-02  0.0000000E+00   22.91998      0.0000000E+00   7.749852      5.9731365E-03   297.0209      0.5000000    
           1        2006           4          16 null                                        FERT   0.1000928      0.0000000E+00   23.75034      0.0000000E+00   6.170496      6.4611370E-03   236.7853       38.30000      0.0000000E+00  0.0000000E+00  0.0000000E+00  0.0000000E+00  0.0000000E+00
           3        2006           4          16 null                                        FERT   0.1000928      0.0000000E+00   24.07299      0.0000000E+00   6.173592      6.8026553E-03   293.6333       38.30000      0.0000000E+00  0.0000000E+00  0.0000000E+00  0.0000000E+00  0.0000000E+00
           4        2006           4          16 null                                        FERT   0.1000928      0.0000000E+00   23.85237      0.0000000E+00   6.171443      6.4625842E-03   294.1672       38.30000      0.0000000E+00  0.0000000E+00  0.0000000E+00  0.0000000E+00  0.0000000E+00
           5        2006           4          16 null                                        FERT   0.1000928      0.0000000E+00   24.14409      0.0000000E+00   6.174263      6.7975153E-03   302.1339       38.30000      0.0000000E+00  0.0000000E+00  0.0000000E+00  0.0000000E+00  0.0000000E+00
           6        2006           4          16 null                                        FERT   0.1000928      0.0000000E+00   24.07441      0.0000000E+00   6.173748      6.7006187E-03   310.8678       38.30000      0.0000000E+00  0.0000000E+00  0.0000000E+00  0.0000000E+00  0.0000000E+00
           7        2006           4          16 null                                        FERT   0.1000928      0.0000000E+00   23.52627      0.0000000E+00   6.168841      6.2528057E-03   232.1092       38.30000      0.0000000E+00  0.0000000E+00  0.0000000E+00  0.0000000E+00  0.0000000E+00
           8        2006           4          16 null                                        FERT   0.1000928      0.0000000E+00   22.52665      0.0000000E+00   6.174598      6.0031945E-03   253.7086       38.30000      0.0000000E+00  0.0000000E+00  0.0000000E+00  0.0000000E+00  0.0000000E+00
           9        2006           4          16 null                                        FERT   0.1000928      0.0000000E+00   24.24765      0.0000000E+00   6.176506      6.9705122E-03   298.1217       38.30000      0.0000000E+00  0.0000000E+00  0.0000000E+00  0.0000000E+00  0.0000000E+00
          10        2006           4          16 null                                        FERT   0.1000928      0.0000000E+00   24.11656      0.0000000E+00   6.175954      6.6496297E-03   291.0049       38.30000      0.0000000E+00  0.0000000E+00  0.0000000E+00  0.0000000E+00  0.0000000E+00
          11        2006           4          16 null                                        FERT   0.1000928      0.0000000E+00   24.57922      0.0000000E+00   6.196956      7.3773279E-03   332.5419       38.30000      0.0000000E+00  0.0000000E+00  0.0000000E+00  0.0000000E+00  0.0000000E+00
          12        2006           4          16 null                                        FERT   0.1000928      0.0000000E+00   24.42294      0.0000000E+00   6.180885      7.0796791E-03   297.2853       38.30000      0.0000000E+00  0.0000000E+00  0.0000000E+00  0.0000000E+00  0.0000000E+00
           2        2006           5           2 null                                        FERT   0.1321177      0.0000000E+00   74.07805      0.0000000E+00   5.584759      8.4340684E-03   274.4065       40.00000      0.0000000E+00  0.0000000E+00  0.0000000E+00  0.0000000E+00  0.0000000E+00
           2        2006           5           3 corn                                        PLANT   0.1352560      0.0000000E+00   70.88742      0.0000000E+00   5.497673      8.4414929E-03   274.4176      0.0000000E+00   6.000000    
           1        2006           5           5 corn                                        PLANT   0.1446458      0.0000000E+00   59.56177      0.0000000E+00   4.560478      7.9722684E-03   236.8892      0.0000000E+00   6.000000    
           3        2006           5           5 corn                                        PLANT   0.1446458      0.0000000E+00   59.84007      0.0000000E+00   4.562812      8.4047047E-03   293.7838      0.0000000E+00   6.000000    
           4        2006           5           5 corn                                        PLANT   0.1446458      0.0000000E+00   59.65037      0.0000000E+00   4.561216      7.9427138E-03   294.3173      0.0000000E+00   6.000000    
           5        2006           5           5 corn                                        PLANT   0.1446458      0.0000000E+00   59.90142      0.0000000E+00   4.563325      8.3840052E-03   302.2908      0.0000000E+00   6.000000    
           6        2006           5           5 corn                                        PLANT   0.1446458      0.0000000E+00   59.84165      0.0000000E+00   4.562957      8.2689589E-03   311.0318      0.0000000E+00   6.000000    
           7        2006           5           5 corn                                        PLANT   0.1446458      0.0000000E+00   59.36727      0.0000000E+00   4.559224      7.7169291E-03   232.2100      0.0000000E+00   6.000000    
           8        2006           5           5 corn                                        PLANT   0.1446458      0.0000000E+00   58.48732      0.0000000E+00   4.563840      7.5225155E-03   253.8209      0.0000000E+00   6.000000    
           9        2006           5           5 corn                                        PLANT   0.1446458      0.0000000E+00   59.98929      0.0000000E+00   4.565025      8.6458717E-03   298.2747      0.0000000E+00   6.000000    
          10        2006           5           5 corn                                        PLANT   0.1446458      0.0000000E+00   59.87842      0.0000000E+00   4.564697      8.2253609E-03   291.1509      0.0000000E+00   6.000000    
          11        2006           5           5 corn                                        PLANT   0.1446458      0.0000000E+00   60.26180      0.0000000E+00   4.581043      9.2175016E-03   332.7121      0.0000000E+00   6.000000    
          12        2006           5           5 corn                                        PLANT   0.1446458      0.0000000E+00   60.13895      0.0000000E+00   4.568419      8.7997466E-03   297.4352      0.0000000E+00   6.000000    
           2        2006           6           6 null                                        FERT   0.2748821      0.2094036      4.6779096E-02   14.62022       2.878501      1.6475306E-03   274.5225       196.0000      0.0000000E+00  0.0000000E+00  0.0000000E+00  0.0000000E+00  0.0000000E+00
           1        2006           6          11 null                                        FERT   0.2978411      0.2416848      0.5773128       18.32726       2.227636      1.6655312E-03   236.9301       123.2000      0.0000000E+00  0.0000000E+00  0.0000000E+00  0.0000000E+00  0.0000000E+00
           3        2006           6          11 null                                        FERT   0.2978411      0.2416848      0.5776457       18.35303       2.228711      1.6655312E-03   293.8232       123.2000      0.0000000E+00  0.0000000E+00  0.0000000E+00  0.0000000E+00  0.0000000E+00
           4        2006           6          11 null                                        FERT   0.2978411      0.2416848      0.5774215       18.32944       2.227912      1.6655312E-03   294.3580       123.2000      0.0000000E+00  0.0000000E+00  0.0000000E+00  0.0000000E+00  0.0000000E+00
           5        2006           6          11 null                                        FERT   0.2978411      0.2416848      0.5777158       18.35410       2.228927      1.6655312E-03   302.3307       123.2000      0.0000000E+00  0.0000000E+00  0.0000000E+00  0.0000000E+00  0.0000000E+00
           6        2006           6          11 null                                        FERT   0.2978411      0.2416848      0.5776476       18.34846       2.228707      1.6655312E-03   311.0728       123.2000      0.0000000E+00  0.0000000E+00  0.0000000E+00  0.0000000E+00  0.0000000E+00
           7        2006           6          11 null                                        FERT   0.2978411      0.2416848      0.5770649       18.31097       2.227067      1.6655312E-03   232.2512       123.2000      0.0000000E+00  0.0000000E+00  0.0000000E+00  0.0000000E+00  0.0000000E+00
           8        2006           6          11 null                                        FERT   0.2978411      0.2416848      0.5757613       18.27799       2.228312      1.6325102E-03   253.8730       123.2000      0.0000000E+00  0.0000000E+00  0.0000000E+00  0.0000000E+00  0.0000000E+00
           9        2006           6          11 null                                        FERT   0.2978411      0.2416848      0.5778143       18.36846       2.229665      1.6655312E-03   298.3161       123.2000      0.0000000E+00  0.0000000E+00  0.0000000E+00  0.0000000E+00  0.0000000E+00
          10        2006           6          11 null                                        FERT   0.2978411      0.2416848      0.5776896       18.34727       2.229291      1.6655312E-03   291.1945       123.2000      0.0000000E+00  0.0000000E+00  0.0000000E+00  0.0000000E+00  0.0000000E+00
          11        2006           6          11 null                                        FERT   0.2978411      0.2416848      0.5780984       18.40100       2.235523      1.6320930E-03   332.7777       123.2000      0.0000000E+00  0.0000000E+00  0.0000000E+00  0.0000000E+00  0.0000000E+00
          12        2006           6          11 null                                        FERT   0.2978411      0.2416848      0.5779771       18.37929       2.230976      1.6655312E-03   297.4798       123.2000      0.0000000E+00  0.0000000E+00  0.0000000E+00  0.0000000E+00  0.0000000E+00
           1        2006          11           5 corn                                        HARV/KILL   0.9337579      0.0000000E+00   39.34417       112.2960       39.40673      4.5521846E-03   237.5441       47.58082      0.0000000E+00  0.0000000E+00  0.0000000E+00  0.0000000E+00  0.0000000E+00
           3        2006          11           5 corn                                        HARV/KILL   0.9337579      0.0000000E+00   39.39679       112.3597       39.43592      4.7529526E-03   294.5878       47.60053      0.0000000E+00  0.0000000E+00  0.0000000E+00  0.0000000E+00  0.0000000E+00
           4        2006          11           5 corn                                        HARV/KILL   0.9337579      0.0000000E+00   39.46443       112.2994       39.40874      4.5777010E-03   295.1247       47.58149      0.0000000E+00  0.0000000E+00  0.0000000E+00  0.0000000E+00  0.0000000E+00
           5        2006          11           5 corn                                        HARV/KILL   0.9337579      0.0000000E+00   39.44178       112.3617       39.43716      4.7883778E-03   303.1190       47.60094      0.0000000E+00  0.0000000E+00  0.0000000E+00  0.0000000E+00  0.0000000E+00
           6        2006          11           5 corn                                        HARV/KILL   0.9337579      0.0000000E+00   39.51701       112.3461       39.43005      4.7223894E-03   311.8737       47.59601      0.0000000E+00  0.0000000E+00  0.0000000E+00  0.0000000E+00  0.0000000E+00
           7        2006          11           5 corn                                        HARV/KILL   0.9337579      0.0000000E+00   39.30879       112.2555       39.38796      4.4449228E-03   232.8449       47.56843      0.0000000E+00  0.0000000E+00  0.0000000E+00  0.0000000E+00  0.0000000E+00
           8        2006          11           5 corn                                        HARV/KILL   0.9337579      0.0000000E+00   40.05980       112.1549       39.33806      4.2403010E-03   254.5166       47.54067      0.0000000E+00  0.0000000E+00  0.0000000E+00  0.0000000E+00  0.0000000E+00
           9        2006          11           5 corn                                        HARV/KILL   0.9337579      0.0000000E+00   39.56770       112.3945       39.45190      4.8628822E-03   299.0868       47.61127      0.0000000E+00  0.0000000E+00  0.0000000E+00  0.0000000E+00  0.0000000E+00
          10        2006          11           5 corn                                        HARV/KILL   0.9337579      0.0000000E+00   39.84647       112.3444       39.42943      4.6781800E-03   291.9452       47.59529      0.0000000E+00  0.0000000E+00  0.0000000E+00  0.0000000E+00  0.0000000E+00
          11        2006          11           5 corn                                        HARV/KILL   0.9337579      0.0000000E+00   40.12499       112.4558       39.47984      5.1585729E-03   333.6648       47.63019      0.0000000E+00  0.0000000E+00  0.0000000E+00  0.0000000E+00  0.0000000E+00
          12        2006          11           5 corn                                        HARV/KILL   0.9337579      0.0000000E+00   39.94048       112.4202       39.46381      4.9336683E-03   298.2513       47.61905      0.0000000E+00  0.0000000E+00  0.0000000E+00  0.0000000E+00  0.0000000E+00
           1        2006          11          10 fldcult             TILLAGE   5.4895729E-03  0.0000000E+00   31.37341      0.0000000E+00   21.13221      4.5730495E-03   237.5173      0.5000000    
           2        2006          11          10 corn                                        HARV/KILL   0.9392475      0.0000000E+00   31.63049       110.3601       39.15771      4.6664537E-03   275.3463       46.09333      0.0000000E+00  0.0000000E+00  0.0000000E+00  0.0000000E+00  0.0000000E+00
           3        2006          11          10 fldcult             TILLAGE   5.4895729E-03  0.0000000E+00   31.42642      0.0000000E+00   21.14793      4.7738096E-03   294.5536      0.5000000    
           4        2006          11          10 fldcult             TILLAGE   5.4895729E-03  0.0000000E+00   31.49376      0.0000000E+00   21.13342      4.5985747E-03   295.0905      0.5000000    
           5        2006          11          10 fldcult             TILLAGE   5.4895729E-03  0.0000000E+00   31.47149      0.0000000E+00   21.14865      4.8092389E-03   303.0838      0.5000000    
           6        2006          11          10 fldcult             TILLAGE   5.4895729E-03  0.0000000E+00   31.54661      0.0000000E+00   21.14492      4.7432589E-03   311.8375      0.5000000    
           7        2006          11          10 fldcult             TILLAGE   5.4895729E-03  0.0000000E+00   31.33779      0.0000000E+00   21.12210      4.4657984E-03   232.8190      0.5000000    
           8        2006          11          10 fldcult             TILLAGE   5.4895729E-03  0.0000000E+00   32.08775      0.0000000E+00   21.09718      4.2604757E-03   254.4865      0.5000000    
           9        2006          11          10 fldcult             TILLAGE   5.4895729E-03  0.0000000E+00   31.59757      0.0000000E+00   21.15670      4.8837550E-03   299.0520      0.5000000    
          10        2006          11          10 fldcult             TILLAGE   5.4895729E-03  0.0000000E+00   31.87607      0.0000000E+00   21.14505      4.6990747E-03   291.9111      0.5000000    
          11        2006          11          10 fldcult             TILLAGE   5.4895729E-03  0.0000000E+00   32.15596      0.0000000E+00   21.17457      5.1786462E-03   333.6220      0.5000000    
          12        2006          11          10 fldcult             TILLAGE   5.4895729E-03  0.0000000E+00   31.97059      0.0000000E+00   21.16367      4.9545653E-03   298.2163      0.5000000    
           2        2006          11          11 null                                        FERT   1.0821632E-04  0.0000000E+00   33.25566      0.0000000E+00   38.63325      4.6820831E-03   275.3357       16.80000      0.0000000E+00  0.0000000E+00  0.0000000E+00  0.0000000E+00  0.0000000E+00
           2        2006          11          11 null                                        FERT   1.0821632E-04  0.0000000E+00   33.25566      0.0000000E+00   38.63325      4.6820831E-03   275.3357       34.30000      0.0000000E+00  0.0000000E+00  0.0000000E+00  0.0000000E+00  0.0000000E+00
           1        2006          12           2 null                                        FERT   3.3191320E-02  0.0000000E+00   35.68900      0.0000000E+00   15.96319      5.1209703E-03   237.6080       142.7000      0.0000000E+00  0.0000000E+00  0.0000000E+00  0.0000000E+00  0.0000000E+00
           3        2006          12           2 null                                        FERT   3.3191320E-02  0.0000000E+00   35.74196      0.0000000E+00   15.97529      5.3525805E-03   294.6796       142.7000      0.0000000E+00  0.0000000E+00  0.0000000E+00  0.0000000E+00  0.0000000E+00
           4        2006          12           2 null                                        FERT   3.3191320E-02  0.0000000E+00   35.80928      0.0000000E+00   15.96460      5.1503284E-03   295.2195       142.7000      0.0000000E+00  0.0000000E+00  0.0000000E+00  0.0000000E+00  0.0000000E+00
           5        2006          12           2 null                                        FERT   3.3191320E-02  0.0000000E+00   35.78700      0.0000000E+00   15.97602      5.3929915E-03   303.2174       142.7000      0.0000000E+00  0.0000000E+00  0.0000000E+00  0.0000000E+00  0.0000000E+00
           6        2006          12           2 null                                        FERT   3.3191320E-02  0.0000000E+00   35.86209      0.0000000E+00   15.97351      5.3165890E-03   311.9778       142.7000      0.0000000E+00  0.0000000E+00  0.0000000E+00  0.0000000E+00  0.0000000E+00
           7        2006          12           2 null                                        FERT   3.3191320E-02  0.0000000E+00   35.65347      0.0000000E+00   15.95541      4.9940222E-03   232.9081       142.7000      0.0000000E+00  0.0000000E+00  0.0000000E+00  0.0000000E+00  0.0000000E+00
           8        2006          12           2 null                                        FERT   3.3191320E-02  0.0000000E+00   36.40442      0.0000000E+00   15.94295      4.7335420E-03   254.5836       142.7000      0.0000000E+00  0.0000000E+00  0.0000000E+00  0.0000000E+00  0.0000000E+00
           9        2006          12           2 null                                        FERT   3.3191320E-02  0.0000000E+00   35.91314      0.0000000E+00   15.98263      5.4777726E-03   299.1831       142.7000      0.0000000E+00  0.0000000E+00  0.0000000E+00  0.0000000E+00  0.0000000E+00
          10        2006          12           2 null                                        FERT   3.3191320E-02  0.0000000E+00   36.19152      0.0000000E+00   15.97522      5.2651116E-03   292.0359       142.7000      0.0000000E+00  0.0000000E+00  0.0000000E+00  0.0000000E+00  0.0000000E+00
          11        2006          12           2 null                                        FERT   3.3191320E-02  0.0000000E+00   36.47232      0.0000000E+00   16.00631      5.8275987E-03   333.7535       142.7000      0.0000000E+00  0.0000000E+00  0.0000000E+00  0.0000000E+00  0.0000000E+00
          12        2006          12           2 null                                        FERT   3.3191320E-02  0.0000000E+00   36.28618      0.0000000E+00   15.98991      5.5575822E-03   298.3425       142.7000      0.0000000E+00  0.0000000E+00  0.0000000E+00  0.0000000E+00  0.0000000E+00
           1        2007           4           1 fldcult             TILLAGE   6.4088732E-02  0.0000000E+00   73.90215      0.0000000E+00   4.404189      7.1297744E-03   237.8583      0.5000000    
           3        2007           4           1 fldcult             TILLAGE   6.4088732E-02  0.0000000E+00   74.07047      0.0000000E+00   4.407802      7.4281683E-03   294.9289      0.5000000    
           4        2007           4           1 fldcult             TILLAGE   6.4088732E-02  0.0000000E+00   74.12244      0.0000000E+00   4.405108      7.1337749E-03   295.4669      0.5000000    
           5        2007           4           1 fldcult             TILLAGE   6.4088732E-02  0.0000000E+00   74.19635      0.0000000E+00   4.408224      7.4609150E-03   303.4661      0.5000000    
           6        2007           4           1 fldcult             TILLAGE   6.4088732E-02  0.0000000E+00   74.31453      0.0000000E+00   4.407859      7.3646228E-03   312.2196      0.5000000    
           7        2007           4           1 fldcult             TILLAGE   6.4088732E-02  0.0000000E+00   73.80458      0.0000000E+00   4.401863      6.9820681E-03   233.1532      0.5000000    
           8        2007           4           1 fldcult             TILLAGE   6.4088732E-02  0.0000000E+00   75.50928      0.0000000E+00   4.405116      6.6839075E-03   254.8087      0.5000000    
           9        2007           4           1 fldcult             TILLAGE   6.4088732E-02  0.0000000E+00   74.50407      0.0000000E+00   4.410688      7.6155220E-03   299.4324      0.5000000    
          10        2007           4           1 fldcult             TILLAGE   6.4088732E-02  0.0000000E+00   75.01778      0.0000000E+00   4.410097      7.3165004E-03   292.2747      0.5000000    
          11        2007           4           1 fldcult             TILLAGE   6.4088732E-02  0.0000000E+00   75.87342      0.0000000E+00   4.427358      8.0832271E-03   333.9828      0.5000000    
          12        2007           4           1 fldcult             TILLAGE   6.4088732E-02  0.0000000E+00   75.39532      0.0000000E+00   4.414941      7.7398797E-03   298.5913      0.5000000    
           2        2007           4          25 null                                        FERT   0.1250171      0.0000000E+00   57.41329      0.0000000E+00   9.517437      8.6397268E-03   275.8491       40.00000      0.0000000E+00  0.0000000E+00  0.0000000E+00  0.0000000E+00  0.0000000E+00
           2        2007           4          25 corn                                        PLANT   0.1250171      0.0000000E+00   57.41329      0.0000000E+00   9.517437      8.6397268E-03   275.8491      0.0000000E+00   6.000000    
           1        2007           4          28 corn                                        PLANT   0.1324165      0.0000000E+00   136.6856      0.0000000E+00   2.966465      9.6425768E-03   238.1299      0.0000000E+00   6.000000    
           3        2007           4          28 corn                                        PLANT   0.1324165      0.0000000E+00   136.9424      0.0000000E+00   2.968900      1.0035560E-02   295.3278      0.0000000E+00   6.000000    
           4        2007           4          28 corn                                        PLANT   0.1324165      0.0000000E+00   137.1057      0.0000000E+00   2.967089      9.6487524E-03   295.8648      0.0000000E+00   6.000000    
           5        2007           4          28 corn                                        PLANT   0.1324165      0.0000000E+00   137.1425      0.0000000E+00   2.969185      1.0076981E-02   303.8825      0.0000000E+00   6.000000    
           6        2007           4          28 corn                                        PLANT   0.1324165      0.0000000E+00   137.3860      0.0000000E+00   2.968942      9.9567464E-03   312.6545      0.0000000E+00   6.000000    
           7        2007           4          28 corn                                        PLANT   0.1324165      0.0000000E+00   136.5293      0.0000000E+00   2.964899      9.4322925E-03   233.4142      0.0000000E+00   6.000000    
           8        2007           4          28 corn                                        PLANT   0.1324165      0.0000000E+00   139.5178      0.0000000E+00   2.967122      9.0644751E-03   255.1056      0.0000000E+00   6.000000    
           9        2007           4          28 corn                                        PLANT   0.1324165      0.0000000E+00   137.6632      0.0000000E+00   2.970848      1.0279149E-02   299.8368      0.0000000E+00   6.000000    
          10        2007           4          28 corn                                        PLANT   0.1324165      0.0000000E+00   138.6521      0.0000000E+00   2.970457      9.8968353E-03   292.6631      0.0000000E+00   6.000000    
          11        2007           4          28 corn                                        PLANT   0.1324165      0.0000000E+00   140.0391      0.0000000E+00   2.982129      1.0915417E-02   334.4447      0.0000000E+00   6.000000    
          12        2007           4          28 corn                                        PLANT   0.1324165      0.0000000E+00   139.2018      0.0000000E+00   2.973724      1.0438152E-02   298.9897      0.0000000E+00   6.000000    
           1        2007           6           1 null                                        FERT   0.2596451      0.1786555       111.7425       14.53005       1.562212      1.6958700E-03   238.4116       181.4000      0.0000000E+00  0.0000000E+00  0.0000000E+00  0.0000000E+00  0.0000000E+00
           3        2007           6           1 null                                        FERT   0.2596451      0.1786555       112.0610       14.58344       1.563474      1.6958700E-03   295.6769       181.4000      0.0000000E+00  0.0000000E+00  0.0000000E+00  0.0000000E+00  0.0000000E+00
           4        2007           6           1 null                                        FERT   0.2596451      0.1786555       112.3031       14.58292       1.562499      1.6958700E-03   296.2168       181.4000      0.0000000E+00  0.0000000E+00  0.0000000E+00  0.0000000E+00  0.0000000E+00
           5        2007           6           1 null                                        FERT   0.2596451      0.1786555       112.3133       14.61066       1.563607      1.6958700E-03   304.2422       181.4000      0.0000000E+00  0.0000000E+00  0.0000000E+00  0.0000000E+00  0.0000000E+00
           6        2007           6           1 null                                        FERT   0.2596451      0.1786555       112.6462       14.62897       1.563455      1.6958700E-03   313.0250       181.4000      0.0000000E+00  0.0000000E+00  0.0000000E+00  0.0000000E+00  0.0000000E+00
           7        2007           6           1 null                                        FERT   0.2596451      0.1786555       111.5456       14.50173       1.561401      1.6958700E-03   233.6901       181.4000      0.0000000E+00  0.0000000E+00  0.0000000E+00  0.0000000E+00  0.0000000E+00
           8        2007           6           1 null                                        FERT   0.2596451      0.1786555       115.4957       14.56760       1.562102      1.6630278E-03   255.4172       181.4000      0.0000000E+00  0.0000000E+00  0.0000000E+00  0.0000000E+00  0.0000000E+00
           9        2007           6           1 null                                        FERT   0.2596451      0.1786555       112.9867       14.67729       1.564437      1.6958700E-03   300.1913       181.4000      0.0000000E+00  0.0000000E+00  0.0000000E+00  0.0000000E+00  0.0000000E+00
          10        2007           6           1 null                                        FERT   0.2596451      0.1786555       114.3288       14.65271       1.564121      1.6958700E-03   293.0116       181.4000      0.0000000E+00  0.0000000E+00  0.0000000E+00  0.0000000E+00  0.0000000E+00
          11        2007           6           1 null                                        FERT   0.2596451      0.1786555       116.1636       14.97794       1.569764      1.6617165E-03   334.8683       181.4000      0.0000000E+00  0.0000000E+00  0.0000000E+00  0.0000000E+00  0.0000000E+00
          12        2007           6           1 null                                        FERT   0.2596451      0.1786555       115.0153       14.77096       1.565792      1.6958104E-03   299.3455       181.4000      0.0000000E+00  0.0000000E+00  0.0000000E+00  0.0000000E+00  0.0000000E+00
           2        2007           6           4 null                                        FERT   0.2727594      0.2053585       112.5870       14.27148       4.497567      1.6487823E-03   276.3143       194.9000      0.0000000E+00  0.0000000E+00  0.0000000E+00  0.0000000E+00  0.0000000E+00
           1        2007          10           7 corn                                        HARV/KILL   0.8736891      0.0000000E+00   84.50877       115.6061       42.05590      2.9236288E-03   238.7569       47.56346      0.0000000E+00  0.0000000E+00  0.0000000E+00  0.0000000E+00  0.0000000E+00
           3        2007          10           7 corn                                        HARV/KILL   0.8736891      0.0000000E+00   84.65016       115.6536       42.07624      3.0313449E-03   296.0772       47.57997      0.0000000E+00  0.0000000E+00  0.0000000E+00  0.0000000E+00  0.0000000E+00
           4        2007          10           7 corn                                        HARV/KILL   0.8736891      0.0000000E+00   84.81879       115.6180       42.06096      2.9450124E-03   296.6163       47.56768      0.0000000E+00  0.0000000E+00  0.0000000E+00  0.0000000E+00  0.0000000E+00
           5        2007          10           7 corn                                        HARV/KILL   0.8736891      0.0000000E+00   84.76627       115.6632       42.08034      3.0545543E-03   304.6530       47.58326      0.0000000E+00  0.0000000E+00  0.0000000E+00  0.0000000E+00  0.0000000E+00
           6        2007          10           7 corn                                        HARV/KILL   0.8736891      0.0000000E+00   84.95528       115.6561       42.07721      3.0171999E-03   313.4220       47.58092      0.0000000E+00  0.0000000E+00  0.0000000E+00  0.0000000E+00  0.0000000E+00
           7        2007          10           7 corn                                        HARV/KILL   0.8736891      0.0000000E+00   84.41396       115.5803       42.04482      2.8646514E-03   234.0152       47.55437      0.0000000E+00  0.0000000E+00  0.0000000E+00  0.0000000E+00  0.0000000E+00
           8        2007          10           7 corn                                        HARV/KILL   0.8736891      0.0000000E+00   86.22742       115.5817       42.04062      2.6989942E-03   255.7564       47.55989      0.0000000E+00  0.0000000E+00  0.0000000E+00  0.0000000E+00  0.0000000E+00
           9        2007          10           7 corn                                        HARV/KILL   0.8736891      0.0000000E+00   85.08679       115.6956       42.09423      3.0866640E-03   300.5830       47.59449      0.0000000E+00  0.0000000E+00  0.0000000E+00  0.0000000E+00  0.0000000E+00
          10        2007          10           7 corn                                        HARV/KILL   0.8736891      0.0000000E+00   85.75698       115.6686       42.08058      2.9901250E-03   293.3965       47.58731      0.0000000E+00  0.0000000E+00  0.0000000E+00  0.0000000E+00  0.0000000E+00
          11        2007          10           7 corn                                        HARV/KILL   0.8736891      0.0000000E+00   86.37698       115.7988       42.14164      3.2128815E-03   335.3456       47.62924      0.0000000E+00  0.0000000E+00  0.0000000E+00  0.0000000E+00  0.0000000E+00
          12        2007          10           7 corn                                        HARV/KILL   0.8736891      0.0000000E+00   85.97643       115.7380       42.11129      3.1212633E-03   299.7450       47.61041      0.0000000E+00  0.0000000E+00  0.0000000E+00  0.0000000E+00  0.0000000E+00
           1        2007          10           9 null                                        FERT   3.1133406E-03  0.0000000E+00   111.0942      0.0000000E+00   40.66973      3.2888337E-03   238.7527       142.7000      0.0000000E+00  0.0000000E+00  0.0000000E+00  0.0000000E+00  0.0000000E+00
           3        2007          10           9 null                                        FERT   3.1133406E-03  0.0000000E+00   111.2366      0.0000000E+00   40.68940      3.4049910E-03   296.0782       142.7000      0.0000000E+00  0.0000000E+00  0.0000000E+00  0.0000000E+00  0.0000000E+00
           4        2007          10           9 null                                        FERT   3.1133406E-03  0.0000000E+00   111.4075      0.0000000E+00   40.67461      3.2910644E-03   296.6170       142.7000      0.0000000E+00  0.0000000E+00  0.0000000E+00  0.0000000E+00  0.0000000E+00
           5        2007          10           9 null                                        FERT   3.1133406E-03  0.0000000E+00   111.3538      0.0000000E+00   40.69336      3.4182665E-03   304.6544       142.7000      0.0000000E+00  0.0000000E+00  0.0000000E+00  0.0000000E+00  0.0000000E+00
           6        2007          10           9 null                                        FERT   3.1133406E-03  0.0000000E+00   111.5440      0.0000000E+00   40.69032      3.3794693E-03   313.4244       142.7000      0.0000000E+00  0.0000000E+00  0.0000000E+00  0.0000000E+00  0.0000000E+00
           7        2007          10           9 null                                        FERT   3.1133406E-03  0.0000000E+00   110.9983      0.0000000E+00   40.65903      3.2241889E-03   234.0109       142.7000      0.0000000E+00  0.0000000E+00  0.0000000E+00  0.0000000E+00  0.0000000E+00
           8        2007          10           9 null                                        FERT   3.1133406E-03  0.0000000E+00   112.8155      0.0000000E+00   40.65483      3.1434603E-03   255.7520       142.7000      0.0000000E+00  0.0000000E+00  0.0000000E+00  0.0000000E+00  0.0000000E+00
           9        2007          10           9 null                                        FERT   3.1133406E-03  0.0000000E+00   111.6746      0.0000000E+00   40.70678      3.4650597E-03   300.5841       142.7000      0.0000000E+00  0.0000000E+00  0.0000000E+00  0.0000000E+00  0.0000000E+00
          10        2007          10           9 null                                        FERT   3.1133406E-03  0.0000000E+00   112.3459      0.0000000E+00   40.69355      3.3587657E-03   293.3966       142.7000      0.0000000E+00  0.0000000E+00  0.0000000E+00  0.0000000E+00  0.0000000E+00
          11        2007          10           9 null                                        FERT   3.1133406E-03  0.0000000E+00   112.9594      0.0000000E+00   40.75244      3.6235061E-03   335.3436       142.7000      0.0000000E+00  0.0000000E+00  0.0000000E+00  0.0000000E+00  0.0000000E+00
          12        2007          10           9 null                                        FERT   3.1133406E-03  0.0000000E+00   112.5636      0.0000000E+00   40.72323      3.5027268E-03   299.7451       142.7000      0.0000000E+00  0.0000000E+00  0.0000000E+00  0.0000000E+00  0.0000000E+00
           1        2007          10          11 fldcult             TILLAGE   1.0753106E-02  0.0000000E+00   103.6681      0.0000000E+00   22.70531      3.3019425E-03   238.7529      0.5000000    
           3        2007          10          11 fldcult             TILLAGE   1.0753106E-02  0.0000000E+00   103.8105      0.0000000E+00   22.71629      3.4181117E-03   296.0854      0.5000000    
           4        2007          10          11 fldcult             TILLAGE   1.0753106E-02  0.0000000E+00   103.9813      0.0000000E+00   22.70804      3.3041993E-03   296.6239      0.5000000    
           5        2007          10          11 fldcult             TILLAGE   1.0753106E-02  0.0000000E+00   103.9276      0.0000000E+00   22.71850      3.4313975E-03   304.6625      0.5000000    
           6        2007          10          11 fldcult             TILLAGE   1.0753106E-02  0.0000000E+00   104.1179      0.0000000E+00   22.71681      3.3926156E-03   313.4335      0.5000000    
           7        2007          10          11 fldcult             TILLAGE   1.0753106E-02  0.0000000E+00   103.5721      0.0000000E+00   22.69933      3.2372901E-03   234.0108      0.5000000    
           8        2007          10          11 fldcult             TILLAGE   1.0753106E-02  0.0000000E+00   105.3894      0.0000000E+00   22.69704      3.1564613E-03   255.7519      0.5000000    
           9        2007          10          11 fldcult             TILLAGE   1.0753106E-02  0.0000000E+00   104.2485      0.0000000E+00   22.72600      3.4782165E-03   300.5914      0.5000000    
          10        2007          10          11 fldcult             TILLAGE   1.0753106E-02  0.0000000E+00   104.9198      0.0000000E+00   22.71862      3.3719752E-03   293.4026      0.5000000    
          11        2007          10          11 fldcult             TILLAGE   1.0753106E-02  0.0000000E+00   105.5333      0.0000000E+00   22.75157      3.6364510E-03   335.3487      0.5000000    
          12        2007          10          11 fldcult             TILLAGE   1.0753106E-02  0.0000000E+00   105.1375      0.0000000E+00   22.73520      3.5159532E-03   299.7514      0.5000000    
           2        2007          11           8 corn                                        HARV/KILL   0.9610566      0.0000000E+00   109.6644       115.9689       42.68237      5.0501917E-03   276.9714       47.45874      0.0000000E+00  0.0000000E+00  0.0000000E+00  0.0000000E+00  0.0000000E+00
           2        2008           4          16 fldcult             TILLAGE   0.1090742      0.0000000E+00   96.38495      0.0000000E+00   6.715214      7.3210238E-03   277.2592      0.5000000    
           2        2008           4          30 fldcult             TILLAGE   0.1400590      0.0000000E+00   134.0491      0.0000000E+00   3.183949      8.7027363E-03   277.4846      0.5000000    
           1        2008           5           1 fldcult             TILLAGE   0.1440403      0.0000000E+00   124.8402      0.0000000E+00   1.811017      8.4314952E-03   239.3498      0.5000000    
           3        2008           5           1 fldcult             TILLAGE   0.1440403      0.0000000E+00   125.1673      0.0000000E+00   1.811991      8.8033779E-03   296.8099      0.5000000    
           4        2008           5           1 fldcult             TILLAGE   0.1440403      0.0000000E+00   125.3663      0.0000000E+00   1.811438      8.4140459E-03   297.3522      0.5000000    
           5        2008           5           1 fldcult             TILLAGE   0.1440403      0.0000000E+00   125.3599      0.0000000E+00   1.812245      8.8381208E-03   305.4054      0.5000000    
           6        2008           5           1 fldcult             TILLAGE   0.1440403      0.0000000E+00   125.7139      0.0000000E+00   1.812238      8.7194080E-03   314.2078      0.5000000    
           7        2008           5           1 fldcult             TILLAGE   0.1440403      0.0000000E+00   124.7131      0.0000000E+00   1.810481      8.2345931E-03   234.6061      0.5000000    
           8        2008           5           1 fldcult             TILLAGE   0.1440403      0.0000000E+00   128.1825      0.0000000E+00   1.812648      7.9516703E-03   256.3810      0.5000000    
           9        2008           5           1 fldcult             TILLAGE   0.1440403      0.0000000E+00   125.9229      0.0000000E+00   1.813067      9.0580573E-03   301.3307      0.5000000    
          10        2008           5           1 fldcult             TILLAGE   0.1440403      0.0000000E+00   127.1670      0.0000000E+00   1.813023      8.6738914E-03   294.1207      0.5000000    
          11        2008           5           1 fldcult             TILLAGE   0.1440403      0.0000000E+00   128.6187      0.0000000E+00   1.818349      9.6412692E-03   336.1133      0.5000000    
          12        2008           5           1 fldcult             TILLAGE   0.1440403      0.0000000E+00   127.6569      0.0000000E+00   1.814581      9.2105540E-03   300.4759      0.5000000    
           1        2008           5           3 corn                                        PLANT   0.1505112      0.0000000E+00   115.7944      0.0000000E+00   1.771412      8.4768096E-03   239.3816      0.0000000E+00   6.000000    
           1        2008           5           3 null                                        FERT   0.1505112      0.0000000E+00   115.7944      0.0000000E+00   1.771412      8.4768096E-03   239.3816       26.00000      0.0000000E+00  0.0000000E+00  0.0000000E+00  0.0000000E+00  0.0000000E+00
           3        2008           5           3 corn                                        PLANT   0.1505112      0.0000000E+00   116.1216      0.0000000E+00   1.772364      8.8487091E-03   296.8583      0.0000000E+00   6.000000    
           3        2008           5           3 null                                        FERT   0.1505112      0.0000000E+00   116.1216      0.0000000E+00   1.772364      8.8487091E-03   296.8583       26.00000      0.0000000E+00  0.0000000E+00  0.0000000E+00  0.0000000E+00  0.0000000E+00
           4        2008           5           3 corn                                        PLANT   0.1505112      0.0000000E+00   116.3205      0.0000000E+00   1.771823      8.4593920E-03   297.4004      0.0000000E+00   6.000000    
           4        2008           5           3 null                                        FERT   0.1505112      0.0000000E+00   116.3205      0.0000000E+00   1.771823      8.4593920E-03   297.4004       26.00000      0.0000000E+00  0.0000000E+00  0.0000000E+00  0.0000000E+00  0.0000000E+00
           5        2008           5           3 corn                                        PLANT   0.1505112      0.0000000E+00   116.3141      0.0000000E+00   1.772612      8.8834623E-03   305.4560      0.0000000E+00   6.000000    
           5        2008           5           3 null                                        FERT   0.1505112      0.0000000E+00   116.3141      0.0000000E+00   1.772612      8.8834623E-03   305.4560       26.00000      0.0000000E+00  0.0000000E+00  0.0000000E+00  0.0000000E+00  0.0000000E+00
           6        2008           5           3 corn                                        PLANT   0.1505112      0.0000000E+00   116.6682      0.0000000E+00   1.772606      8.7647671E-03   314.2609      0.0000000E+00   6.000000    
           6        2008           5           3 null                                        FERT   0.1505112      0.0000000E+00   116.6682      0.0000000E+00   1.772606      8.7647671E-03   314.2609       26.00000      0.0000000E+00  0.0000000E+00  0.0000000E+00  0.0000000E+00  0.0000000E+00
           7        2008           5           3 corn                                        PLANT   0.1505112      0.0000000E+00   115.6674      0.0000000E+00   1.770887      8.2798991E-03   234.6367      0.0000000E+00   6.000000    
           7        2008           5           3 null                                        FERT   0.1505112      0.0000000E+00   115.6674      0.0000000E+00   1.770887      8.2798991E-03   234.6367       26.00000      0.0000000E+00  0.0000000E+00  0.0000000E+00  0.0000000E+00  0.0000000E+00
           8        2008           5           3 corn                                        PLANT   0.1505112      0.0000000E+00   119.1367      0.0000000E+00   1.773007      7.9969233E-03   256.4151      0.0000000E+00   6.000000    
           8        2008           5           3 null                                        FERT   0.1505112      0.0000000E+00   119.1367      0.0000000E+00   1.773007      7.9969233E-03   256.4151       26.00000      0.0000000E+00  0.0000000E+00  0.0000000E+00  0.0000000E+00  0.0000000E+00
           9        2008           5           3 corn                                        PLANT   0.1505112      0.0000000E+00   116.8771      0.0000000E+00   1.773417      9.1034295E-03   301.3798      0.0000000E+00   6.000000    
           9        2008           5           3 null                                        FERT   0.1505112      0.0000000E+00   116.8771      0.0000000E+00   1.773417      9.1034295E-03   301.3798       26.00000      0.0000000E+00  0.0000000E+00  0.0000000E+00  0.0000000E+00  0.0000000E+00
          10        2008           5           3 corn                                        PLANT   0.1505112      0.0000000E+00   118.1213      0.0000000E+00   1.773374      8.7193297E-03   294.1673      0.0000000E+00   6.000000    
          10        2008           5           3 null                                        FERT   0.1505112      0.0000000E+00   118.1213      0.0000000E+00   1.773374      8.7193297E-03   294.1673       26.00000      0.0000000E+00  0.0000000E+00  0.0000000E+00  0.0000000E+00  0.0000000E+00
          11        2008           5           3 corn                                        PLANT   0.1505112      0.0000000E+00   119.5730      0.0000000E+00   1.778584      9.6865473E-03   336.1672      0.0000000E+00   6.000000    
          11        2008           5           3 null                                        FERT   0.1505112      0.0000000E+00   119.5730      0.0000000E+00   1.778584      9.6865473E-03   336.1672       26.00000      0.0000000E+00  0.0000000E+00  0.0000000E+00  0.0000000E+00  0.0000000E+00
          12        2008           5           3 corn                                        PLANT   0.1505112      0.0000000E+00   118.6111      0.0000000E+00   1.774897      9.2560127E-03   300.5237      0.0000000E+00   6.000000    
          12        2008           5           3 null                                        FERT   0.1505112      0.0000000E+00   118.6111      0.0000000E+00   1.774897      9.2560127E-03   300.5237       26.00000      0.0000000E+00  0.0000000E+00  0.0000000E+00  0.0000000E+00  0.0000000E+00
           2        2008           5           5 null                                        FERT   0.1588559      0.0000000E+00   126.0466      0.0000000E+00   3.004812      8.9688916E-03   277.6208       18.29000      0.0000000E+00  0.0000000E+00  0.0000000E+00  0.0000000E+00  0.0000000E+00
           2        2008           5           5 null                                        FERT   0.1588559      0.0000000E+00   126.0466      0.0000000E+00   3.004812      8.9688916E-03   277.6208       5.350000      0.0000000E+00  0.0000000E+00  0.0000000E+00  0.0000000E+00  0.0000000E+00
           2        2008           5           5 null                                        FERT   0.1588559      0.0000000E+00   126.0466      0.0000000E+00   3.004812      8.9688916E-03   277.6208       6.740000      0.0000000E+00  0.0000000E+00  0.0000000E+00  0.0000000E+00  0.0000000E+00
           2        2008           5           6 corn                                        PLANT   0.1627357      0.0000000E+00   122.0557      0.0000000E+00   2.965921      8.9774979E-03   277.6462      0.0000000E+00   6.000000    
           1        2008           6           6 null                                        FERT   0.2778496      0.1808535       221.7940       15.21735      0.9989737      1.8912698E-03   239.6559       182.6000      0.0000000E+00  0.0000000E+00  0.0000000E+00  0.0000000E+00  0.0000000E+00
           3        2008           6           6 null                                        FERT   0.2778496      0.1808535       222.7320       15.24631      0.9995013      1.8951893E-03   297.2421       182.6000      0.0000000E+00  0.0000000E+00  0.0000000E+00  0.0000000E+00  0.0000000E+00
           4        2008           6           6 null                                        FERT   0.2778496      0.1808535       223.7173       15.22462      0.9991869      1.9007665E-03   297.7792       182.6000      0.0000000E+00  0.0000000E+00  0.0000000E+00  0.0000000E+00  0.0000000E+00
           5        2008           6           6 null                                        FERT   0.2778496      0.1808535       223.4617       15.25253      0.9996352      1.8986234E-03   305.8580       182.6000      0.0000000E+00  0.0000000E+00  0.0000000E+00  0.0000000E+00  0.0000000E+00
           6        2008           6           6 null                                        FERT   0.2778496      0.1808535       224.7108       15.24890      0.9996200      1.9044396E-03   314.6569       182.6000      0.0000000E+00  0.0000000E+00  0.0000000E+00  0.0000000E+00  0.0000000E+00
           7        2008           6           6 null                                        FERT   0.2778496      0.1808535       221.2475       15.20194      0.9986835      1.8888628E-03   234.8843       182.6000      0.0000000E+00  0.0000000E+00  0.0000000E+00  0.0000000E+00  0.0000000E+00
           8        2008           6           6 null                                        FERT   0.2778496      0.1808535       236.9184       15.21192      0.9996901      2.0011093E-03   256.6882       182.6000      0.0000000E+00  0.0000000E+00  0.0000000E+00  0.0000000E+00  0.0000000E+00
           9        2008           6           6 null                                        FERT   0.2778496      0.1808535       225.6473       15.27554       1.000069      1.9077233E-03   301.7618       182.6000      0.0000000E+00  0.0000000E+00  0.0000000E+00  0.0000000E+00  0.0000000E+00
          10        2008           6           6 null                                        FERT   0.2778496      0.1808535       231.1738       15.25797      0.9999964      1.9540193E-03   294.5379       182.6000      0.0000000E+00  0.0000000E+00  0.0000000E+00  0.0000000E+00  0.0000000E+00
          11        2008           6           6 null                                        FERT   0.2778496      0.1808535       241.2394       15.37535       1.002762      2.1209668E-03   336.6469       182.6000      0.0000000E+00  0.0000000E+00  0.0000000E+00  0.0000000E+00  0.0000000E+00
          12        2008           6           6 null                                        FERT   0.2778496      0.1808535       233.7252       15.31116       1.000837      1.9853043E-03   300.9191       182.6000      0.0000000E+00  0.0000000E+00  0.0000000E+00  0.0000000E+00  0.0000000E+00
           2        2008           6          17 null                                        FERT   0.3296688      0.2512880       289.5551       20.85405       1.387429      2.2863669E-03   278.1217       168.0000      0.0000000E+00  0.0000000E+00  0.0000000E+00  0.0000000E+00  0.0000000E+00
           2        2008          11           4 corn                                        HARV/KILL   0.9183621      0.0000000E+00   133.8595       126.3233       43.93261      4.2857868E-03   278.5493       54.30385      0.0000000E+00  0.0000000E+00  0.0000000E+00  0.0000000E+00  0.0000000E+00
           1        2008          11           9 corn                                        HARV/KILL   0.9207375      0.0000000E+00   99.30067       124.0021       43.63570      5.0631198E-03   240.0743       52.66209      0.0000000E+00  0.0000000E+00  0.0000000E+00  0.0000000E+00  0.0000000E+00
           3        2008          11           9 corn                                        HARV/KILL   0.9207375      0.0000000E+00   100.9538       124.0448       43.65504      5.3056893E-03   297.7502       52.67616      0.0000000E+00  0.0000000E+00  0.0000000E+00  0.0000000E+00  0.0000000E+00
           4        2008          11           9 corn                                        HARV/KILL   0.9207375      0.0000000E+00   102.8595       124.0057       43.63863      5.1034996E-03   298.3094       52.66212      0.0000000E+00  0.0000000E+00  0.0000000E+00  0.0000000E+00  0.0000000E+00
           5        2008          11           9 corn                                        HARV/KILL   0.9207375      0.0000000E+00   102.3153       124.0507       43.65817      5.3434302E-03   306.3910       52.67767      0.0000000E+00  0.0000000E+00  0.0000000E+00  0.0000000E+00  0.0000000E+00
           6        2008          11           9 corn                                        HARV/KILL   0.9207375      0.0000000E+00   104.6558       124.0408       43.65467      5.2556200E-03   315.2000       52.67348      0.0000000E+00  0.0000000E+00  0.0000000E+00  0.0000000E+00  0.0000000E+00
           7        2008          11           9 corn                                        HARV/KILL   0.9207375      0.0000000E+00   98.28461       123.9791       43.62504      4.9167927E-03   235.2783       52.65459      0.0000000E+00  0.0000000E+00  0.0000000E+00  0.0000000E+00  0.0000000E+00
           8        2008          11           9 corn                                        HARV/KILL   0.9207375      0.0000000E+00   132.2127       123.9971       43.64814      4.6248375E-03   257.2100       52.64626      0.0000000E+00  0.0000000E+00  0.0000000E+00  0.0000000E+00  0.0000000E+00
           9        2008          11           9 corn                                        HARV/KILL   0.9207375      0.0000000E+00   106.4970       124.0792       43.67212      5.4448494E-03   302.2904       52.68603      0.0000000E+00  0.0000000E+00  0.0000000E+00  0.0000000E+00  0.0000000E+00
          10        2008          11           9 corn                                        HARV/KILL   0.9207375      0.0000000E+00   117.7503       124.0551       43.66697      5.2050943E-03   295.0876       52.67266      0.0000000E+00  0.0000000E+00  0.0000000E+00  0.0000000E+00  0.0000000E+00
          11        2008          11           9 corn                                        HARV/KILL   0.9207375      0.0000000E+00   151.0492       124.1987       43.74872      5.7539418E-03   337.3790       52.70433      0.0000000E+00  0.0000000E+00  0.0000000E+00  0.0000000E+00  0.0000000E+00
          12        2008          11           9 corn                                        HARV/KILL   0.9207375      0.0000000E+00   123.6355       124.1210       43.69918      5.5299262E-03   301.4982       52.69207      0.0000000E+00  0.0000000E+00  0.0000000E+00  0.0000000E+00  0.0000000E+00
           1        2008          11          14 null                                        FERT   6.8114712E-03  0.0000000E+00   111.9273      0.0000000E+00   41.07361      5.5560996E-03   240.0730       336.0000      0.0000000E+00  0.0000000E+00  0.0000000E+00  0.0000000E+00  0.0000000E+00
           3        2008          11          14 null                                        FERT   6.8114712E-03  0.0000000E+00   113.5800      0.0000000E+00   41.09218      5.8578094E-03   297.7498       336.0000      0.0000000E+00  0.0000000E+00  0.0000000E+00  0.0000000E+00  0.0000000E+00
           4        2008          11          14 null                                        FERT   6.8114712E-03  0.0000000E+00   115.4860      0.0000000E+00   41.07716      5.6073265E-03   298.3080       336.0000      0.0000000E+00  0.0000000E+00  0.0000000E+00  0.0000000E+00  0.0000000E+00
           5        2008          11          14 null                                        FERT   6.8114712E-03  0.0000000E+00   114.9413      0.0000000E+00   41.09543      5.9098857E-03   306.3901       336.0000      0.0000000E+00  0.0000000E+00  0.0000000E+00  0.0000000E+00  0.0000000E+00
           6        2008          11          14 null                                        FERT   6.8114712E-03  0.0000000E+00   117.2819      0.0000000E+00   41.09262      5.7982095E-03   315.1994       336.0000      0.0000000E+00  0.0000000E+00  0.0000000E+00  0.0000000E+00  0.0000000E+00
           7        2008          11          14 null                                        FERT   6.8114712E-03  0.0000000E+00   110.9113      0.0000000E+00   41.06333      5.3750388E-03   235.2775       336.0000      0.0000000E+00  0.0000000E+00  0.0000000E+00  0.0000000E+00  0.0000000E+00
           8        2008          11          14 null                                        FERT   6.8114712E-03  0.0000000E+00   144.8383      0.0000000E+00   41.09128      5.0063883E-03   257.2029       336.0000      0.0000000E+00  0.0000000E+00  0.0000000E+00  0.0000000E+00  0.0000000E+00
           9        2008          11          14 null                                        FERT   6.8114712E-03  0.0000000E+00   119.1225      0.0000000E+00   41.10940      6.0309139E-03   302.2889       336.0000      0.0000000E+00  0.0000000E+00  0.0000000E+00  0.0000000E+00  0.0000000E+00
          10        2008          11          14 null                                        FERT   6.8114712E-03  0.0000000E+00   130.3764      0.0000000E+00   41.10644      5.7309978E-03   295.0840       336.0000      0.0000000E+00  0.0000000E+00  0.0000000E+00  0.0000000E+00  0.0000000E+00
          11        2008          11          14 null                                        FERT   6.8114712E-03  0.0000000E+00   163.6706      0.0000000E+00   41.18754      6.4151362E-03   337.3669       336.0000      0.0000000E+00  0.0000000E+00  0.0000000E+00  0.0000000E+00  0.0000000E+00
          12        2008          11          14 null                                        FERT   6.8114712E-03  0.0000000E+00   136.2605      0.0000000E+00   41.13753      6.1357007E-03   301.4936       336.0000      0.0000000E+00  0.0000000E+00  0.0000000E+00  0.0000000E+00  0.0000000E+00
           2        2008          11          21 null                                        FERT   2.3788365E-02  0.0000000E+00   164.9433      0.0000000E+00   35.23322      5.2833045E-03   278.5323       167.9600      0.0000000E+00  0.0000000E+00  0.0000000E+00  0.0000000E+00  0.0000000E+00
           2        2009           4          16 null                                        FERT   0.1055387      0.0000000E+00   137.3046      0.0000000E+00   12.02009      7.8095417E-03   278.9214       57.10000      0.0000000E+00  0.0000000E+00  0.0000000E+00  0.0000000E+00  0.0000000E+00
           1        2009           4          24 fldcult             TILLAGE   0.1280284      0.0000000E+00   46.79717      0.0000000E+00   6.374875      8.1216441E-03   240.4906      0.5000000    
           3        2009           4          24 fldcult             TILLAGE   0.1280284      0.0000000E+00   48.48544      0.0000000E+00   6.378466      8.5668322E-03   298.2177      0.5000000    
           4        2009           4          24 fldcult             TILLAGE   0.1280284      0.0000000E+00   50.44381      0.0000000E+00   6.376922      8.1529124E-03   298.7709      0.5000000    
           5        2009           4          24 fldcult             TILLAGE   0.1280284      0.0000000E+00   49.88380      0.0000000E+00   6.379532      8.6232135E-03   306.8626      0.5000000    
           6        2009           4          24 fldcult             TILLAGE   0.1280284      0.0000000E+00   52.27925      0.0000000E+00   6.380017      8.4538488E-03   315.6723      0.5000000    
           7        2009           4          24 fldcult             TILLAGE   0.1280284      0.0000000E+00   45.75832      0.0000000E+00   6.372826      7.8658564E-03   235.6937      0.5000000    
           8        2009           4          24 fldcult             TILLAGE   0.1280284      0.0000000E+00   80.77734      0.0000000E+00   6.388858      7.4597402E-03   257.6070      0.5000000    
           9        2009           4          24 fldcult             TILLAGE   0.1280284      0.0000000E+00   54.17793      0.0000000E+00   6.383316      8.8343443E-03   302.7479      0.5000000    
          10        2009           4          24 fldcult             TILLAGE   0.1280284      0.0000000E+00   65.78560      0.0000000E+00   6.386440      8.3735203E-03   295.5249      0.5000000    
          11        2009           4          24 fldcult             TILLAGE   0.1280284      0.0000000E+00   100.4345      0.0000000E+00   6.406740      9.4562517E-03   337.8368      0.5000000    
          12        2009           4          24 fldcult             TILLAGE   0.1280284      0.0000000E+00   71.88663      0.0000000E+00   6.392733      8.9938156E-03   301.9343      0.5000000    
           1        2009           4          25 null                                        FERT   0.1290346      0.0000000E+00   45.82632      0.0000000E+00   6.304815      8.1291944E-03   240.4972       27.00000      0.0000000E+00  0.0000000E+00  0.0000000E+00  0.0000000E+00  0.0000000E+00
           1        2009           4          25 corn                                        PLANT   0.1290346      0.0000000E+00   45.82632      0.0000000E+00   6.304815      8.1291944E-03   240.4972      0.0000000E+00   6.000000    
           3        2009           4          25 null                                        FERT   0.1290346      0.0000000E+00   47.51331      0.0000000E+00   6.308367      8.5735759E-03   298.2274       27.00000      0.0000000E+00  0.0000000E+00  0.0000000E+00  0.0000000E+00  0.0000000E+00
           3        2009           4          25 corn                                        PLANT   0.1290346      0.0000000E+00   47.51331      0.0000000E+00   6.308367      8.5735759E-03   298.2274      0.0000000E+00   6.000000    
           4        2009           4          25 null                                        FERT   0.1290346      0.0000000E+00   49.46967      0.0000000E+00   6.306839      8.1589296E-03   298.7806       27.00000      0.0000000E+00  0.0000000E+00  0.0000000E+00  0.0000000E+00  0.0000000E+00
           4        2009           4          25 corn                                        PLANT   0.1290346      0.0000000E+00   49.46967      0.0000000E+00   6.306839      8.1589296E-03   298.7806      0.0000000E+00   6.000000    
           5        2009           4          25 null                                        FERT   0.1290346      0.0000000E+00   48.91051      0.0000000E+00   6.309421      8.6288825E-03   306.8728       27.00000      0.0000000E+00  0.0000000E+00  0.0000000E+00  0.0000000E+00  0.0000000E+00
           5        2009           4          25 corn                                        PLANT   0.1290346      0.0000000E+00   48.91051      0.0000000E+00   6.309421      8.6288825E-03   306.8728      0.0000000E+00   6.000000    
           6        2009           4          25 null                                        FERT   0.1290346      0.0000000E+00   51.30356      0.0000000E+00   6.309901      8.4599424E-03   315.6829       27.00000      0.0000000E+00  0.0000000E+00  0.0000000E+00  0.0000000E+00  0.0000000E+00
           6        2009           4          25 corn                                        PLANT   0.1290346      0.0000000E+00   51.30356      0.0000000E+00   6.309901      8.4599424E-03   315.6829      0.0000000E+00   6.000000    
           7        2009           4          25 null                                        FERT   0.1290346      0.0000000E+00   44.78842      0.0000000E+00   6.302788      7.8739244E-03   235.7000       27.00000      0.0000000E+00  0.0000000E+00  0.0000000E+00  0.0000000E+00  0.0000000E+00
           7        2009           4          25 corn                                        PLANT   0.1290346      0.0000000E+00   44.78842      0.0000000E+00   6.302788      7.8739244E-03   235.7000      0.0000000E+00   6.000000    
           8        2009           4          25 null                                        FERT   0.1290346      0.0000000E+00   79.76882      0.0000000E+00   6.318645      7.4742832E-03   257.6145       27.00000      0.0000000E+00  0.0000000E+00  0.0000000E+00  0.0000000E+00  0.0000000E+00
           8        2009           4          25 corn                                        PLANT   0.1290346      0.0000000E+00   79.76882      0.0000000E+00   6.318645      7.4742832E-03   257.6145      0.0000000E+00   6.000000    
           9        2009           4          25 null                                        FERT   0.1290346      0.0000000E+00   53.20080      0.0000000E+00   6.313163      8.8408031E-03   302.7579       27.00000      0.0000000E+00  0.0000000E+00  0.0000000E+00  0.0000000E+00  0.0000000E+00
           9        2009           4          25 corn                                        PLANT   0.1290346      0.0000000E+00   53.20080      0.0000000E+00   6.313163      8.8408031E-03   302.7579      0.0000000E+00   6.000000    
          10        2009           4          25 null                                        FERT   0.1290346      0.0000000E+00   64.79523      0.0000000E+00   6.316253      8.3805462E-03   295.5345       27.00000      0.0000000E+00  0.0000000E+00  0.0000000E+00  0.0000000E+00  0.0000000E+00
          10        2009           4          25 corn                                        PLANT   0.1290346      0.0000000E+00   64.79523      0.0000000E+00   6.316253      8.3805462E-03   295.5345      0.0000000E+00   6.000000    
          11        2009           4          25 null                                        FERT   0.1290346      0.0000000E+00   99.40431      0.0000000E+00   6.336330      9.4616953E-03   337.8481       27.00000      0.0000000E+00  0.0000000E+00  0.0000000E+00  0.0000000E+00  0.0000000E+00
          11        2009           4          25 corn                                        PLANT   0.1290346      0.0000000E+00   99.40431      0.0000000E+00   6.336330      9.4616953E-03   337.8481      0.0000000E+00   6.000000    
          12        2009           4          25 null                                        FERT   0.1290346      0.0000000E+00   70.89029      0.0000000E+00   6.322476      9.0001756E-03   301.9442       27.00000      0.0000000E+00  0.0000000E+00  0.0000000E+00  0.0000000E+00  0.0000000E+00
          12        2009           4          25 corn                                        PLANT   0.1290346      0.0000000E+00   70.89029      0.0000000E+00   6.322476      9.0001756E-03   301.9442      0.0000000E+00   6.000000    
           2        2009           5           5 corn                                        PLANT   0.1583024      0.0000000E+00   151.5124      0.0000000E+00   8.724495      8.6411834E-03   279.0551      0.0000000E+00   6.000000    
           1        2009           6           4 null                                        FERT   0.2620144      0.1683961       55.02528       12.23947       3.209187      1.7771972E-03   240.7843       180.3000      0.0000000E+00  0.0000000E+00  0.0000000E+00  0.0000000E+00  0.0000000E+00
           3        2009           6           4 null                                        FERT   0.2620144      0.1683961       56.72526       12.27391       3.210890      1.7785885E-03   298.6518       180.3000      0.0000000E+00  0.0000000E+00  0.0000000E+00  0.0000000E+00  0.0000000E+00
           4        2009           6           4 null                                        FERT   0.2620144      0.1683961       58.70129       12.24806       3.209995      1.7804473E-03   299.2047       180.3000      0.0000000E+00  0.0000000E+00  0.0000000E+00  0.0000000E+00  0.0000000E+00
           5        2009           6           4 null                                        FERT   0.2620144      0.1683961       58.13474       12.28057       3.211342      1.7797383E-03   307.3165       180.3000      0.0000000E+00  0.0000000E+00  0.0000000E+00  0.0000000E+00  0.0000000E+00
           6        2009           6           4 null                                        FERT   0.2620144      0.1683961       60.55363       12.27247       3.211448      1.7819393E-03   316.1467       180.3000      0.0000000E+00  0.0000000E+00  0.0000000E+00  0.0000000E+00  0.0000000E+00
           7        2009           6           4 null                                        FERT   0.2620144      0.1683961       53.97924       12.21990       3.208223      1.7762211E-03   235.9781       180.3000      0.0000000E+00  0.0000000E+00  0.0000000E+00  0.0000000E+00  0.0000000E+00
           8        2009           6           4 null                                        FERT   0.2620144      0.1683961       89.35182       12.20449       3.214554      1.7778798E-03   257.9425       180.3000      0.0000000E+00  0.0000000E+00  0.0000000E+00  0.0000000E+00  0.0000000E+00
           9        2009           6           4 null                                        FERT   0.2620144      0.1683961       62.46911       12.30279       3.213009      1.7838712E-03   303.1903       180.3000      0.0000000E+00  0.0000000E+00  0.0000000E+00  0.0000000E+00  0.0000000E+00
          10        2009           6           4 null                                        FERT   0.2620144      0.1683961       74.20396       12.26916       3.214043      1.7898175E-03   295.9530       180.3000      0.0000000E+00  0.0000000E+00  0.0000000E+00  0.0000000E+00  0.0000000E+00
          11        2009           6           4 null                                        FERT   0.2620144      0.1683961       109.0568       12.38590       3.223099      1.7735991E-03   338.3473       180.3000      0.0000000E+00  0.0000000E+00  0.0000000E+00  0.0000000E+00  0.0000000E+00
          12        2009           6           4 null                                        FERT   0.2620144      0.1683961       80.37053       12.32468       3.216991      1.7883243E-03   302.3763       180.3000      0.0000000E+00  0.0000000E+00  0.0000000E+00  0.0000000E+00  0.0000000E+00
           2        2009           6          11 null                                        FERT   0.2918288      0.1842692       103.1549       16.45475       4.358996      1.7741217E-03   279.3097       112.0000      0.0000000E+00  0.0000000E+00  0.0000000E+00  0.0000000E+00  0.0000000E+00
           2        2009          11           7 corn                                        HARV/KILL   0.9018564      0.0000000E+00   109.6324       115.3276       43.60982      5.3082420E-03   279.7272       44.81115      0.0000000E+00  0.0000000E+00  0.0000000E+00  0.0000000E+00  0.0000000E+00
           1        2009          11          10 corn                                        HARV/KILL   0.9042071      0.0000000E+00   104.7594       118.7717       51.91463      5.3073238E-03   241.1173       40.03892      0.0000000E+00  0.0000000E+00  0.0000000E+00  0.0000000E+00  0.0000000E+00
           3        2009          11          10 corn                                        HARV/KILL   0.9042071      0.0000000E+00   104.7903       118.8225       51.64839      5.5254265E-03   299.0898       40.33004      0.0000000E+00  0.0000000E+00  0.0000000E+00  0.0000000E+00  0.0000000E+00
           4        2009          11          10 corn                                        HARV/KILL   0.9042071      0.0000000E+00   104.8330       118.7857       51.26003      5.3356620E-03   299.6436       40.67132      0.0000000E+00  0.0000000E+00  0.0000000E+00  0.0000000E+00  0.0000000E+00
           5        2009          11          10 corn                                        HARV/KILL   0.9042071      0.0000000E+00   104.8176       118.8317       51.39259      5.5647469E-03   307.7686       40.58001      0.0000000E+00  0.0000000E+00  0.0000000E+00  0.0000000E+00  0.0000000E+00
           6        2009          11          10 corn                                        HARV/KILL   0.9042071      0.0000000E+00   104.8633       118.8231       50.90121      5.4932018E-03   316.6212       41.04029      0.0000000E+00  0.0000000E+00  0.0000000E+00  0.0000000E+00  0.0000000E+00
           7        2009          11          10 corn                                        HARV/KILL   0.9042071      0.0000000E+00   104.7378       118.7421       52.06670      5.1768185E-03   236.3111       39.87224      0.0000000E+00  0.0000000E+00  0.0000000E+00  0.0000000E+00  0.0000000E+00
           8        2009          11          10 corn                                        HARV/KILL   0.9042071      0.0000000E+00   105.1539       118.7669       44.65701      4.9350089E-03   258.3057       46.92973      0.0000000E+00  0.0000000E+00  0.0000000E+00  0.0000000E+00  0.0000000E+00
           9        2009          11          10 corn                                        HARV/KILL   0.9042071      0.0000000E+00   104.8909       118.8670       50.50557      5.6435107E-03   303.6367       41.44921      0.0000000E+00  0.0000000E+00  0.0000000E+00  0.0000000E+00  0.0000000E+00
          10        2009          11          10 corn                                        HARV/KILL   0.9042071      0.0000000E+00   105.0507       118.8444       47.83939      5.4419609E-03   296.3829       43.96491      0.0000000E+00  0.0000000E+00  0.0000000E+00  0.0000000E+00  0.0000000E+00
          11        2009          11          10 corn                                        HARV/KILL   0.9042071      0.0000000E+00   105.1576       118.9805       44.17864      5.9520402E-03   338.8286       47.54486      0.0000000E+00  0.0000000E+00  0.0000000E+00  0.0000000E+00  0.0000000E+00
          12        2009          11          10 corn                                        HARV/KILL   0.9042071      0.0000000E+00   105.0938       118.9179       46.41400      5.7167034E-03   302.8108       45.37429      0.0000000E+00  0.0000000E+00  0.0000000E+00  0.0000000E+00  0.0000000E+00
           1        2009          11          12 null                                        FERT   4.0493771E-03  0.0000000E+00   100.4661      0.0000000E+00   50.56966      5.3112344E-03   241.1146       152.7000      0.0000000E+00  0.0000000E+00  0.0000000E+00  0.0000000E+00  0.0000000E+00
           3        2009          11          12 null                                        FERT   4.0493771E-03  0.0000000E+00   100.4970      0.0000000E+00   50.31036      5.5292980E-03   299.0868       152.7000      0.0000000E+00  0.0000000E+00  0.0000000E+00  0.0000000E+00  0.0000000E+00
           4        2009          11          12 null                                        FERT   4.0493771E-03  0.0000000E+00   100.5396      0.0000000E+00   49.93213      5.3395550E-03   299.6406       152.7000      0.0000000E+00  0.0000000E+00  0.0000000E+00  0.0000000E+00  0.0000000E+00
           5        2009          11          12 null                                        FERT   4.0493771E-03  0.0000000E+00   100.5243      0.0000000E+00   50.06123      5.5686077E-03   307.7655       152.7000      0.0000000E+00  0.0000000E+00  0.0000000E+00  0.0000000E+00  0.0000000E+00
           6        2009          11          12 null                                        FERT   4.0493771E-03  0.0000000E+00   100.5699      0.0000000E+00   49.58265      5.4970658E-03   316.6182       152.7000      0.0000000E+00  0.0000000E+00  0.0000000E+00  0.0000000E+00  0.0000000E+00
           7        2009          11          12 null                                        FERT   4.0493771E-03  0.0000000E+00   100.4446      0.0000000E+00   50.71776      5.1807547E-03   236.3084       152.7000      0.0000000E+00  0.0000000E+00  0.0000000E+00  0.0000000E+00  0.0000000E+00
           8        2009          11          12 null                                        FERT   4.0493771E-03  0.0000000E+00   100.8591      0.0000000E+00   43.50116      4.9371407E-03   258.3021       152.7000      0.0000000E+00  0.0000000E+00  0.0000000E+00  0.0000000E+00  0.0000000E+00
           9        2009          11          12 null                                        FERT   4.0493771E-03  0.0000000E+00   100.5974      0.0000000E+00   49.19730      5.6473506E-03   303.6338       152.7000      0.0000000E+00  0.0000000E+00  0.0000000E+00  0.0000000E+00  0.0000000E+00
          10        2009          11          12 null                                        FERT   4.0493771E-03  0.0000000E+00   100.7566      0.0000000E+00   46.60045      5.4457975E-03   296.3798       152.7000      0.0000000E+00  0.0000000E+00  0.0000000E+00  0.0000000E+00  0.0000000E+00
          11        2009          11          12 null                                        FERT   4.0493771E-03  0.0000000E+00   100.8627      0.0000000E+00   43.03581      5.9551788E-03   338.8240       152.7000      0.0000000E+00  0.0000000E+00  0.0000000E+00  0.0000000E+00  0.0000000E+00
          12        2009          11          12 null                                        FERT   4.0493771E-03  0.0000000E+00   100.7994      0.0000000E+00   45.21208      5.7204915E-03   302.8076       152.7000      0.0000000E+00  0.0000000E+00  0.0000000E+00  0.0000000E+00  0.0000000E+00
           1        2009          11          16 chisplow            TILLAGE   1.0504008E-02  0.0000000E+00   93.69855      0.0000000E+00   23.99811      5.3244866E-03   241.1154      0.6500000    
           3        2009          11          16 chisplow            TILLAGE   1.0504008E-02  0.0000000E+00   93.72933      0.0000000E+00   23.87510      5.5425344E-03   299.0880      0.6500000    
           4        2009          11          16 chisplow            TILLAGE   1.0504008E-02  0.0000000E+00   93.77184      0.0000000E+00   23.69566      5.3527863E-03   299.6420      0.6500000    
           5        2009          11          16 chisplow            TILLAGE   1.0504008E-02  0.0000000E+00   93.75653      0.0000000E+00   23.75691      5.5818348E-03   307.7669      0.6500000    
           6        2009          11          16 chisplow            TILLAGE   1.0504008E-02  0.0000000E+00   93.80196      0.0000000E+00   23.52985      5.5102836E-03   316.6198      0.6500000    
           7        2009          11          16 chisplow            TILLAGE   1.0504008E-02  0.0000000E+00   93.67710      0.0000000E+00   24.06836      5.1940172E-03   236.3093      0.6500000    
           8        2009          11          16 chisplow            TILLAGE   1.0504008E-02  0.0000000E+00   94.08926      0.0000000E+00   20.64468      4.9489448E-03   258.3020      0.6500000    
           9        2009          11          16 chisplow            TILLAGE   1.0504008E-02  0.0000000E+00   93.82938      0.0000000E+00   23.34702      5.6605539E-03   303.6352      0.6500000    
          10        2009          11          16 chisplow            TILLAGE   1.0504008E-02  0.0000000E+00   93.98774      0.0000000E+00   22.11490      5.4589533E-03   296.3809      0.6500000    
          11        2009          11          16 chisplow            TILLAGE   1.0504008E-02  0.0000000E+00   94.09271      0.0000000E+00   20.42443      5.9673549E-03   338.8239      0.6500000    
          12        2009          11          16 chisplow            TILLAGE   1.0504008E-02  0.0000000E+00   94.03004      0.0000000E+00   21.45613      5.7336153E-03   302.8088      0.6500000    
           2        2009          12           2 null                                        FERT   3.0795066E-02  0.0000000E+00   103.5156      0.0000000E+00   31.33834      5.6714131E-03   279.7508       142.7000      0.0000000E+00  0.0000000E+00  0.0000000E+00  0.0000000E+00  0.0000000E+00
           1        2010           4          16 fldcult             TILLAGE   8.3471313E-02  0.0000000E+00   98.80989      0.0000000E+00   5.371098      7.3730648E-03   241.5747      0.5000000    
           3        2010           4          16 fldcult             TILLAGE   8.3471313E-02  0.0000000E+00   99.18723      0.0000000E+00   5.343743      7.6794941E-03   299.6030      0.5000000    
           4        2010           4          16 fldcult             TILLAGE   8.3471313E-02  0.0000000E+00   99.63324      0.0000000E+00   5.303708      7.4371635E-03   300.1550      0.5000000    
           5        2010           4          16 fldcult             TILLAGE   8.3471313E-02  0.0000000E+00   99.50086      0.0000000E+00   5.317408      7.7405004E-03   308.2940      0.5000000    
           6        2010           4          16 fldcult             TILLAGE   8.3471313E-02  0.0000000E+00   100.0274      0.0000000E+00   5.266755      7.6591778E-03   317.1390      0.5000000    
           7        2010           4          16 fldcult             TILLAGE   8.3471313E-02  0.0000000E+00   98.56755      0.0000000E+00   5.386735      7.2075645E-03   236.7466      0.5000000    
           8        2010           4          16 fldcult             TILLAGE   8.3471313E-02  0.0000000E+00   104.9320      0.0000000E+00   4.623218      6.9376491E-03   258.7631      0.5000000    
           9        2010           4          16 fldcult             TILLAGE   8.3471313E-02  0.0000000E+00   100.4330      0.0000000E+00   5.225999      7.8372527E-03   304.1514      0.5000000    
          10        2010           4          16 fldcult             TILLAGE   8.3471313E-02  0.0000000E+00   102.6860      0.0000000E+00   4.950875      7.6205889E-03   296.8896      0.5000000    
          11        2010           4          16 fldcult             TILLAGE   8.3471313E-02  0.0000000E+00   106.5101      0.0000000E+00   4.575131      8.1594065E-03   339.3893      0.5000000    
          12        2010           4          16 fldcult             TILLAGE   8.3471313E-02  0.0000000E+00   103.6879      0.0000000E+00   4.803728      7.9081506E-03   303.3321      0.5000000    
           2        2010           4          28 corn                                        PLANT   0.1088639      0.0000000E+00   103.0430      0.0000000E+00   12.13252      7.8085526E-03   280.3085      0.0000000E+00   6.000000    
           1        2010           4          30 fldcult             TILLAGE   0.1125453      0.0000000E+00   88.49384      0.0000000E+00   2.613792      7.9190182E-03   241.7292      0.5000000    
           3        2010           4          30 fldcult             TILLAGE   0.1125453      0.0000000E+00   88.87080      0.0000000E+00   2.600481      8.2758134E-03   299.8241      0.5000000    
           4        2010           4          30 fldcult             TILLAGE   0.1125453      0.0000000E+00   89.31702      0.0000000E+00   2.581000      7.9869153E-03   300.3766      0.5000000    
           5        2010           4          30 fldcult             TILLAGE   0.1125453      0.0000000E+00   89.18427      0.0000000E+00   2.587666      8.3428742E-03   308.5239      0.5000000    
           6        2010           4          30 fldcult             TILLAGE   0.1125453      0.0000000E+00   89.71087      0.0000000E+00   2.563019      8.2446747E-03   317.3805      0.5000000    
           7        2010           4          30 fldcult             TILLAGE   0.1125453      0.0000000E+00   88.25166      0.0000000E+00   2.621399      7.7222893E-03   236.8980      0.5000000    
           8        2010           4          30 fldcult             TILLAGE   0.1125453      0.0000000E+00   94.61445      0.0000000E+00   2.249881      7.4052741E-03   258.9316      0.5000000    
           9        2010           4          30 fldcult             TILLAGE   0.1125453      0.0000000E+00   90.11598      0.0000000E+00   2.543188      8.4616272E-03   304.3760      0.5000000    
          10        2010           4          30 fldcult             TILLAGE   0.1125453      0.0000000E+00   92.36888      0.0000000E+00   2.409313      8.1954915E-03   297.1053      0.5000000    
          11        2010           4          30 fldcult             TILLAGE   0.1125453      0.0000000E+00   96.18939      0.0000000E+00   2.226500      8.8572986E-03   339.6374      0.5000000    
          12        2010           4          30 fldcult             TILLAGE   0.1125453      0.0000000E+00   93.36967      0.0000000E+00   2.337709      8.5518612E-03   303.5522      0.5000000    
           1        2010           5           6 corn                                        PLANT   0.1343134      0.0000000E+00   85.65366      0.0000000E+00   2.428676      8.2958741E-03   241.8492      0.0000000E+00   6.000000    
           3        2010           5           6 corn                                        PLANT   0.1343134      0.0000000E+00   86.03027      0.0000000E+00   2.416308      8.6874142E-03   300.0143      0.0000000E+00   6.000000    
           4        2010           5           6 corn                                        PLANT   0.1343134      0.0000000E+00   86.47678      0.0000000E+00   2.398206      8.3688954E-03   300.5658      0.0000000E+00   6.000000    
           5        2010           5           6 corn                                        PLANT   0.1343134      0.0000000E+00   86.34368      0.0000000E+00   2.404400      8.7608481E-03   308.7232      0.0000000E+00   6.000000    
           6        2010           5           6 corn                                        PLANT   0.1343134      0.0000000E+00   86.87039      0.0000000E+00   2.381499      8.6508179E-03   317.5906      0.0000000E+00   6.000000    
           7        2010           5           6 corn                                        PLANT   0.1343134      0.0000000E+00   85.41159      0.0000000E+00   2.435745      8.0771716E-03   237.0137      0.0000000E+00   6.000000    
           8        2010           5           6 corn                                        PLANT   0.1343134      0.0000000E+00   91.77370      0.0000000E+00   2.090532      7.6991501E-03   259.0612      0.0000000E+00   6.000000    
           9        2010           5           6 corn                                        PLANT   0.1343134      0.0000000E+00   87.27511      0.0000000E+00   2.363072      8.8897059E-03   304.5688      0.0000000E+00   6.000000    
          10        2010           5           6 corn                                        PLANT   0.1343134      0.0000000E+00   89.52826      0.0000000E+00   2.238676      8.5928496E-03   297.2876      0.0000000E+00   6.000000    
          11        2010           5           6 corn                                        PLANT   0.1343134      0.0000000E+00   93.34602      0.0000000E+00   2.068805      9.3192449E-03   339.8459      0.0000000E+00   6.000000    
          12        2010           5           6 corn                                        PLANT   0.1343134      0.0000000E+00   90.52827      0.0000000E+00   2.172143      8.9892494E-03   303.7391      0.0000000E+00   6.000000    
           2        2010           6           1 null                                        FERT   0.2291438      0.1591215       66.66665       10.51111       6.506673      1.6406761E-03   280.6213       210.6000      0.0000000E+00  0.0000000E+00  0.0000000E+00  0.0000000E+00  0.0000000E+00
           1        2010           6          17 null                                        FERT   0.3072200      0.2673692       88.62749       22.79303       1.101374      1.6489015E-03   242.1777       119.5000      0.0000000E+00  0.0000000E+00  0.0000000E+00  0.0000000E+00  0.0000000E+00
           3        2010           6          17 null                                        FERT   0.3072200      0.2673692       89.01885       22.81445       1.095738      1.6487823E-03   300.4604       119.5000      0.0000000E+00  0.0000000E+00  0.0000000E+00  0.0000000E+00  0.0000000E+00
           4        2010           6          17 null                                        FERT   0.3072200      0.2673692       89.48553       22.81394       1.087498      1.6487227E-03   301.0155       119.5000      0.0000000E+00  0.0000000E+00  0.0000000E+00  0.0000000E+00  0.0000000E+00
           5        2010           6          17 null                                        FERT   0.3072200      0.2673692       89.34528       22.82522       1.090315      1.6487823E-03   309.1859       119.5000      0.0000000E+00  0.0000000E+00  0.0000000E+00  0.0000000E+00  0.0000000E+00
           6        2010           6          17 null                                        FERT   0.3072200      0.2673692       89.89375       22.83046       1.079894      1.6487227E-03   318.0782       119.5000      0.0000000E+00  0.0000000E+00  0.0000000E+00  0.0000000E+00  0.0000000E+00
           7        2010           6          17 null                                        FERT   0.3072200      0.2673692       88.37534       22.77900       1.104597      1.6489015E-03   237.3371       119.5000      0.0000000E+00  0.0000000E+00  0.0000000E+00  0.0000000E+00  0.0000000E+00
           8        2010           6          17 null                                        FERT   0.3072200      0.2673692       94.95164       22.80296      0.9475147      1.6258345E-03   259.4409       119.5000      0.0000000E+00  0.0000000E+00  0.0000000E+00  0.0000000E+00  0.0000000E+00
           9        2010           6          17 null                                        FERT   0.3072200      0.2673692       90.31215       22.84554       1.071511      1.6487227E-03   305.0267       119.5000      0.0000000E+00  0.0000000E+00  0.0000000E+00  0.0000000E+00  0.0000000E+00
          10        2010           6          17 null                                        FERT   0.3072200      0.2673692       92.64589       22.84161       1.014961      1.6479478E-03   297.7353       119.5000      0.0000000E+00  0.0000000E+00  0.0000000E+00  0.0000000E+00  0.0000000E+00
          11        2010           6          17 null                                        FERT   0.3072200      0.2673692       96.54262       22.94105      0.9374077      1.6253577E-03   340.3822       119.5000      0.0000000E+00  0.0000000E+00  0.0000000E+00  0.0000000E+00  0.0000000E+00
          12        2010           6          17 null                                        FERT   0.3072200      0.2673692       93.67178       22.87948      0.9847370      1.6474710E-03   304.1962       119.5000      0.0000000E+00  0.0000000E+00  0.0000000E+00  0.0000000E+00  0.0000000E+00
           2        2010          10           7 corn                                        HARV/KILL   0.8256460      0.0000000E+00   193.5049       124.7448       44.96853      3.0383510E-03   281.5481       52.45716      0.0000000E+00  0.0000000E+00  0.0000000E+00  0.0000000E+00  0.0000000E+00
           2        2010          10           9 null                                        FERT   4.4013057E-03  0.0000000E+00   193.1110      0.0000000E+00   43.39938      3.0428476E-03   281.5226       142.7000      0.0000000E+00  0.0000000E+00  0.0000000E+00  0.0000000E+00  0.0000000E+00
           1        2010          11           4 corn                                        HARV/KILL   0.9029666      0.0000000E+00   80.15977       125.3354       44.18023      3.2532082E-03   242.5649       53.20976      0.0000000E+00  0.0000000E+00  0.0000000E+00  0.0000000E+00  0.0000000E+00
           3        2010          11           4 corn                                        HARV/KILL   0.9029666      0.0000000E+00   81.52724       125.3798       44.19782      3.3824791E-03   300.8558       53.22659      0.0000000E+00  0.0000000E+00  0.0000000E+00  0.0000000E+00  0.0000000E+00
           4        2010          11           4 corn                                        HARV/KILL   0.9029666      0.0000000E+00   83.15771       125.3442       44.18510      3.3502607E-03   301.4102       53.21080      0.0000000E+00  0.0000000E+00  0.0000000E+00  0.0000000E+00  0.0000000E+00
           5        2010          11           4 corn                                        HARV/KILL   0.9029666      0.0000000E+00   82.67490       125.3799       44.20208      3.4177520E-03   309.5870       53.22340      0.0000000E+00  0.0000000E+00  0.0000000E+00  0.0000000E+00  0.0000000E+00
           6        2010          11           4 corn                                        HARV/KILL   0.9029666      0.0000000E+00   84.63187       125.3727       44.19792      3.4541520E-03   318.4570       53.22013      0.0000000E+00  0.0000000E+00  0.0000000E+00  0.0000000E+00  0.0000000E+00
           7        2010          11           4 corn                                        HARV/KILL   0.9029666      0.0000000E+00   79.29232       125.3123       44.16925      3.1750165E-03   237.7080       53.20194      0.0000000E+00  0.0000000E+00  0.0000000E+00  0.0000000E+00  0.0000000E+00
           8        2010          11           4 corn                                        HARV/KILL   0.9029666      0.0000000E+00   106.5001       125.2813       44.15124      3.0143186E-03   259.8632       53.19070      0.0000000E+00  0.0000000E+00  0.0000000E+00  0.0000000E+00  0.0000000E+00
           9        2010          11           4 corn                                        HARV/KILL   0.9029666      0.0000000E+00   86.17837       125.4016       44.20861      3.5318511E-03   305.4131       53.23147      0.0000000E+00  0.0000000E+00  0.0000000E+00  0.0000000E+00  0.0000000E+00
          10        2010          11           4 corn                                        HARV/KILL   0.9029666      0.0000000E+00   95.35764       125.3746       44.19574      3.3335329E-03   298.1376       53.22134      0.0000000E+00  0.0000000E+00  0.0000000E+00  0.0000000E+00  0.0000000E+00
          11        2010          11           4 corn                                        HARV/KILL   0.9029666      0.0000000E+00   118.8941       125.4557       44.23123      3.6156548E-03   340.8933       53.24678      0.0000000E+00  0.0000000E+00  0.0000000E+00  0.0000000E+00  0.0000000E+00
          12        2010          11           4 corn                                        HARV/KILL   0.9029666      0.0000000E+00   99.98999       125.4175       44.21531      3.4982166E-03   304.6132       53.23451      0.0000000E+00  0.0000000E+00  0.0000000E+00  0.0000000E+00  0.0000000E+00
           1        2010          11          21 null                                        FERT   2.0698661E-02  0.0000000E+00   123.4194      0.0000000E+00   35.28365      4.2253453E-03   242.5272       167.9600      0.0000000E+00  0.0000000E+00  0.0000000E+00  0.0000000E+00  0.0000000E+00
           3        2010          11          21 null                                        FERT   2.0698661E-02  0.0000000E+00   124.7871      0.0000000E+00   35.29867      4.4171982E-03   300.8224       167.9600      0.0000000E+00  0.0000000E+00  0.0000000E+00  0.0000000E+00  0.0000000E+00
           4        2010          11          21 null                                        FERT   2.0698661E-02  0.0000000E+00   126.4203      0.0000000E+00   35.28960      4.2900359E-03   301.3759       167.9600      0.0000000E+00  0.0000000E+00  0.0000000E+00  0.0000000E+00  0.0000000E+00
           5        2010          11          21 null                                        FERT   2.0698661E-02  0.0000000E+00   125.9358      0.0000000E+00   35.30284      4.4387742E-03   309.5536       167.9600      0.0000000E+00  0.0000000E+00  0.0000000E+00  0.0000000E+00  0.0000000E+00
           6        2010          11          21 null                                        FERT   2.0698661E-02  0.0000000E+00   127.8945      0.0000000E+00   35.30079      4.4558407E-03   318.4252       167.9600      0.0000000E+00  0.0000000E+00  0.0000000E+00  0.0000000E+00  0.0000000E+00
           7        2010          11          21 null                                        FERT   2.0698661E-02  0.0000000E+00   122.5513      0.0000000E+00   35.27425      4.1091135E-03   237.6714       167.9600      0.0000000E+00  0.0000000E+00  0.0000000E+00  0.0000000E+00  0.0000000E+00
           8        2010          11          21 null                                        FERT   2.0698661E-02  0.0000000E+00   149.7627      0.0000000E+00   35.27684      3.9251894E-03   259.8171       167.9600      0.0000000E+00  0.0000000E+00  0.0000000E+00  0.0000000E+00  0.0000000E+00
           9        2010          11          21 null                                        FERT   2.0698661E-02  0.0000000E+00   129.4399      0.0000000E+00   35.31030      4.5943949E-03   305.3793       167.9600      0.0000000E+00  0.0000000E+00  0.0000000E+00  0.0000000E+00  0.0000000E+00
          10        2010          11          21 null                                        FERT   2.0698661E-02  0.0000000E+00   138.6211      0.0000000E+00   35.30508      4.3401336E-03   298.1000       167.9600      0.0000000E+00  0.0000000E+00  0.0000000E+00  0.0000000E+00  0.0000000E+00
          11        2010          11          21 null                                        FERT   2.0698661E-02  0.0000000E+00   162.1468      0.0000000E+00   35.34594      4.7586663E-03   340.8376       167.9600      0.0000000E+00  0.0000000E+00  0.0000000E+00  0.0000000E+00  0.0000000E+00
          12        2010          11          21 null                                        FERT   2.0698661E-02  0.0000000E+00   143.2505      0.0000000E+00   35.32282      4.5758849E-03   304.5737       167.9600      0.0000000E+00  0.0000000E+00  0.0000000E+00  0.0000000E+00  0.0000000E+00
           1        2011           3          31 fldcult             TILLAGE   6.5859959E-02  0.0000000E+00   77.58720      0.0000000E+00   8.265108      4.7445223E-03   242.6340      0.5000000    
           3        2011           3          31 fldcult             TILLAGE   6.5859959E-02  0.0000000E+00   78.95467      0.0000000E+00   8.269423      4.9186125E-03   300.9229      0.5000000    
           4        2011           3          31 fldcult             TILLAGE   6.5859959E-02  0.0000000E+00   80.58514      0.0000000E+00   8.268274      4.8072459E-03   301.4750      0.5000000    
           5        2011           3          31 fldcult             TILLAGE   6.5859959E-02  0.0000000E+00   80.10233      0.0000000E+00   8.271082      4.9475008E-03   309.6524      0.5000000    
           6        2011           3          31 fldcult             TILLAGE   6.5859959E-02  0.0000000E+00   82.05930      0.0000000E+00   8.271701      4.9567921E-03   318.5206      0.5000000    
           7        2011           3          31 fldcult             TILLAGE   6.5859959E-02  0.0000000E+00   76.71976      0.0000000E+00   8.262357      4.6371268E-03   237.7796      0.5000000    
           8        2011           3          31 fldcult             TILLAGE   6.5859959E-02  0.0000000E+00   103.9276      0.0000000E+00   8.277608      4.4567063E-03   259.9034      0.5000000    
           9        2011           3          31 fldcult             TILLAGE   6.5859959E-02  0.0000000E+00   83.60579      0.0000000E+00   8.274735      5.1261336E-03   305.4730      0.5000000    
          10        2011           3          31 fldcult             TILLAGE   6.5859959E-02  0.0000000E+00   92.78507      0.0000000E+00   8.277902      4.8400545E-03   298.1881      0.5000000    
          11        2011           3          31 fldcult             TILLAGE   6.5859959E-02  0.0000000E+00   116.3215      0.0000000E+00   8.298080      5.2944925E-03   340.8994      0.5000000    
          12        2011           3          31 fldcult             TILLAGE   6.5859959E-02  0.0000000E+00   97.41740      0.0000000E+00   8.283844      5.1224674E-03   304.6556      0.5000000    
           1        2011           4          16 null                                        FERT   0.1042749      0.0000000E+00   80.60764      0.0000000E+00   6.849656      5.0027906E-03   242.7429       38.30000      0.0000000E+00  0.0000000E+00  0.0000000E+00  0.0000000E+00  0.0000000E+00
           3        2011           4          16 null                                        FERT   0.1042749      0.0000000E+00   81.97511      0.0000000E+00   6.853234      5.1993066E-03   301.0882       38.30000      0.0000000E+00  0.0000000E+00  0.0000000E+00  0.0000000E+00  0.0000000E+00
           4        2011           4          16 null                                        FERT   0.1042749      0.0000000E+00   83.60558      0.0000000E+00   6.852281      5.0706430E-03   301.6399       38.30000      0.0000000E+00  0.0000000E+00  0.0000000E+00  0.0000000E+00  0.0000000E+00
           5        2011           4          16 null                                        FERT   0.1042749      0.0000000E+00   83.12277      0.0000000E+00   6.854608      5.2327905E-03   309.8256       38.30000      0.0000000E+00  0.0000000E+00  0.0000000E+00  0.0000000E+00  0.0000000E+00
           6        2011           4          16 null                                        FERT   0.1042749      0.0000000E+00   85.07973      0.0000000E+00   6.855120      5.2353814E-03   318.7031       38.30000      0.0000000E+00  0.0000000E+00  0.0000000E+00  0.0000000E+00  0.0000000E+00
           7        2011           4          16 null                                        FERT   0.1042749      0.0000000E+00   79.74020      0.0000000E+00   6.847377      4.8814458E-03   237.8849       38.30000      0.0000000E+00  0.0000000E+00  0.0000000E+00  0.0000000E+00  0.0000000E+00
           8        2011           4          16 null                                        FERT   0.1042749      0.0000000E+00   106.9480      0.0000000E+00   6.860019      4.6596881E-03   260.0287       38.30000      0.0000000E+00  0.0000000E+00  0.0000000E+00  0.0000000E+00  0.0000000E+00
           9        2011           4          16 null                                        FERT   0.1042749      0.0000000E+00   86.62623      0.0000000E+00   6.857635      5.4175030E-03   305.6424       38.30000      0.0000000E+00  0.0000000E+00  0.0000000E+00  0.0000000E+00  0.0000000E+00
          10        2011           4          16 null                                        FERT   0.1042749      0.0000000E+00   95.80550      0.0000000E+00   6.860260      5.1126485E-03   298.3512       38.30000      0.0000000E+00  0.0000000E+00  0.0000000E+00  0.0000000E+00  0.0000000E+00
          11        2011           4          16 null                                        FERT   0.1042749      0.0000000E+00   119.3418      0.0000000E+00   6.876988      5.6054392E-03   341.0919       38.30000      0.0000000E+00  0.0000000E+00  0.0000000E+00  0.0000000E+00  0.0000000E+00
          12        2011           4          16 null                                        FERT   0.1042749      0.0000000E+00   100.4378      0.0000000E+00   6.865187      5.4193344E-03   304.8233       38.30000      0.0000000E+00  0.0000000E+00  0.0000000E+00  0.0000000E+00  0.0000000E+00
           2        2011           5           2 null                                        FERT   0.1507414      0.0000000E+00   231.0602      0.0000000E+00   5.385077      6.4305607E-03   281.9951       40.00000      0.0000000E+00  0.0000000E+00  0.0000000E+00  0.0000000E+00  0.0000000E+00
           2        2011           5           3 corn                                        PLANT   0.1553694      0.0000000E+00   225.0758      0.0000000E+00   5.286824      6.4397664E-03   282.0070      0.0000000E+00   6.000000    
           1        2011           5           5 corn                                        PLANT   0.1618930      0.0000000E+00   99.82639      0.0000000E+00   4.986508      6.2323408E-03   242.9209      0.0000000E+00   6.000000    
           3        2011           5           5 corn                                        PLANT   0.1618930      0.0000000E+00   101.2173      0.0000000E+00   4.989103      6.5039536E-03   301.3613      0.0000000E+00   6.000000    
           4        2011           5           5 corn                                        PLANT   0.1618930      0.0000000E+00   102.8787      0.0000000E+00   4.988390      6.2978473E-03   301.9119      0.0000000E+00   6.000000    
           5        2011           5           5 corn                                        PLANT   0.1618930      0.0000000E+00   102.3857      0.0000000E+00   4.990090      6.5207724E-03   310.1114      0.0000000E+00   6.000000    
           6        2011           5           5 corn                                        PLANT   0.1618930      0.0000000E+00   104.3786      0.0000000E+00   4.990447      6.5104594E-03   319.0040      0.0000000E+00   6.000000    
           7        2011           5           5 corn                                        PLANT   0.1618930      0.0000000E+00   98.94379      0.0000000E+00   4.984862      6.0665817E-03   238.0567      0.0000000E+00   6.000000    
           8        2011           5           5 corn                                        PLANT   0.1618930      0.0000000E+00   126.6221      0.0000000E+00   4.993810      5.8795819E-03   260.2267      0.0000000E+00   6.000000    
           9        2011           5           5 corn                                        PLANT   0.1618930      0.0000000E+00   105.9515      0.0000000E+00   4.992260      6.7698513E-03   305.9207      0.0000000E+00   6.000000    
          10        2011           5           5 corn                                        PLANT   0.1618930      0.0000000E+00   115.2965      0.0000000E+00   4.994099      6.3978569E-03   298.6169      0.0000000E+00   6.000000    
          11        2011           5           5 corn                                        PLANT   0.1618930      0.0000000E+00   139.1627      0.0000000E+00   5.006113      7.1147229E-03   341.3990      0.0000000E+00   6.000000    
          12        2011           5           5 corn                                        PLANT   0.1618930      0.0000000E+00   120.0050      0.0000000E+00   4.997655      6.8175774E-03   305.0965      0.0000000E+00   6.000000    
           2        2011           6           6 null                                        FERT   0.2844217      0.1863297       199.1663       17.08686       2.769039      1.8718770E-03   282.2775       196.0000      0.0000000E+00  0.0000000E+00  0.0000000E+00  0.0000000E+00  0.0000000E+00
           1        2011           6          11 null                                        FERT   0.3047511      0.2110860       114.8384       14.32554       2.448969      1.8257650E-03   243.0609       123.2000      0.0000000E+00  0.0000000E+00  0.0000000E+00  0.0000000E+00  0.0000000E+00
           3        2011           6          11 null                                        FERT   0.3047511      0.2110860       116.2228       14.33927       2.450166      1.8314231E-03   301.5549       123.2000      0.0000000E+00  0.0000000E+00  0.0000000E+00  0.0000000E+00  0.0000000E+00
           4        2011           6          11 null                                        FERT   0.3047511      0.2110860       117.8749       14.32555       2.449728      1.9074397E-03   302.1068       123.2000      0.0000000E+00  0.0000000E+00  0.0000000E+00  0.0000000E+00  0.0000000E+00
           5        2011           6          11 null                                        FERT   0.3047511      0.2110860       117.3851       14.34016       2.450589      1.8406593E-03   310.3130       123.2000      0.0000000E+00  0.0000000E+00  0.0000000E+00  0.0000000E+00  0.0000000E+00
           6        2011           6          11 null                                        FERT   0.3047511      0.2110860       119.3678       14.33601       2.450662      1.9266786E-03   319.2166       123.2000      0.0000000E+00  0.0000000E+00  0.0000000E+00  0.0000000E+00  0.0000000E+00
           7        2011           6          11 null                                        FERT   0.3047511      0.2110860       113.9602       14.31714       2.448212      1.8220635E-03   238.1939       123.2000      0.0000000E+00  0.0000000E+00  0.0000000E+00  0.0000000E+00  0.0000000E+00
           8        2011           6          11 null                                        FERT   0.3047511      0.2110860       141.5127       14.30992       2.451236      1.8261310E-03   260.3969       123.2000      0.0000000E+00  0.0000000E+00  0.0000000E+00  0.0000000E+00  0.0000000E+00
           9        2011           6          11 null                                        FERT   0.3047511      0.2110860       120.9338       14.34977       2.451476      1.9206138E-03   306.1207       123.2000      0.0000000E+00  0.0000000E+00  0.0000000E+00  0.0000000E+00  0.0000000E+00
          10        2011           6          11 null                                        FERT   0.3047511      0.2110860       130.2338       14.33525       2.451972      1.8402265E-03   298.8146       123.2000      0.0000000E+00  0.0000000E+00  0.0000000E+00  0.0000000E+00  0.0000000E+00
          11        2011           6          11 null                                        FERT   0.3047511      0.2110860       154.0168       14.37485       2.456890      1.8176236E-03   341.6400       123.2000      0.0000000E+00  0.0000000E+00  0.0000000E+00  0.0000000E+00  0.0000000E+00
          12        2011           6          11 null                                        FERT   0.3047511      0.2110860       134.9237       14.35812       2.453551      1.8381968E-03   305.2996       123.2000      0.0000000E+00  0.0000000E+00  0.0000000E+00  0.0000000E+00  0.0000000E+00
           1        2011          11           5 corn                                        HARV/KILL   0.9385118      0.0000000E+00   14.64334       119.7685       42.93118      2.6393349E-03   243.2181       50.33336      0.0000000E+00  0.0000000E+00  0.0000000E+00  0.0000000E+00  0.0000000E+00
           3        2011          11           5 corn                                        HARV/KILL   0.9385118      0.0000000E+00   14.64338       119.7989       42.94037      2.7228759E-03   301.7458       50.34740      0.0000000E+00  0.0000000E+00  0.0000000E+00  0.0000000E+00  0.0000000E+00
           4        2011          11           5 corn                                        HARV/KILL   0.9385118      0.0000000E+00   14.64379       119.7841       42.93149      2.6553515E-03   302.2992       50.34472      0.0000000E+00  0.0000000E+00  0.0000000E+00  0.0000000E+00  0.0000000E+00
           5        2011          11           5 corn                                        HARV/KILL   0.9385118      0.0000000E+00   14.64349       119.8029       42.94011      2.7432421E-03   310.5084       50.35145      0.0000000E+00  0.0000000E+00  0.0000000E+00  0.0000000E+00  0.0000000E+00
           6        2011          11           5 corn                                        HARV/KILL   0.9385118      0.0000000E+00   14.64381       119.8086       42.93951      2.7096421E-03   319.4204       50.35546      0.0000000E+00  0.0000000E+00  0.0000000E+00  0.0000000E+00  0.0000000E+00
           7        2011          11           5 corn                                        HARV/KILL   0.9385118      0.0000000E+00   14.64332       119.7503       42.92595      2.5876928E-03   238.3518       50.32465      0.0000000E+00  0.0000000E+00  0.0000000E+00  0.0000000E+00  0.0000000E+00
           8        2011          11           5 corn                                        HARV/KILL   0.9385118      0.0000000E+00   14.64531       119.7496       42.89806      2.4616108E-03   260.5628       50.35074      0.0000000E+00  0.0000000E+00  0.0000000E+00  0.0000000E+00  0.0000000E+00
           9        2011          11           5 corn                                        HARV/KILL   0.9385118      0.0000000E+00   14.64373       119.8360       42.94912      2.7709471E-03   306.3141       50.36757      0.0000000E+00  0.0000000E+00  0.0000000E+00  0.0000000E+00  0.0000000E+00
          10        2011          11           5 corn                                        HARV/KILL   0.9385118      0.0000000E+00   14.64473       119.8009       42.92080      2.6879113E-03   299.0013       50.36782      0.0000000E+00  0.0000000E+00  0.0000000E+00  0.0000000E+00  0.0000000E+00
          11        2011          11           5 corn                                        HARV/KILL   0.9385118      0.0000000E+00   14.64355       119.8667       42.94956      2.8591095E-03   341.8491       50.39024      0.0000000E+00  0.0000000E+00  0.0000000E+00  0.0000000E+00  0.0000000E+00
          12        2011          11           5 corn                                        HARV/KILL   0.9385118      0.0000000E+00   14.64443       119.8456       42.94009      2.7993575E-03   305.4872       50.38366      0.0000000E+00  0.0000000E+00  0.0000000E+00  0.0000000E+00  0.0000000E+00
           1        2011          11          10 chisplow            TILLAGE   3.7242873E-03  0.0000000E+00   21.12836      0.0000000E+00   20.07722      2.8699280E-03   243.2192      0.6500000    
           2        2011          11          10 corn                                        HARV/KILL   0.9422361      0.0000000E+00   22.11807       120.0294       43.59007      2.7736169E-03   282.4491       49.57006      0.0000000E+00  0.0000000E+00  0.0000000E+00  0.0000000E+00  0.0000000E+00
           3        2011          11          10 chisplow            TILLAGE   3.7242873E-03  0.0000000E+00   21.12818      0.0000000E+00   20.08156      2.9744867E-03   301.7497      0.6500000    
           4        2011          11          10 chisplow            TILLAGE   3.7242873E-03  0.0000000E+00   21.12871      0.0000000E+00   20.07747      2.8900767E-03   302.3029      0.6500000    
           5        2011          11          10 chisplow            TILLAGE   3.7242873E-03  0.0000000E+00   21.12822      0.0000000E+00   20.08148      2.9991397E-03   310.5126      0.6500000    
           6        2011          11          10 chisplow            TILLAGE   3.7242873E-03  0.0000000E+00   21.12858      0.0000000E+00   20.08127      2.9584114E-03   319.4250      0.6500000    
           7        2011          11          10 chisplow            TILLAGE   3.7242873E-03  0.0000000E+00   21.12842      0.0000000E+00   20.07473      2.8049499E-03   238.3526      0.6500000    
           8        2011          11          10 chisplow            TILLAGE   3.7242873E-03  0.0000000E+00   21.13000      0.0000000E+00   20.06340      2.6446448E-03   260.5634      0.6500000    
           9        2011          11          10 chisplow            TILLAGE   3.7242873E-03  0.0000000E+00   21.12827      0.0000000E+00   20.08582      3.0325537E-03   306.3179      0.6500000    
          10        2011          11          10 chisplow            TILLAGE   3.7242873E-03  0.0000000E+00   21.12938      0.0000000E+00   20.07290      2.9310212E-03   299.0046      0.6500000    
          11        2011          11          10 chisplow            TILLAGE   3.7242873E-03  0.0000000E+00   21.12669      0.0000000E+00   20.08910      3.1402586E-03   341.8514      0.6500000    
          12        2011          11          10 chisplow            TILLAGE   3.7242873E-03  0.0000000E+00   21.12867      0.0000000E+00   20.08208      3.0666424E-03   305.4907      0.6500000    
           2        2011          11          11 null                                        FERT   1.8249970E-03  0.0000000E+00   49.73620      0.0000000E+00   43.04762      3.2529887E-03   282.4522       16.80000      0.0000000E+00  0.0000000E+00  0.0000000E+00  0.0000000E+00  0.0000000E+00
           2        2011          11          11 null                                        FERT   1.8249970E-03  0.0000000E+00   49.73620      0.0000000E+00   43.04762      3.2529887E-03   282.4522       34.30000      0.0000000E+00  0.0000000E+00  0.0000000E+00  0.0000000E+00  0.0000000E+00
           1        2011          12           2 null                                        FERT   3.2128144E-02  0.0000000E+00   20.70057      0.0000000E+00   15.32469      3.3152220E-03   243.3934       142.7000      0.0000000E+00  0.0000000E+00  0.0000000E+00  0.0000000E+00  0.0000000E+00
           3        2011          12           2 null                                        FERT   3.2128144E-02  0.0000000E+00   20.69971      0.0000000E+00   15.32819      3.4368958E-03   302.0605       142.7000      0.0000000E+00  0.0000000E+00  0.0000000E+00  0.0000000E+00  0.0000000E+00
           4        2011          12           2 null                                        FERT   3.2128144E-02  0.0000000E+00   20.70098      0.0000000E+00   15.32528      3.3118478E-03   302.6115       142.7000      0.0000000E+00  0.0000000E+00  0.0000000E+00  0.0000000E+00  0.0000000E+00
           5        2011          12           2 null                                        FERT   3.2128144E-02  0.0000000E+00   20.69971      0.0000000E+00   15.32827      3.4489187E-03   310.8422       142.7000      0.0000000E+00  0.0000000E+00  0.0000000E+00  0.0000000E+00  0.0000000E+00
           6        2011          12           2 null                                        FERT   3.2128144E-02  0.0000000E+00   20.70032      0.0000000E+00   15.32837      3.4043975E-03   319.7726       142.7000      0.0000000E+00  0.0000000E+00  0.0000000E+00  0.0000000E+00  0.0000000E+00
           7        2011          12           2 null                                        FERT   3.2128144E-02  0.0000000E+00   20.70090      0.0000000E+00   15.32269      3.2400440E-03   238.5169       142.7000      0.0000000E+00  0.0000000E+00  0.0000000E+00  0.0000000E+00  0.0000000E+00
           8        2011          12           2 null                                        FERT   3.2128144E-02  0.0000000E+00   20.70119      0.0000000E+00   15.31972      3.1346644E-03   260.7422       142.7000      0.0000000E+00  0.0000000E+00  0.0000000E+00  0.0000000E+00  0.0000000E+00
           9        2011          12           2 null                                        FERT   3.2128144E-02  0.0000000E+00   20.69911      0.0000000E+00   15.33202      3.5044553E-03   306.6327       142.7000      0.0000000E+00  0.0000000E+00  0.0000000E+00  0.0000000E+00  0.0000000E+00
          10        2011          12           2 null                                        FERT   3.2128144E-02  0.0000000E+00   20.70118      0.0000000E+00   15.32332      3.3836379E-03   299.2950       142.7000      0.0000000E+00  0.0000000E+00  0.0000000E+00  0.0000000E+00  0.0000000E+00
          11        2011          12           2 null                                        FERT   3.2128144E-02  0.0000000E+00   20.69271      0.0000000E+00   15.34400      3.6309401E-03   342.1680       142.7000      0.0000000E+00  0.0000000E+00  0.0000000E+00  0.0000000E+00  0.0000000E+00
          12        2011          12           2 null                                        FERT   3.2128144E-02  0.0000000E+00   20.69890      0.0000000E+00   15.33086      3.5444472E-03   305.7905       142.7000      0.0000000E+00  0.0000000E+00  0.0000000E+00  0.0000000E+00  0.0000000E+00
           1        2012           4           1 chisplow            TILLAGE   7.4731581E-02  0.0000000E+00   7.600680      0.0000000E+00   3.451293      5.3071901E-03   243.5223      0.6500000    
           3        2012           4           1 chisplow            TILLAGE   7.4731581E-02  0.0000000E+00   7.714474      0.0000000E+00   3.452473      5.5535929E-03   302.1743      0.6500000    
           4        2012           4           1 chisplow            TILLAGE   7.4731581E-02  0.0000000E+00   7.508676      0.0000000E+00   3.451792      5.3207716E-03   302.7247      0.6500000    
           5        2012           4           1 chisplow            TILLAGE   7.4731581E-02  0.0000000E+00   7.568048      0.0000000E+00   3.452664      5.5605341E-03   310.9538      0.6500000    
           6        2012           4           1 chisplow            TILLAGE   7.4731581E-02  0.0000000E+00   7.564186      0.0000000E+00   3.452829      5.4898821E-03   319.8794      0.6500000    
           7        2012           4           1 chisplow            TILLAGE   7.4731581E-02  0.0000000E+00   7.427717      0.0000000E+00   3.450669      5.1296772E-03   238.6459      0.6500000    
           8        2012           4           1 chisplow            TILLAGE   7.4731581E-02  0.0000000E+00   7.340638      0.0000000E+00   3.490916      4.6857609E-03   260.8625      0.6500000    
           9        2012           4           1 chisplow            TILLAGE   7.4731581E-02  0.0000000E+00   7.595289      0.0000000E+00   3.453978      5.6235213E-03   306.7429      0.6500000    
          10        2012           4           1 chisplow            TILLAGE   7.4731581E-02  0.0000000E+00   7.595986      0.0000000E+00   3.452966      5.4372745E-03   299.4055      0.6500000    
          11        2012           4           1 chisplow            TILLAGE   7.4731581E-02  0.0000000E+00   8.014844      0.0000000E+00   3.501724      5.8198944E-03   342.2579      0.6500000    
          12        2012           4           1 chisplow            TILLAGE   7.4731581E-02  0.0000000E+00   7.733723      0.0000000E+00   3.455413      5.6925900E-03   305.8981      0.6500000    
           2        2012           4          25 null                                        FERT   0.1381898      0.0000000E+00   42.26000      0.0000000E+00   9.958197      6.1841677E-03   282.8152       40.00000      0.0000000E+00  0.0000000E+00  0.0000000E+00  0.0000000E+00  0.0000000E+00
           2        2012           4          25 corn                                        PLANT   0.1381898      0.0000000E+00   42.26000      0.0000000E+00   9.958197      6.1841677E-03   282.8152      0.0000000E+00   6.000000    
           1        2012           4          28 corn                                        PLANT   0.1442606      0.0000000E+00   30.37883      0.0000000E+00   2.397518      6.3069249E-03   243.8766      0.0000000E+00   6.000000    
           3        2012           4          28 corn                                        PLANT   0.1442606      0.0000000E+00   30.38111      0.0000000E+00   2.398322      6.5980046E-03   302.7730      0.0000000E+00   6.000000    
           4        2012           4          28 corn                                        PLANT   0.1442606      0.0000000E+00   30.38683      0.0000000E+00   2.397871      6.2972642E-03   303.3164      0.0000000E+00   6.000000    
           5        2012           4          28 corn                                        PLANT   0.1442606      0.0000000E+00   30.38393      0.0000000E+00   2.398468      6.5860632E-03   311.5830      0.0000000E+00   6.000000    
           6        2012           4          28 corn                                        PLANT   0.1442606      0.0000000E+00   30.38936      0.0000000E+00   2.398580      6.5005897E-03   320.5415      0.0000000E+00   6.000000    
           7        2012           4          28 corn                                        PLANT   0.1442606      0.0000000E+00   30.37693      0.0000000E+00   2.397109      6.0995333E-03   238.9816      0.0000000E+00   6.000000    
           8        2012           4          28 corn                                        PLANT   0.1442606      0.0000000E+00   30.42245      0.0000000E+00   2.424983      5.6873979E-03   261.2351      0.0000000E+00   6.000000    
           9        2012           4          28 corn                                        PLANT   0.1442606      0.0000000E+00   30.39109      0.0000000E+00   2.399373      6.7010936E-03   307.3472      0.0000000E+00   6.000000    
          10        2012           4          28 corn                                        PLANT   0.1442606      0.0000000E+00   30.41047      0.0000000E+00   2.398649      6.4590569E-03   299.9705      0.0000000E+00   6.000000    
          11        2012           4          28 corn                                        PLANT   0.1442606      0.0000000E+00   30.41542      0.0000000E+00   2.432330      6.9725318E-03   342.9086      0.0000000E+00   6.000000    
          12        2012           4          28 corn                                        PLANT   0.1442606      0.0000000E+00   30.41330      0.0000000E+00   2.400322      6.7925048E-03   306.4806      0.0000000E+00   6.000000    
           1        2012           6           1 null                                        FERT   0.2639608      0.1648943       6.536250       9.985726       1.281840      1.6949759E-03   243.8660       181.4000      0.0000000E+00  0.0000000E+00  0.0000000E+00  0.0000000E+00  0.0000000E+00
           3        2012           6           1 null                                        FERT   0.2639608      0.1648943       6.536199       10.00598       1.282256      1.6949759E-03   302.7286       181.4000      0.0000000E+00  0.0000000E+00  0.0000000E+00  0.0000000E+00  0.0000000E+00
           4        2012           6           1 null                                        FERT   0.2639608      0.1648943       6.536242       9.985345       1.281999      1.6949759E-03   303.2743       181.4000      0.0000000E+00  0.0000000E+00  0.0000000E+00  0.0000000E+00  0.0000000E+00
           5        2012           6           1 null                                        FERT   0.2639608      0.1648943       6.536181       10.00531       1.282322      1.6949759E-03   311.5349       181.4000      0.0000000E+00  0.0000000E+00  0.0000000E+00  0.0000000E+00  0.0000000E+00
           6        2012           6           1 null                                        FERT   0.2639608      0.1648943       6.536209       9.999729       1.282365      1.6949759E-03   320.4901       181.4000      0.0000000E+00  0.0000000E+00  0.0000000E+00  0.0000000E+00  0.0000000E+00
           7        2012           6           1 null                                        FERT   0.2639608      0.1648943       6.536269       9.971312       1.281629      1.6949759E-03   238.9740       181.4000      0.0000000E+00  0.0000000E+00  0.0000000E+00  0.0000000E+00  0.0000000E+00
           8        2012           6           1 null                                        FERT   0.2639608      0.1648943       6.536302       9.944853       1.296103      1.6633854E-03   261.2307       181.4000      0.0000000E+00  0.0000000E+00  0.0000000E+00  0.0000000E+00  0.0000000E+00
           9        2012           6           1 null                                        FERT   0.2639608      0.1648943       6.536152       10.01351       1.282775      1.6949759E-03   307.3036       181.4000      0.0000000E+00  0.0000000E+00  0.0000000E+00  0.0000000E+00  0.0000000E+00
          10        2012           6           1 null                                        FERT   0.2639608      0.1648943       6.536224       9.996796       1.282302      1.6949759E-03   299.9340       181.4000      0.0000000E+00  0.0000000E+00  0.0000000E+00  0.0000000E+00  0.0000000E+00
          11        2012           6           1 null                                        FERT   0.2639608      0.1648943       6.535785       10.03077       1.299660      1.6620145E-03   342.8758       181.4000      0.0000000E+00  0.0000000E+00  0.0000000E+00  0.0000000E+00  0.0000000E+00
          12        2012           6           1 null                                        FERT   0.2639608      0.1648943       6.536110       10.02005       1.283157      1.6949759E-03   306.4421       181.4000      0.0000000E+00  0.0000000E+00  0.0000000E+00  0.0000000E+00  0.0000000E+00
           2        2012           6           4 null                                        FERT   0.2771204      0.1863236      0.3260345       10.47336       4.788797      1.6633258E-03   282.9044       194.9000      0.0000000E+00  0.0000000E+00  0.0000000E+00  0.0000000E+00  0.0000000E+00
           1        2012          10           7 corn                                        HARV/KILL   0.8859121      0.0000000E+00   1.163004       106.1524       45.77590      2.4203095E-03   243.9855       36.60217      0.0000000E+00  0.0000000E+00  0.0000000E+00  0.0000000E+00  0.0000000E+00
           3        2012          10           7 corn                                        HARV/KILL   0.8859121      0.0000000E+00   1.162997       106.1831       45.78912      2.4705592E-03   302.8403       36.61251      0.0000000E+00  0.0000000E+00  0.0000000E+00  0.0000000E+00  0.0000000E+00
           4        2012          10           7 corn                                        HARV/KILL   0.8859121      0.0000000E+00   1.163003       106.1516       45.77559      2.4303582E-03   303.3883       36.60187      0.0000000E+00  0.0000000E+00  0.0000000E+00  0.0000000E+00  0.0000000E+00
           5        2012          10           7 corn                                        HARV/KILL   0.8859121      0.0000000E+00   1.162996       106.1820       45.78874      2.4805558E-03   311.6467       36.61207      0.0000000E+00  0.0000000E+00  0.0000000E+00  0.0000000E+00  0.0000000E+00
           6        2012          10           7 corn                                        HARV/KILL   0.8859121      0.0000000E+00   1.162999       106.1730       45.78482      2.4638805E-03   320.6020       36.60909      0.0000000E+00  0.0000000E+00  0.0000000E+00  0.0000000E+00  0.0000000E+00
           7        2012          10           7 corn                                        HARV/KILL   0.8859121      0.0000000E+00   1.163006       106.1305       45.76654      2.3870883E-03   239.0947       36.59471      0.0000000E+00  0.0000000E+00  0.0000000E+00  0.0000000E+00  0.0000000E+00
           8        2012          10           7 corn                                        HARV/KILL   0.8859121      0.0000000E+00   1.163005       106.0795       45.74734      2.2703984E-03   261.3637       36.57724      0.0000000E+00  0.0000000E+00  0.0000000E+00  0.0000000E+00  0.0000000E+00
           9        2012          10           7 corn                                        HARV/KILL   0.8859121      0.0000000E+00   1.162991       106.1940       45.79391      2.4938015E-03   307.4169       36.61608      0.0000000E+00  0.0000000E+00  0.0000000E+00  0.0000000E+00  0.0000000E+00
          10        2012          10           7 corn                                        HARV/KILL   0.8859121      0.0000000E+00   1.163000       106.1686       45.78286      2.4504887E-03   300.0513       36.60763      0.0000000E+00  0.0000000E+00  0.0000000E+00  0.0000000E+00  0.0000000E+00
          11        2012          10           7 corn                                        HARV/KILL   0.8859121      0.0000000E+00   1.162948       106.2064       45.80324      2.5366445E-03   343.0144       36.61875      0.0000000E+00  0.0000000E+00  0.0000000E+00  0.0000000E+00  0.0000000E+00
          12        2012          10           7 corn                                        HARV/KILL   0.8859121      0.0000000E+00   1.162986       106.2036       45.79815      2.5077267E-03   306.5596       36.61919      0.0000000E+00  0.0000000E+00  0.0000000E+00  0.0000000E+00  0.0000000E+00
           1        2012          10           9 null                                        FERT   5.8119129E-03  0.0000000E+00  0.4347221      0.0000000E+00   44.28201      2.4224226E-03   243.9840       142.7000      0.0000000E+00  0.0000000E+00  0.0000000E+00  0.0000000E+00  0.0000000E+00
           3        2012          10           9 null                                        FERT   5.8119129E-03  0.0000000E+00  0.4347205      0.0000000E+00   44.29478      2.4726724E-03   302.8383       142.7000      0.0000000E+00  0.0000000E+00  0.0000000E+00  0.0000000E+00  0.0000000E+00
           4        2012          10           9 null                                        FERT   5.8119129E-03  0.0000000E+00  0.4347220      0.0000000E+00   44.28171      2.4324714E-03   303.3864       142.7000      0.0000000E+00  0.0000000E+00  0.0000000E+00  0.0000000E+00  0.0000000E+00
           5        2012          10           9 null                                        FERT   5.8119129E-03  0.0000000E+00  0.4347201      0.0000000E+00   44.29442      2.4826690E-03   311.6448       142.7000      0.0000000E+00  0.0000000E+00  0.0000000E+00  0.0000000E+00  0.0000000E+00
           6        2012          10           9 null                                        FERT   5.8119129E-03  0.0000000E+00  0.4347210      0.0000000E+00   44.29064      2.4659936E-03   320.5999       142.7000      0.0000000E+00  0.0000000E+00  0.0000000E+00  0.0000000E+00  0.0000000E+00
           7        2012          10           9 null                                        FERT   5.8119129E-03  0.0000000E+00  0.4347225      0.0000000E+00   44.27295      2.3892014E-03   239.0932       142.7000      0.0000000E+00  0.0000000E+00  0.0000000E+00  0.0000000E+00  0.0000000E+00
           8        2012          10           9 null                                        FERT   5.8119129E-03  0.0000000E+00  0.4347220      0.0000000E+00   44.25441      2.2722732E-03   261.3622       142.7000      0.0000000E+00  0.0000000E+00  0.0000000E+00  0.0000000E+00  0.0000000E+00
           9        2012          10           9 null                                        FERT   5.8119129E-03  0.0000000E+00  0.4347189      0.0000000E+00   44.29943      2.4959147E-03   307.4150       142.7000      0.0000000E+00  0.0000000E+00  0.0000000E+00  0.0000000E+00  0.0000000E+00
          10        2012          10           9 null                                        FERT   5.8119129E-03  0.0000000E+00  0.4347214      0.0000000E+00   44.28875      2.4526019E-03   300.0495       142.7000      0.0000000E+00  0.0000000E+00  0.0000000E+00  0.0000000E+00  0.0000000E+00
          11        2012          10           9 null                                        FERT   5.8119129E-03  0.0000000E+00  0.4347062      0.0000000E+00   44.30851      2.5380426E-03   343.0123       142.7000      0.0000000E+00  0.0000000E+00  0.0000000E+00  0.0000000E+00  0.0000000E+00
          12        2012          10           9 null                                        FERT   5.8119129E-03  0.0000000E+00  0.4347177      0.0000000E+00   44.30354      2.5098398E-03   306.5577       142.7000      0.0000000E+00  0.0000000E+00  0.0000000E+00  0.0000000E+00  0.0000000E+00
           1        2012          10          11 chisplow            TILLAGE   9.7063556E-03  0.0000000E+00  0.6755563      0.0000000E+00   21.45665      2.4244795E-03   243.9832      0.6500000    
           3        2012          10          11 chisplow            TILLAGE   9.7063556E-03  0.0000000E+00  0.6755559      0.0000000E+00   21.46284      2.4747292E-03   302.8371      0.6500000    
           4        2012          10          11 chisplow            TILLAGE   9.7063556E-03  0.0000000E+00  0.6755563      0.0000000E+00   21.45651      2.4345282E-03   303.3852      0.6500000    
           5        2012          10          11 chisplow            TILLAGE   9.7063556E-03  0.0000000E+00  0.6755556      0.0000000E+00   21.46267      2.4847258E-03   311.6434      0.6500000    
           6        2012          10          11 chisplow            TILLAGE   9.7063556E-03  0.0000000E+00  0.6755561      0.0000000E+00   21.46084      2.4680505E-03   320.5985      0.6500000    
           7        2012          10          11 chisplow            TILLAGE   9.7063556E-03  0.0000000E+00  0.6755562      0.0000000E+00   21.45226      2.3912583E-03   239.0924      0.6500000    
           8        2012          10          11 chisplow            TILLAGE   9.7063556E-03  0.0000000E+00  0.6755556      0.0000000E+00   21.44329      2.2740916E-03   261.3613      0.6500000    
           9        2012          10          11 chisplow            TILLAGE   9.7063556E-03  0.0000000E+00  0.6755552      0.0000000E+00   21.46510      2.4979715E-03   307.4137      0.6500000    
          10        2012          10          11 chisplow            TILLAGE   9.7063556E-03  0.0000000E+00  0.6755562      0.0000000E+00   21.45992      2.4546587E-03   300.0483      0.6500000    
          11        2012          10          11 chisplow            TILLAGE   9.7063556E-03  0.0000000E+00  0.6755501      0.0000000E+00   21.46951      2.5393842E-03   343.0108      0.6500000    
          12        2012          10          11 chisplow            TILLAGE   9.7063556E-03  0.0000000E+00  0.6755550      0.0000000E+00   21.46709      2.5118967E-03   306.5565      0.6500000    
           2        2012          11           8 corn                                        HARV/KILL   0.9564101      0.0000000E+00   12.63710       106.3015       46.03138      3.3712718E-03   283.2577       36.66839      0.0000000E+00  0.0000000E+00  0.0000000E+00  0.0000000E+00  0.0000000E+00
           2        2013           4          16 fldcult             TILLAGE   8.6980686E-02  0.0000000E+00   51.62384      0.0000000E+00   8.290148      5.8947653E-03   283.5134      0.5000000    
           2        2013           4          30 fldcult             TILLAGE   0.1097599      0.0000000E+00   86.21811      0.0000000E+00   3.950740      7.0586978E-03   283.6972      0.5000000    
           1        2013           5           1 fldcult             TILLAGE   0.1138941      0.0000000E+00   81.62889      0.0000000E+00   2.046482      6.9083562E-03   244.4795      0.5000000    
           3        2013           5           1 fldcult             TILLAGE   0.1138941      0.0000000E+00   81.74725      0.0000000E+00   2.047282      7.2077406E-03   303.5267      0.5000000    
           4        2013           5           1 fldcult             TILLAGE   0.1138941      0.0000000E+00   81.71590      0.0000000E+00   2.046759      6.9188215E-03   304.0695      0.5000000    
           5        2013           5           1 fldcult             TILLAGE   0.1138941      0.0000000E+00   81.75970      0.0000000E+00   2.047334      7.2397180E-03   312.3601      0.5000000    
           6        2013           5           1 fldcult             TILLAGE   0.1138941      0.0000000E+00   81.80211      0.0000000E+00   2.047350      7.1331942E-03   321.3345      0.5000000    
           7        2013           5           1 fldcult             TILLAGE   0.1138941      0.0000000E+00   81.56601      0.0000000E+00   2.045909      6.7839101E-03   239.5696      0.5000000    
           8        2013           5           1 fldcult             TILLAGE   0.1138941      0.0000000E+00   81.88335      0.0000000E+00   2.048905      6.5214345E-03   261.8649      0.5000000    
           9        2013           5           1 fldcult             TILLAGE   0.1138941      0.0000000E+00   81.80831      0.0000000E+00   2.047823      7.3771188E-03   308.1074      0.5000000    
          10        2013           5           1 fldcult             TILLAGE   0.1138941      0.0000000E+00   81.94271      0.0000000E+00   2.048155      7.0661502E-03   300.7076      0.5000000    
          11        2013           5           1 fldcult             TILLAGE   0.1138941      0.0000000E+00   82.10251      0.0000000E+00   2.055193      7.7349674E-03   343.8718      0.5000000    
          12        2013           5           1 fldcult             TILLAGE   0.1138941      0.0000000E+00   81.98889      0.0000000E+00   2.049154      7.4837543E-03   307.2351      0.5000000    
           1        2013           5           3 corn                                        PLANT   0.1187980      0.0000000E+00   120.1824      0.0000000E+00   2.000294      7.3206243E-03   244.5104      0.0000000E+00   6.000000    
           1        2013           5           3 null                                        FERT   0.1187980      0.0000000E+00   120.1824      0.0000000E+00   2.000294      7.3206243E-03   244.5104       26.00000      0.0000000E+00  0.0000000E+00  0.0000000E+00  0.0000000E+00  0.0000000E+00
           3        2013           5           3 corn                                        PLANT   0.1187980      0.0000000E+00   120.3457      0.0000000E+00   2.001076      7.6359189E-03   303.5756      0.0000000E+00   6.000000    
           3        2013           5           3 null                                        FERT   0.1187980      0.0000000E+00   120.3457      0.0000000E+00   2.001076      7.6359189E-03   303.5756       26.00000      0.0000000E+00  0.0000000E+00  0.0000000E+00  0.0000000E+00  0.0000000E+00
           4        2013           5           3 corn                                        PLANT   0.1187980      0.0000000E+00   120.3692      0.0000000E+00   2.000564      7.3127891E-03   304.1180      0.0000000E+00   6.000000    
           4        2013           5           3 null                                        FERT   0.1187980      0.0000000E+00   120.3692      0.0000000E+00   2.000564      7.3127891E-03   304.1180       26.00000      0.0000000E+00  0.0000000E+00  0.0000000E+00  0.0000000E+00  0.0000000E+00
           5        2013           5           3 corn                                        PLANT   0.1187980      0.0000000E+00   120.3962      0.0000000E+00   2.001126      7.6486073E-03   312.4116      0.0000000E+00   6.000000    
           5        2013           5           3 null                                        FERT   0.1187980      0.0000000E+00   120.3962      0.0000000E+00   2.001126      7.6486073E-03   312.4116       26.00000      0.0000000E+00  0.0000000E+00  0.0000000E+00  0.0000000E+00  0.0000000E+00
           6        2013           5           3 corn                                        PLANT   0.1187980      0.0000000E+00   120.5008      0.0000000E+00   2.001142      7.5536179E-03   321.3885      0.0000000E+00   6.000000    
           6        2013           5           3 null                                        FERT   0.1187980      0.0000000E+00   120.5008      0.0000000E+00   2.001142      7.5536179E-03   321.3885       26.00000      0.0000000E+00  0.0000000E+00  0.0000000E+00  0.0000000E+00  0.0000000E+00
           7        2013           5           3 corn                                        PLANT   0.1187980      0.0000000E+00   120.0899      0.0000000E+00   1.999733      7.1886317E-03   239.5990      0.0000000E+00   6.000000    
           7        2013           5           3 null                                        FERT   0.1187980      0.0000000E+00   120.0899      0.0000000E+00   1.999733      7.1886317E-03   239.5990       26.00000      0.0000000E+00  0.0000000E+00  0.0000000E+00  0.0000000E+00  0.0000000E+00
           8        2013           5           3 corn                                        PLANT   0.1187980      0.0000000E+00   121.0626      0.0000000E+00   2.002663      7.0374468E-03   261.8975      0.0000000E+00   6.000000    
           8        2013           5           3 null                                        FERT   0.1187980      0.0000000E+00   121.0626      0.0000000E+00   2.002663      7.0374468E-03   261.8975       26.00000      0.0000000E+00  0.0000000E+00  0.0000000E+00  0.0000000E+00  0.0000000E+00
           9        2013           5           3 corn                                        PLANT   0.1187980      0.0000000E+00   120.5535      0.0000000E+00   2.001605      7.8262482E-03   308.1573      0.0000000E+00   6.000000    
           9        2013           5           3 null                                        FERT   0.1187980      0.0000000E+00   120.5535      0.0000000E+00   2.001605      7.8262482E-03   308.1573       26.00000      0.0000000E+00  0.0000000E+00  0.0000000E+00  0.0000000E+00  0.0000000E+00
          10        2013           5           3 corn                                        PLANT   0.1187980      0.0000000E+00   120.9255      0.0000000E+00   2.001929      7.5072395E-03   300.7550      0.0000000E+00   6.000000    
          10        2013           5           3 null                                        FERT   0.1187980      0.0000000E+00   120.9255      0.0000000E+00   2.001929      7.5072395E-03   300.7550       26.00000      0.0000000E+00  0.0000000E+00  0.0000000E+00  0.0000000E+00  0.0000000E+00
          11        2013           5           3 corn                                        PLANT   0.1187980      0.0000000E+00   121.3800      0.0000000E+00   2.008810      8.2507376E-03   343.9281      0.0000000E+00   6.000000    
          11        2013           5           3 null                                        FERT   0.1187980      0.0000000E+00   121.3800      0.0000000E+00   2.008810      8.2507376E-03   343.9281       26.00000      0.0000000E+00  0.0000000E+00  0.0000000E+00  0.0000000E+00  0.0000000E+00
          12        2013           5           3 corn                                        PLANT   0.1187980      0.0000000E+00   121.0633      0.0000000E+00   2.002905      7.9547493E-03   307.2842      0.0000000E+00   6.000000    
          12        2013           5           3 null                                        FERT   0.1187980      0.0000000E+00   121.0633      0.0000000E+00   2.002905      7.9547493E-03   307.2842       26.00000      0.0000000E+00  0.0000000E+00  0.0000000E+00  0.0000000E+00  0.0000000E+00
           2        2013           5           5 null                                        FERT   0.1240525      0.0000000E+00   127.3588      0.0000000E+00   3.719999      7.9347584E-03   283.8217       18.29000      0.0000000E+00  0.0000000E+00  0.0000000E+00  0.0000000E+00  0.0000000E+00
           2        2013           5           5 null                                        FERT   0.1240525      0.0000000E+00   127.3588      0.0000000E+00   3.719999      7.9347584E-03   283.8217       5.350000      0.0000000E+00  0.0000000E+00  0.0000000E+00  0.0000000E+00  0.0000000E+00
           2        2013           5           5 null                                        FERT   0.1240525      0.0000000E+00   127.3588      0.0000000E+00   3.719999      7.9347584E-03   283.8217       6.740000      0.0000000E+00  0.0000000E+00  0.0000000E+00  0.0000000E+00  0.0000000E+00
           2        2013           5           6 corn                                        PLANT   0.1277452      0.0000000E+00   132.9474      0.0000000E+00   3.667307      8.1858533E-03   283.8445      0.0000000E+00   6.000000    
           1        2013           6           6 null                                        FERT   0.2451945      0.1763767       178.3817       12.18632       1.086368      4.5098192E-03   244.8565       182.6000      0.0000000E+00  0.0000000E+00  0.0000000E+00  0.0000000E+00  0.0000000E+00
           3        2013           6           6 null                                        FERT   0.2451945      0.1763767       178.7941       12.20735       1.086782      4.6771909E-03   304.0343       182.6000      0.0000000E+00  0.0000000E+00  0.0000000E+00  0.0000000E+00  0.0000000E+00
           4        2013           6           6 null                                        FERT   0.2451945      0.1763767       179.1229       12.15103       1.086495      4.8538325E-03   304.5783       182.6000      0.0000000E+00  0.0000000E+00  0.0000000E+00  0.0000000E+00  0.0000000E+00
           5        2013           6           6 null                                        FERT   0.2451945      0.1763767       179.0572       12.19460       1.086803      4.8249159E-03   312.8871       182.6000      0.0000000E+00  0.0000000E+00  0.0000000E+00  0.0000000E+00  0.0000000E+00
           6        2013           6           6 null                                        FERT   0.2451945      0.1763767       179.5139       12.16479       1.086801      5.0015324E-03   321.8781       182.6000      0.0000000E+00  0.0000000E+00  0.0000000E+00  0.0000000E+00  0.0000000E+00
           7        2013           6           6 null                                        FERT   0.2451945      0.1763767       178.1272       12.17825       1.086068      4.4351802E-03   239.9333       182.6000      0.0000000E+00  0.0000000E+00  0.0000000E+00  0.0000000E+00  0.0000000E+00
           8        2013           6           6 null                                        FERT   0.2451945      0.1763767       183.0921       12.02566       1.087457      5.1587550E-03   262.2765       182.6000      0.0000000E+00  0.0000000E+00  0.0000000E+00  0.0000000E+00  0.0000000E+00
           9        2013           6           6 null                                        FERT   0.2451945      0.1763767       179.8367       12.18208       1.087043      5.1603098E-03   308.6221       182.6000      0.0000000E+00  0.0000000E+00  0.0000000E+00  0.0000000E+00  0.0000000E+00
          10        2013           6           6 null                                        FERT   0.2451945      0.1763767       181.6500       12.11589       1.087171      5.1832953E-03   301.2072       182.6000      0.0000000E+00  0.0000000E+00  0.0000000E+00  0.0000000E+00  0.0000000E+00
          11        2013           6           6 null                                        FERT   0.2451945      0.1763767       184.1525       12.01675       1.090703      6.7631565E-03   344.4844       182.6000      0.0000000E+00  0.0000000E+00  0.0000000E+00  0.0000000E+00  0.0000000E+00
          12        2013           6           6 null                                        FERT   0.2451945      0.1763767       182.3871       12.11707       1.087681      5.6879167E-03   307.7488       182.6000      0.0000000E+00  0.0000000E+00  0.0000000E+00  0.0000000E+00  0.0000000E+00
           2        2013           6          17 null                                        FERT   0.2980155      0.2592613       163.4537       22.40650       1.652238      1.6342388E-03   284.2946       168.0000      0.0000000E+00  0.0000000E+00  0.0000000E+00  0.0000000E+00  0.0000000E+00
           2        2013          11           4 corn                                        HARV/KILL   0.9027176      0.0000000E+00   7.697949       105.7189       46.89130      3.2691134E-03   284.3095       34.48508      0.0000000E+00  0.0000000E+00  0.0000000E+00  0.0000000E+00  0.0000000E+00
           1        2013          11           9 corn                                        HARV/KILL   0.9091399      0.0000000E+00   29.72015       105.2804       46.59244      3.6791728E-03   244.9396       34.30943      0.0000000E+00  0.0000000E+00  0.0000000E+00  0.0000000E+00  0.0000000E+00
           3        2013          11           9 corn                                        HARV/KILL   0.9091399      0.0000000E+00   29.72166       105.3258       46.51239      3.8336907E-03   304.1353       34.41888      0.0000000E+00  0.0000000E+00  0.0000000E+00  0.0000000E+00  0.0000000E+00
           4        2013          11           9 corn                                        HARV/KILL   0.9091399      0.0000000E+00   29.72348       105.3006       46.41814      3.7064853E-03   304.6798       34.48964      0.0000000E+00  0.0000000E+00  0.0000000E+00  0.0000000E+00  0.0000000E+00
           5        2013          11           9 corn                                        HARV/KILL   0.9091399      0.0000000E+00   29.72253       105.3340       46.45096      3.8683449E-03   312.9898       34.48323      0.0000000E+00  0.0000000E+00  0.0000000E+00  0.0000000E+00  0.0000000E+00
           6        2013          11           9 corn                                        HARV/KILL   0.9091399      0.0000000E+00   29.72417       105.3341       46.33605      3.8110698E-03   321.9873       34.59227      0.0000000E+00  0.0000000E+00  0.0000000E+00  0.0000000E+00  0.0000000E+00
           7        2013          11           9 corn                                        HARV/KILL   0.9091399      0.0000000E+00   29.71773       104.6561       46.24611      3.6049217E-03   240.0180       34.18992      0.0000000E+00  0.0000000E+00  0.0000000E+00  0.0000000E+00  0.0000000E+00
           8        2013          11           9 corn                                        HARV/KILL   0.9091399      0.0000000E+00   29.73082       105.2878       45.38400      3.3869196E-03   262.5164       35.46231      0.0000000E+00  0.0000000E+00  0.0000000E+00  0.0000000E+00  0.0000000E+00
           9        2013          11           9 corn                                        HARV/KILL   0.9091399      0.0000000E+00   29.72423       105.3680       46.27060      3.9153532E-03   308.7244       34.67949      0.0000000E+00  0.0000000E+00  0.0000000E+00  0.0000000E+00  0.0000000E+00
          10        2013          11           9 corn                                        HARV/KILL   0.9091399      0.0000000E+00   29.72865       105.3354       45.78521      3.7664885E-03   301.3081       35.11665      0.0000000E+00  0.0000000E+00  0.0000000E+00  0.0000000E+00  0.0000000E+00
          11        2013          11           9 corn                                        HARV/KILL   0.9091399      0.0000000E+00   29.72729       105.4695       45.20337      4.0851114E-03   344.6650       35.76759      0.0000000E+00  0.0000000E+00  0.0000000E+00  0.0000000E+00  0.0000000E+00
          12        2013          11           9 corn                                        HARV/KILL   0.9091399      0.0000000E+00   29.72844       105.4031       45.62806      3.9631291E-03   307.8474       35.31569      0.0000000E+00  0.0000000E+00  0.0000000E+00  0.0000000E+00  0.0000000E+00
           1        2013          11          14 null                                        FERT   7.8417892E-03  0.0000000E+00   22.40566      0.0000000E+00   43.44894      3.6922584E-03   244.9452       336.0000      0.0000000E+00  0.0000000E+00  0.0000000E+00  0.0000000E+00  0.0000000E+00
           3        2013          11          14 null                                        FERT   7.8417892E-03  0.0000000E+00   22.40713      0.0000000E+00   43.37442      3.8467741E-03   304.1459       336.0000      0.0000000E+00  0.0000000E+00  0.0000000E+00  0.0000000E+00  0.0000000E+00
           4        2013          11          14 null                                        FERT   7.8417892E-03  0.0000000E+00   22.40892      0.0000000E+00   43.28668      3.7195657E-03   304.6903       336.0000      0.0000000E+00  0.0000000E+00  0.0000000E+00  0.0000000E+00  0.0000000E+00
           5        2013          11          14 null                                        FERT   7.8417892E-03  0.0000000E+00   22.40798      0.0000000E+00   43.31724      3.8814263E-03   313.0011       336.0000      0.0000000E+00  0.0000000E+00  0.0000000E+00  0.0000000E+00  0.0000000E+00
           6        2013          11          14 null                                        FERT   7.8417892E-03  0.0000000E+00   22.40958      0.0000000E+00   43.21025      3.8241476E-03   321.9994       336.0000      0.0000000E+00  0.0000000E+00  0.0000000E+00  0.0000000E+00  0.0000000E+00
           7        2013          11          14 null                                        FERT   7.8417892E-03  0.0000000E+00   22.40310      0.0000000E+00   43.12590      3.6180087E-03   240.0231       336.0000      0.0000000E+00  0.0000000E+00  0.0000000E+00  0.0000000E+00  0.0000000E+00
           8        2013          11          14 null                                        FERT   7.8417892E-03  0.0000000E+00   22.41584      0.0000000E+00   42.32601      3.3991358E-03   262.5081       336.0000      0.0000000E+00  0.0000000E+00  0.0000000E+00  0.0000000E+00  0.0000000E+00
           9        2013          11          14 null                                        FERT   7.8417892E-03  0.0000000E+00   22.40961      0.0000000E+00   43.14935      3.9284281E-03   308.7351       336.0000      0.0000000E+00  0.0000000E+00  0.0000000E+00  0.0000000E+00  0.0000000E+00
          10        2013          11          14 null                                        FERT   7.8417892E-03  0.0000000E+00   22.41384      0.0000000E+00   42.69751      3.7795443E-03   301.3180       336.0000      0.0000000E+00  0.0000000E+00  0.0000000E+00  0.0000000E+00  0.0000000E+00
          11        2013          11          14 null                                        FERT   7.8417892E-03  0.0000000E+00   22.41224      0.0000000E+00   42.16117      4.0971171E-03   344.6618       336.0000      0.0000000E+00  0.0000000E+00  0.0000000E+00  0.0000000E+00  0.0000000E+00
          12        2013          11          14 null                                        FERT   7.8417892E-03  0.0000000E+00   22.41357      0.0000000E+00   42.55134      3.9761164E-03   307.8576       336.0000      0.0000000E+00  0.0000000E+00  0.0000000E+00  0.0000000E+00  0.0000000E+00
           2        2013          11          21 null                                        FERT   2.2125054E-02  0.0000000E+00   17.00900      0.0000000E+00   37.31018      3.7434597E-03   284.3132       167.9600      0.0000000E+00  0.0000000E+00  0.0000000E+00  0.0000000E+00  0.0000000E+00
           2        2014           4          16 null                                        FERT   9.3272969E-02  0.0000000E+00   44.42472      0.0000000E+00   13.40398      5.2277078E-03   284.5625       57.10000      0.0000000E+00  0.0000000E+00  0.0000000E+00  0.0000000E+00  0.0000000E+00
           1        2014           4          24 fldcult             TILLAGE   0.1103207      0.0000000E+00   18.12210      0.0000000E+00   7.225213      5.3218864E-03   245.1666      0.5000000    
           3        2014           4          24 fldcult             TILLAGE   0.1103207      0.0000000E+00   18.12293      0.0000000E+00   7.213176      5.5542551E-03   304.4174      0.5000000    
           4        2014           4          24 fldcult             TILLAGE   0.1103207      0.0000000E+00   18.12636      0.0000000E+00   7.198902      5.3456305E-03   304.9607      0.5000000    
           5        2014           4          24 fldcult             TILLAGE   0.1103207      0.0000000E+00   18.12440      0.0000000E+00   7.203917      5.5920496E-03   313.2804      0.5000000    
           6        2014           4          24 fldcult             TILLAGE   0.1103207      0.0000000E+00   18.12739      0.0000000E+00   7.186548      5.5164830E-03   322.2811      0.5000000    
           7        2014           4          24 fldcult             TILLAGE   0.1103207      0.0000000E+00   18.12100      0.0000000E+00   7.171258      5.1927920E-03   240.2379      0.5000000    
           8        2014           4          24 fldcult             TILLAGE   0.1103207      0.0000000E+00   18.14423      0.0000000E+00   7.048470      4.9608662E-03   262.8046      0.5000000    
           9        2014           4          24 fldcult             TILLAGE   0.1103207      0.0000000E+00   18.12782      0.0000000E+00   7.176670      5.6725983E-03   309.0065      0.5000000    
          10        2014           4          24 fldcult             TILLAGE   0.1103207      0.0000000E+00   18.13841      0.0000000E+00   7.103591      5.4542325E-03   301.5815      0.5000000    
          11        2014           4          24 fldcult             TILLAGE   0.1103207      0.0000000E+00   18.13779      0.0000000E+00   7.030014      5.9468811E-03   345.0280      0.5000000    
          12        2014           4          24 fldcult             TILLAGE   0.1103207      0.0000000E+00   18.13902      0.0000000E+00   7.079949      5.7388931E-03   308.1272      0.5000000    
           1        2014           4          25 null                                        FERT   0.1112549      0.0000000E+00   20.76141      0.0000000E+00   7.145808      5.4261778E-03   245.1789       27.00000      0.0000000E+00  0.0000000E+00  0.0000000E+00  0.0000000E+00  0.0000000E+00
           1        2014           4          25 corn                                        PLANT   0.1112549      0.0000000E+00   20.76141      0.0000000E+00   7.145808      5.4261778E-03   245.1789      0.0000000E+00   6.000000    
           3        2014           4          25 null                                        FERT   0.1112549      0.0000000E+00   20.76223      0.0000000E+00   7.133903      5.6648972E-03   304.4387       27.00000      0.0000000E+00  0.0000000E+00  0.0000000E+00  0.0000000E+00  0.0000000E+00
           3        2014           4          25 corn                                        PLANT   0.1112549      0.0000000E+00   20.76223      0.0000000E+00   7.133903      5.6648972E-03   304.4387      0.0000000E+00   6.000000    
           4        2014           4          25 null                                        FERT   0.1112549      0.0000000E+00   20.76566      0.0000000E+00   7.119786      5.4511307E-03   304.9818       27.00000      0.0000000E+00  0.0000000E+00  0.0000000E+00  0.0000000E+00  0.0000000E+00
           4        2014           4          25 corn                                        PLANT   0.1112549      0.0000000E+00   20.76566      0.0000000E+00   7.119786      5.4511307E-03   304.9818      0.0000000E+00   6.000000    
           5        2014           4          25 null                                        FERT   0.1112549      0.0000000E+00   20.76370      0.0000000E+00   7.124746      5.7040518E-03   313.3029       27.00000      0.0000000E+00  0.0000000E+00  0.0000000E+00  0.0000000E+00  0.0000000E+00
           5        2014           4          25 corn                                        PLANT   0.1112549      0.0000000E+00   20.76370      0.0000000E+00   7.124746      5.7040518E-03   313.3029      0.0000000E+00   6.000000    
           6        2014           4          25 null                                        FERT   0.1112549      0.0000000E+00   20.76669      0.0000000E+00   7.107568      5.6262347E-03   322.3047       27.00000      0.0000000E+00  0.0000000E+00  0.0000000E+00  0.0000000E+00  0.0000000E+00
           6        2014           4          25 corn                                        PLANT   0.1112549      0.0000000E+00   20.76669      0.0000000E+00   7.107568      5.6262347E-03   322.3047      0.0000000E+00   6.000000    
           7        2014           4          25 null                                        FERT   0.1112549      0.0000000E+00   20.76030      0.0000000E+00   7.092446      5.2932752E-03   240.2496       27.00000      0.0000000E+00  0.0000000E+00  0.0000000E+00  0.0000000E+00  0.0000000E+00
           7        2014           4          25 corn                                        PLANT   0.1112549      0.0000000E+00   20.76030      0.0000000E+00   7.092446      5.2932752E-03   240.2496      0.0000000E+00   6.000000    
           8        2014           4          25 null                                        FERT   0.1112549      0.0000000E+00   20.78351      0.0000000E+00   6.971007      5.0500291E-03   262.8180       27.00000      0.0000000E+00  0.0000000E+00  0.0000000E+00  0.0000000E+00  0.0000000E+00
           8        2014           4          25 corn                                        PLANT   0.1112549      0.0000000E+00   20.78351      0.0000000E+00   6.971007      5.0500291E-03   262.8180      0.0000000E+00   6.000000    
           9        2014           4          25 null                                        FERT   0.1112549      0.0000000E+00   20.76713      0.0000000E+00   7.097798      5.7864548E-03   309.0280       27.00000      0.0000000E+00  0.0000000E+00  0.0000000E+00  0.0000000E+00  0.0000000E+00
           9        2014           4          25 corn                                        PLANT   0.1112549      0.0000000E+00   20.76713      0.0000000E+00   7.097798      5.7864548E-03   309.0280      0.0000000E+00   6.000000    
          10        2014           4          25 null                                        FERT   0.1112549      0.0000000E+00   20.77770      0.0000000E+00   7.025523      5.5622417E-03   301.6016       27.00000      0.0000000E+00  0.0000000E+00  0.0000000E+00  0.0000000E+00  0.0000000E+00
          10        2014           4          25 corn                                        PLANT   0.1112549      0.0000000E+00   20.77770      0.0000000E+00   7.025523      5.5622417E-03   301.6016      0.0000000E+00   6.000000    
          11        2014           4          25 null                                        FERT   0.1112549      0.0000000E+00   20.77708      0.0000000E+00   6.952754      6.0676318E-03   345.0511       27.00000      0.0000000E+00  0.0000000E+00  0.0000000E+00  0.0000000E+00  0.0000000E+00
          11        2014           4          25 corn                                        PLANT   0.1112549      0.0000000E+00   20.77708      0.0000000E+00   6.952754      6.0676318E-03   345.0511      0.0000000E+00   6.000000    
          12        2014           4          25 null                                        FERT   0.1112549      0.0000000E+00   20.77831      0.0000000E+00   7.002140      5.8546467E-03   308.1479       27.00000      0.0000000E+00  0.0000000E+00  0.0000000E+00  0.0000000E+00  0.0000000E+00
          12        2014           4          25 corn                                        PLANT   0.1112549      0.0000000E+00   20.77831      0.0000000E+00   7.002140      5.8546467E-03   308.1479      0.0000000E+00   6.000000    
           2        2014           5           5 corn                                        PLANT   0.1387248      0.0000000E+00   59.48594      0.0000000E+00   9.877691      6.7389044E-03   284.6996      0.0000000E+00   6.000000    
           1        2014           6           4 null                                        FERT   0.2518849      0.1885335       32.21782       11.33194       3.576606      1.6803727E-03   245.4739       180.3000      0.0000000E+00  0.0000000E+00  0.0000000E+00  0.0000000E+00  0.0000000E+00
           3        2014           6           4 null                                        FERT   0.2518849      0.1885335       32.24372       11.35120       3.570600      1.6803727E-03   304.8759       180.3000      0.0000000E+00  0.0000000E+00  0.0000000E+00  0.0000000E+00  0.0000000E+00
           4        2014           6           4 null                                        FERT   0.2518849      0.1885335       32.28104       11.33848       3.563486      1.6803727E-03   305.4186       180.3000      0.0000000E+00  0.0000000E+00  0.0000000E+00  0.0000000E+00  0.0000000E+00
           5        2014           6           4 null                                        FERT   0.2518849      0.1885335       32.26707       11.35555       3.565982      1.6803727E-03   313.7596       180.3000      0.0000000E+00  0.0000000E+00  0.0000000E+00  0.0000000E+00  0.0000000E+00
           6        2014           6           4 null                                        FERT   0.2518849      0.1885335       32.30678       11.35394       3.557323      1.6803727E-03   322.7829       180.3000      0.0000000E+00  0.0000000E+00  0.0000000E+00  0.0000000E+00  0.0000000E+00
           7        2014           6           4 null                                        FERT   0.2518849      0.1885335       32.19951       11.32117       3.549922      1.6803727E-03   240.5344       180.3000      0.0000000E+00  0.0000000E+00  0.0000000E+00  0.0000000E+00  0.0000000E+00
           8        2014           6           4 null                                        FERT   0.2518849      0.1885335       32.58345       11.31865       3.487908      1.6481862E-03   263.1529       180.3000      0.0000000E+00  0.0000000E+00  0.0000000E+00  0.0000000E+00  0.0000000E+00
           9        2014           6           4 null                                        FERT   0.2518849      0.1885335       32.33039       11.36839       3.552387      1.6803727E-03   309.4724       180.3000      0.0000000E+00  0.0000000E+00  0.0000000E+00  0.0000000E+00  0.0000000E+00
          10        2014           6           4 null                                        FERT   0.2518849      0.1885335       32.47641       11.35058       3.515947      1.6803727E-03   302.0246       180.3000      0.0000000E+00  0.0000000E+00  0.0000000E+00  0.0000000E+00  0.0000000E+00
          11        2014           6           4 null                                        FERT   0.2518849      0.1885335       32.59991       11.41691       3.477960      1.6481862E-03   345.5611       180.3000      0.0000000E+00  0.0000000E+00  0.0000000E+00  0.0000000E+00  0.0000000E+00
          12        2014           6           4 null                                        FERT   0.2518849      0.1885335       32.52007       11.38041       3.504125      1.6803727E-03   308.5829       180.3000      0.0000000E+00  0.0000000E+00  0.0000000E+00  0.0000000E+00  0.0000000E+00
           2        2014           6          11 null                                        FERT   0.2876835      0.2225117       20.87417       16.95637       4.868551      1.6324506E-03   284.9652       112.0000      0.0000000E+00  0.0000000E+00  0.0000000E+00  0.0000000E+00  0.0000000E+00
           2        2014          11           7 corn                                        HARV/KILL   0.9076365      0.0000000E+00   88.19726       125.8231       43.72069      4.0269238E-03   285.6617       54.15570      0.0000000E+00  0.0000000E+00  0.0000000E+00  0.0000000E+00  0.0000000E+00
           1        2014          11          10 corn                                        HARV/KILL   0.9118911      0.0000000E+00   81.78632       123.2989       43.53477      4.4390224E-03   245.9323       52.48003      0.0000000E+00  0.0000000E+00  0.0000000E+00  0.0000000E+00  0.0000000E+00
           3        2014          11          10 corn                                        HARV/KILL   0.9118911      0.0000000E+00   81.85358       123.3258       43.54655      4.6056653E-03   305.4683       52.48909      0.0000000E+00  0.0000000E+00  0.0000000E+00  0.0000000E+00  0.0000000E+00
           4        2014          11          10 corn                                        HARV/KILL   0.9118911      0.0000000E+00   81.94099       123.3029       43.53642      4.4353520E-03   306.0143       52.48103      0.0000000E+00  0.0000000E+00  0.0000000E+00  0.0000000E+00  0.0000000E+00
           5        2014          11          10 corn                                        HARV/KILL   0.9118911      0.0000000E+00   81.91115       123.3296       43.54823      4.5940829E-03   314.3721       52.49023      0.0000000E+00  0.0000000E+00  0.0000000E+00  0.0000000E+00  0.0000000E+00
           6        2014          11          10 corn                                        HARV/KILL   0.9118911      0.0000000E+00   82.00759       123.3242       43.54574      4.5564999E-03   323.4178       52.48819      0.0000000E+00  0.0000000E+00  0.0000000E+00  0.0000000E+00  0.0000000E+00
           7        2014          11          10 corn                                        HARV/KILL   0.9118911      0.0000000E+00   81.74050       123.2836       43.52695      4.3356116E-03   240.9834       52.47494      0.0000000E+00  0.0000000E+00  0.0000000E+00  0.0000000E+00  0.0000000E+00
           8        2014          11          10 corn                                        HARV/KILL   0.9118911      0.0000000E+00   82.68453       123.2767       43.52127      4.2946264E-03   263.7049       52.47232      0.0000000E+00  0.0000000E+00  0.0000000E+00  0.0000000E+00  0.0000000E+00
           9        2014          11          10 corn                                        HARV/KILL   0.9118911      0.0000000E+00   82.07092       123.3442       43.55448      4.7155381E-03   310.0753       52.49487      0.0000000E+00  0.0000000E+00  0.0000000E+00  0.0000000E+00  0.0000000E+00
          10        2014          11          10 corn                                        HARV/KILL   0.9118911      0.0000000E+00   82.42125       123.3251       43.54510      4.5584626E-03   302.6090       52.48810      0.0000000E+00  0.0000000E+00  0.0000000E+00  0.0000000E+00  0.0000000E+00
          11        2014          11          10 corn                                        HARV/KILL   0.9118911      0.0000000E+00   82.76512       123.3811       43.56970      5.0362493E-03   346.2918       52.50574      0.0000000E+00  0.0000000E+00  0.0000000E+00  0.0000000E+00  0.0000000E+00
          12        2014          11          10 corn                                        HARV/KILL   0.9118911      0.0000000E+00   82.53509       123.3610       43.56083      4.8049027E-03   309.2940       52.49995      0.0000000E+00  0.0000000E+00  0.0000000E+00  0.0000000E+00  0.0000000E+00
           1        2014          11          12 null                                        FERT   3.8474575E-03  0.0000000E+00   80.75207      0.0000000E+00   42.37985      4.4888910E-03   245.9279       152.7000      0.0000000E+00  0.0000000E+00  0.0000000E+00  0.0000000E+00  0.0000000E+00
           3        2014          11          12 null                                        FERT   3.8474575E-03  0.0000000E+00   80.81934      0.0000000E+00   42.39137      4.6623028E-03   305.4605       152.7000      0.0000000E+00  0.0000000E+00  0.0000000E+00  0.0000000E+00  0.0000000E+00
           4        2014          11          12 null                                        FERT   3.8474575E-03  0.0000000E+00   80.90675      0.0000000E+00   42.38155      4.4864547E-03   306.0067       152.7000      0.0000000E+00  0.0000000E+00  0.0000000E+00  0.0000000E+00  0.0000000E+00
           5        2014          11          12 null                                        FERT   3.8474575E-03  0.0000000E+00   80.87691      0.0000000E+00   42.39304      4.6522683E-03   314.3639       152.7000      0.0000000E+00  0.0000000E+00  0.0000000E+00  0.0000000E+00  0.0000000E+00
           6        2014          11          12 null                                        FERT   3.8474575E-03  0.0000000E+00   80.97335      0.0000000E+00   42.39069      4.6121418E-03   323.4092       152.7000      0.0000000E+00  0.0000000E+00  0.0000000E+00  0.0000000E+00  0.0000000E+00
           7        2014          11          12 null                                        FERT   3.8474575E-03  0.0000000E+00   80.70626      0.0000000E+00   42.37220      4.3817204E-03   240.9793       152.7000      0.0000000E+00  0.0000000E+00  0.0000000E+00  0.0000000E+00  0.0000000E+00
           8        2014          11          12 null                                        FERT   3.8474575E-03  0.0000000E+00   81.65029      0.0000000E+00   42.36803      4.3303035E-03   263.6947       152.7000      0.0000000E+00  0.0000000E+00  0.0000000E+00  0.0000000E+00  0.0000000E+00
           9        2014          11          12 null                                        FERT   3.8474575E-03  0.0000000E+00   81.03667      0.0000000E+00   42.39924      4.7759004E-03   310.0674       152.7000      0.0000000E+00  0.0000000E+00  0.0000000E+00  0.0000000E+00  0.0000000E+00
          10        2014          11          12 null                                        FERT   3.8474575E-03  0.0000000E+00   81.38700      0.0000000E+00   42.39042      4.6121925E-03   302.6016       152.7000      0.0000000E+00  0.0000000E+00  0.0000000E+00  0.0000000E+00  0.0000000E+00
          11        2014          11          12 null                                        FERT   3.8474575E-03  0.0000000E+00   81.73089      0.0000000E+00   42.41601      5.1057367E-03   346.2773       152.7000      0.0000000E+00  0.0000000E+00  0.0000000E+00  0.0000000E+00  0.0000000E+00
          12        2014          11          12 null                                        FERT   3.8474575E-03  0.0000000E+00   81.50085      0.0000000E+00   42.40586      4.8675686E-03   309.2808       152.7000      0.0000000E+00  0.0000000E+00  0.0000000E+00  0.0000000E+00  0.0000000E+00
           1        2014          11          16 chisplow            TILLAGE   6.3828169E-03  0.0000000E+00   76.18459      0.0000000E+00   20.12978      4.4932147E-03   245.9212      0.6500000    
           3        2014          11          16 chisplow            TILLAGE   6.3828169E-03  0.0000000E+00   76.25187      0.0000000E+00   20.13530      4.6666171E-03   305.4478      0.6500000    
           4        2014          11          16 chisplow            TILLAGE   6.3828169E-03  0.0000000E+00   76.33927      0.0000000E+00   20.13070      4.4907574E-03   305.9941      0.6500000    
           5        2014          11          16 chisplow            TILLAGE   6.3828169E-03  0.0000000E+00   76.30943      0.0000000E+00   20.13613      4.6565747E-03   314.3504      0.6500000    
           6        2014          11          16 chisplow            TILLAGE   6.3828169E-03  0.0000000E+00   76.40588      0.0000000E+00   20.13509      4.6164347E-03   323.3949      0.6500000    
           7        2014          11          16 chisplow            TILLAGE   6.3828169E-03  0.0000000E+00   76.13878      0.0000000E+00   20.12610      4.3860502E-03   240.9731      0.6500000    
           8        2014          11          16 chisplow            TILLAGE   6.3828169E-03  0.0000000E+00   77.08281      0.0000000E+00   20.12553      4.3338863E-03   263.6789      0.6500000    
           9        2014          11          16 chisplow            TILLAGE   6.3828169E-03  0.0000000E+00   76.46921      0.0000000E+00   20.13921      4.7801840E-03   310.0545      0.6500000    
          10        2014          11          16 chisplow            TILLAGE   6.3828169E-03  0.0000000E+00   76.81953      0.0000000E+00   20.13532      4.6164175E-03   302.5894      0.6500000    
          11        2014          11          16 chisplow            TILLAGE   6.3828169E-03  0.0000000E+00   77.16341      0.0000000E+00   20.14917      5.1089576E-03   346.2538      0.6500000    
          12        2014          11          16 chisplow            TILLAGE   6.3828169E-03  0.0000000E+00   76.93338      0.0000000E+00   20.14279      4.8717679E-03   309.2600      0.6500000    
           2        2014          12           2 null                                        FERT   2.6801260E-02  0.0000000E+00   73.87642      0.0000000E+00   31.61058      4.3413495E-03   285.5708       142.7000      0.0000000E+00  0.0000000E+00  0.0000000E+00  0.0000000E+00  0.0000000E+00
           1        2015           4          16 fldcult             TILLAGE   0.1068072      0.0000000E+00   19.53630      0.0000000E+00   3.854241      5.7382784E-03   246.0850      0.5000000    
           3        2015           4          16 fldcult             TILLAGE   0.1068072      0.0000000E+00   19.60375      0.0000000E+00   3.855617      6.0310736E-03   305.6245      0.5000000    
           4        2015           4          16 fldcult             TILLAGE   0.1068072      0.0000000E+00   19.69117      0.0000000E+00   3.854914      5.7646292E-03   306.1679      0.5000000    
           5        2015           4          16 fldcult             TILLAGE   0.1068072      0.0000000E+00   19.66140      0.0000000E+00   3.855950      6.0342946E-03   314.5299      0.5000000    
           6        2015           4          16 fldcult             TILLAGE   0.1068072      0.0000000E+00   19.75793      0.0000000E+00   3.856039      5.9656752E-03   323.5631      0.5000000    
           7        2015           4          16 fldcult             TILLAGE   0.1068072      0.0000000E+00   19.49040      0.0000000E+00   3.853338      5.5768336E-03   241.1287      0.5000000    
           8        2015           4          16 fldcult             TILLAGE   0.1068072      0.0000000E+00   20.43554      0.0000000E+00   3.858709      5.3484770E-03   263.8983      0.5000000    
           9        2015           4          16 fldcult             TILLAGE   0.1068072      0.0000000E+00   19.82141      0.0000000E+00   3.857039      6.1837183E-03   310.2233      0.5000000    
          10        2015           4          16 fldcult             TILLAGE   0.1068072      0.0000000E+00   20.17204      0.0000000E+00   3.857570      5.9344778E-03   302.8326      0.5000000    
          11        2015           4          16 fldcult             TILLAGE   0.1068072      0.0000000E+00   20.51813      0.0000000E+00   3.867673      6.5842359E-03   346.4452      0.5000000    
          12        2015           4          16 fldcult             TILLAGE   0.1068072      0.0000000E+00   20.28656      0.0000000E+00   3.859608      6.3033919E-03   309.4798      0.5000000    
           2        2015           4          28 corn                                        PLANT   0.1373328      0.0000000E+00   45.47860      0.0000000E+00   10.36508      5.9868335E-03   285.8917      0.0000000E+00   6.000000    
           1        2015           4          30 fldcult             TILLAGE   0.1417708      0.0000000E+00   34.32328      0.0000000E+00   1.834359      6.6741495E-03   246.2027      0.5000000    
           3        2015           4          30 fldcult             TILLAGE   0.1417708      0.0000000E+00   34.38976      0.0000000E+00   1.835012      7.0153684E-03   305.8275      0.5000000    
           4        2015           4          30 fldcult             TILLAGE   0.1417708      0.0000000E+00   34.47821      0.0000000E+00   1.834678      6.7096739E-03   306.3689      0.5000000    
           5        2015           4          30 fldcult             TILLAGE   0.1417708      0.0000000E+00   34.44731      0.0000000E+00   1.835171      7.0274901E-03   314.7437      0.5000000    
           6        2015           4          30 fldcult             TILLAGE   0.1417708      0.0000000E+00   34.54425      0.0000000E+00   1.835212      6.9436743E-03   323.7894      0.5000000    
           7        2015           4          30 fldcult             TILLAGE   0.1417708      0.0000000E+00   34.27776      0.0000000E+00   1.833930      6.4779832E-03   241.2408      0.5000000    
           8        2015           4          30 fldcult             TILLAGE   0.1417708      0.0000000E+00   35.22176      0.0000000E+00   1.836455      6.1470256E-03   264.0370      0.5000000    
           9        2015           4          30 fldcult             TILLAGE   0.1417708      0.0000000E+00   34.60655      0.0000000E+00   1.835687      7.1892282E-03   310.4288      0.5000000    
          10        2015           4          30 fldcult             TILLAGE   0.1417708      0.0000000E+00   34.95849      0.0000000E+00   1.835932      6.9003832E-03   303.0331      0.5000000    
          11        2015           4          30 fldcult             TILLAGE   0.1417708      0.0000000E+00   35.29587      0.0000000E+00   1.840701      7.6216981E-03   346.6889      0.5000000    
          12        2015           4          30 fldcult             TILLAGE   0.1417708      0.0000000E+00   35.07058      0.0000000E+00   1.836899      7.3227244E-03   309.6831      0.5000000    
           1        2015           5           6 corn                                        PLANT   0.1620649      0.0000000E+00   24.94842      0.0000000E+00   1.711063      6.9187856E-03   246.2746      0.0000000E+00   6.000000    
           3        2015           5           6 corn                                        PLANT   0.1620649      0.0000000E+00   25.01506      0.0000000E+00   1.711672      7.2865114E-03   305.9519      0.0000000E+00   6.000000    
           4        2015           5           6 corn                                        PLANT   0.1620649      0.0000000E+00   25.10334      0.0000000E+00   1.711360      6.9525675E-03   306.4920      0.0000000E+00   6.000000    
           5        2015           5           6 corn                                        PLANT   0.1620649      0.0000000E+00   25.07262      0.0000000E+00   1.711820      7.3001655E-03   314.8746      0.0000000E+00   6.000000    
           6        2015           5           6 corn                                        PLANT   0.1620649      0.0000000E+00   25.16949      0.0000000E+00   1.711858      7.2074626E-03   323.9281      0.0000000E+00   6.000000    
           7        2015           5           6 corn                                        PLANT   0.1620649      0.0000000E+00   24.90284      0.0000000E+00   1.710662      6.7067663E-03   241.3091      0.0000000E+00   6.000000    
           8        2015           5           6 corn                                        PLANT   0.1620649      0.0000000E+00   25.84703      0.0000000E+00   1.713012      6.3613807E-03   264.1186      0.0000000E+00   6.000000    
           9        2015           5           6 corn                                        PLANT   0.1620649      0.0000000E+00   25.23199      0.0000000E+00   1.712301      7.4742655E-03   310.5548      0.0000000E+00   6.000000    
          10        2015           5           6 corn                                        PLANT   0.1620649      0.0000000E+00   25.58372      0.0000000E+00   1.712528      7.1601397E-03   303.1540      0.0000000E+00   6.000000    
          11        2015           5           6 corn                                        PLANT   0.1620649      0.0000000E+00   25.92228      0.0000000E+00   1.716966      7.9372339E-03   346.8307      0.0000000E+00   6.000000    
          12        2015           5           6 corn                                        PLANT   0.1620649      0.0000000E+00   25.69613      0.0000000E+00   1.713429      7.6167425E-03   309.8065      0.0000000E+00   6.000000    
           2        2015           6           1 null                                        FERT   0.2510984      0.1411718       52.40634       8.813950       5.607160      1.6598688E-03   286.0693       210.6000      0.0000000E+00  0.0000000E+00  0.0000000E+00  0.0000000E+00  0.0000000E+00
           1        2015           6          17 null                                        FERT   0.3268922      0.2404153       82.86625       17.66515      0.7898675      1.6662464E-03   246.4648       119.5000      0.0000000E+00  0.0000000E+00  0.0000000E+00  0.0000000E+00  0.0000000E+00
           3        2015           6          17 null                                        FERT   0.3268922      0.2404153       82.95757       17.68558      0.7901301      1.6662464E-03   306.2519       119.5000      0.0000000E+00  0.0000000E+00  0.0000000E+00  0.0000000E+00  0.0000000E+00
           4        2015           6          17 null                                        FERT   0.3268922      0.2404153       83.07532       17.67204      0.7899634      1.6662464E-03   306.7913       119.5000      0.0000000E+00  0.0000000E+00  0.0000000E+00  0.0000000E+00  0.0000000E+00
           5        2015           6          17 null                                        FERT   0.3268922      0.2404153       83.03561       17.68812      0.7901824      1.6662464E-03   315.1891       119.5000      0.0000000E+00  0.0000000E+00  0.0000000E+00  0.0000000E+00  0.0000000E+00
           6        2015           6          17 null                                        FERT   0.3268922      0.2404153       83.16606       17.68799      0.7901745      1.6662464E-03   324.2607       119.5000      0.0000000E+00  0.0000000E+00  0.0000000E+00  0.0000000E+00  0.0000000E+00
           7        2015           6          17 null                                        FERT   0.3268922      0.2404153       82.80442       17.65321      0.7896937      1.6662464E-03   241.4918       119.5000      0.0000000E+00  0.0000000E+00  0.0000000E+00  0.0000000E+00  0.0000000E+00
           8        2015           6          17 null                                        FERT   0.3268922      0.2404153       84.09215       17.65007      0.7902616      1.6325102E-03   264.3582       119.5000      0.0000000E+00  0.0000000E+00  0.0000000E+00  0.0000000E+00  0.0000000E+00
           9        2015           6          17 null                                        FERT   0.3268922      0.2404153       83.25288       17.70517      0.7903598      1.6662464E-03   310.8607       119.5000      0.0000000E+00  0.0000000E+00  0.0000000E+00  0.0000000E+00  0.0000000E+00
          10        2015           6          17 null                                        FERT   0.3268922      0.2404153       83.73120       17.68744      0.7903497      1.6662464E-03   303.4646       119.5000      0.0000000E+00  0.0000000E+00  0.0000000E+00  0.0000000E+00  0.0000000E+00
          11        2015           6          17 null                                        FERT   0.3268922      0.2404153       84.20650       17.75961      0.7917079      1.6286359E-03   347.2123       119.5000      0.0000000E+00  0.0000000E+00  0.0000000E+00  0.0000000E+00  0.0000000E+00
          12        2015           6          17 null                                        FERT   0.3268922      0.2404153       83.88976       17.72038      0.7907161      1.6662464E-03   310.1208       119.5000      0.0000000E+00  0.0000000E+00  0.0000000E+00  0.0000000E+00  0.0000000E+00
           2        2015          10           7 corn                                        HARV/KILL   0.8502334      0.0000000E+00   73.98363       124.3369       43.32637      2.6829434E-03   286.7816       53.68957      0.0000000E+00  0.0000000E+00  0.0000000E+00  0.0000000E+00  0.0000000E+00
           2        2015          10           9 null                                        FERT   4.9561975E-03  0.0000000E+00   68.38078      0.0000000E+00   41.89940      2.6900212E-03   286.7706       142.7000      0.0000000E+00  0.0000000E+00  0.0000000E+00  0.0000000E+00  0.0000000E+00
           1        2015          11           4 corn                                        HARV/KILL   0.9155204      0.0000000E+00   41.60162       124.3276       43.05269      3.5337599E-03   246.7823       53.50180      0.0000000E+00  0.0000000E+00  0.0000000E+00  0.0000000E+00  0.0000000E+00
           3        2015          11           4 corn                                        HARV/KILL   0.9155204      0.0000000E+00   41.65614       124.3657       43.06888      3.6560695E-03   306.6100       53.51530      0.0000000E+00  0.0000000E+00  0.0000000E+00  0.0000000E+00  0.0000000E+00
           4        2015          11           4 corn                                        HARV/KILL   0.9155204      0.0000000E+00   41.73171       124.3320       43.05400      3.5575710E-03   307.1548       53.50384      0.0000000E+00  0.0000000E+00  0.0000000E+00  0.0000000E+00  0.0000000E+00
           5        2015          11           4 corn                                        HARV/KILL   0.9155204      0.0000000E+00   41.70429       124.3674       43.06941      3.6871606E-03   315.5555       53.51611      0.0000000E+00  0.0000000E+00  0.0000000E+00  0.0000000E+00  0.0000000E+00
           6        2015          11           4 corn                                        HARV/KILL   0.9155204      0.0000000E+00   41.78681       124.3586       43.06532      3.6372386E-03   324.6349       53.51329      0.0000000E+00  0.0000000E+00  0.0000000E+00  0.0000000E+00  0.0000000E+00
           7        2015          11           4 corn                                        HARV/KILL   0.9155204      0.0000000E+00   41.56406       124.3056       43.04338      3.4548908E-03   241.8055       53.49396      0.0000000E+00  0.0000000E+00  0.0000000E+00  0.0000000E+00  0.0000000E+00
           8        2015          11           4 corn                                        HARV/KILL   0.9155204      0.0000000E+00   42.39396       124.2671       43.02103      3.1915817E-03   264.7758       53.48593      0.0000000E+00  0.0000000E+00  0.0000000E+00  0.0000000E+00  0.0000000E+00
           9        2015          11           4 corn                                        HARV/KILL   0.9155204      0.0000000E+00   41.83846       124.3865       43.07724      3.7300151E-03   311.2259       53.52312      0.0000000E+00  0.0000000E+00  0.0000000E+00  0.0000000E+00  0.0000000E+00
          10        2015          11           4 corn                                        HARV/KILL   0.9155204      0.0000000E+00   42.14719       124.3551       43.06167      3.6051373E-03   303.8815       53.51409      0.0000000E+00  0.0000000E+00  0.0000000E+00  0.0000000E+00  0.0000000E+00
          11        2015          11           4 corn                                        HARV/KILL   0.9155204      0.0000000E+00   42.46193       124.4283       43.09203      3.8835388E-03   347.7173       53.54082      0.0000000E+00  0.0000000E+00  0.0000000E+00  0.0000000E+00  0.0000000E+00
          12        2015          11           4 corn                                        HARV/KILL   0.9155204      0.0000000E+00   42.24859       124.4034       43.08246      3.7733498E-03   310.5483       53.53102      0.0000000E+00  0.0000000E+00  0.0000000E+00  0.0000000E+00  0.0000000E+00
           1        2015          11          21 null                                        FERT   2.6160244E-02  0.0000000E+00   61.18056      0.0000000E+00   33.83953      4.3651019E-03   246.7829       167.9600      0.0000000E+00  0.0000000E+00  0.0000000E+00  0.0000000E+00  0.0000000E+00
           3        2015          11          21 null                                        FERT   2.6160244E-02  0.0000000E+00   61.23457      0.0000000E+00   33.85266      4.5645176E-03   306.6122       167.9600      0.0000000E+00  0.0000000E+00  0.0000000E+00  0.0000000E+00  0.0000000E+00
           4        2015          11          21 null                                        FERT   2.6160244E-02  0.0000000E+00   61.31071      0.0000000E+00   33.84143      4.4036997E-03   307.1568       167.9600      0.0000000E+00  0.0000000E+00  0.0000000E+00  0.0000000E+00  0.0000000E+00
           5        2015          11          21 null                                        FERT   2.6160244E-02  0.0000000E+00   61.28271      0.0000000E+00   33.85340      4.6136384E-03   315.5578       167.9600      0.0000000E+00  0.0000000E+00  0.0000000E+00  0.0000000E+00  0.0000000E+00
           6        2015          11          21 null                                        FERT   2.6160244E-02  0.0000000E+00   61.36544      0.0000000E+00   33.85075      4.5341472E-03   324.6375       167.9600      0.0000000E+00  0.0000000E+00  0.0000000E+00  0.0000000E+00  0.0000000E+00
           7        2015          11          21 null                                        FERT   2.6160244E-02  0.0000000E+00   61.14319      0.0000000E+00   33.83194      4.2440556E-03   241.8062       167.9600      0.0000000E+00  0.0000000E+00  0.0000000E+00  0.0000000E+00  0.0000000E+00
           8        2015          11          21 null                                        FERT   2.6160244E-02  0.0000000E+00   61.97224      0.0000000E+00   33.82593      3.8582480E-03   264.7376       167.9600      0.0000000E+00  0.0000000E+00  0.0000000E+00  0.0000000E+00  0.0000000E+00
           9        2015          11          21 null                                        FERT   2.6160244E-02  0.0000000E+00   61.41644      0.0000000E+00   33.86053      4.6807611E-03   311.2278       167.9600      0.0000000E+00  0.0000000E+00  0.0000000E+00  0.0000000E+00  0.0000000E+00
          10        2015          11          21 null                                        FERT   2.6160244E-02  0.0000000E+00   61.72589      0.0000000E+00   33.85082      4.4811824E-03   303.8569       167.9600      0.0000000E+00  0.0000000E+00  0.0000000E+00  0.0000000E+00  0.0000000E+00
          11        2015          11          21 null                                        FERT   2.6160244E-02  0.0000000E+00   62.03661      0.0000000E+00   33.89020      4.9248682E-03   347.6756       167.9600      0.0000000E+00  0.0000000E+00  0.0000000E+00  0.0000000E+00  0.0000000E+00
          12        2015          11          21 null                                        FERT   2.6160244E-02  0.0000000E+00   61.82617      0.0000000E+00   33.86828      4.7485880E-03   310.5208       167.9600      0.0000000E+00  0.0000000E+00  0.0000000E+00  0.0000000E+00  0.0000000E+00
           1        2016           3          31 fldcult             TILLAGE   5.6720179E-02  0.0000000E+00   101.8877      0.0000000E+00   8.834438      6.3647698E-03   246.8770      0.5000000    
           3        2016           3          31 fldcult             TILLAGE   5.6720179E-02  0.0000000E+00   102.5163      0.0000000E+00   8.838193      6.6440357E-03   306.6627      0.5000000    
           4        2016           3          31 fldcult             TILLAGE   5.6720179E-02  0.0000000E+00   103.2618      0.0000000E+00   8.835630      6.4079184E-03   307.1998      0.5000000    
           5        2016           3          31 fldcult             TILLAGE   5.6720179E-02  0.0000000E+00   103.0412      0.0000000E+00   8.838642      6.7035109E-03   315.6037      0.5000000    
           6        2016           3          31 fldcult             TILLAGE   5.6720179E-02  0.0000000E+00   103.9308      0.0000000E+00   8.838389      6.6143638E-03   324.6358      0.5000000    
           7        2016           3          31 fldcult             TILLAGE   5.6720179E-02  0.0000000E+00   101.4868      0.0000000E+00   8.832256      6.2192492E-03   241.8753      0.5000000    
           8        2016           3          31 fldcult             TILLAGE   5.6720179E-02  0.0000000E+00   112.9998      0.0000000E+00   8.838062      5.8204443E-03   264.8456      0.5000000    
           9        2016           3          31 fldcult             TILLAGE   5.6720179E-02  0.0000000E+00   104.6270      0.0000000E+00   8.841268      6.8216957E-03   311.2522      0.5000000    
          10        2016           3          31 fldcult             TILLAGE   5.6720179E-02  0.0000000E+00   108.6272      0.0000000E+00   8.840557      6.4889048E-03   303.9823      0.5000000    
          11        2016           3          31 fldcult             TILLAGE   5.6720179E-02  0.0000000E+00   116.5866      0.0000000E+00   8.858332      7.0265443E-03   347.8666      0.5000000    
          12        2016           3          31 fldcult             TILLAGE   5.6720179E-02  0.0000000E+00   110.5228      0.0000000E+00   8.845890      6.8480591E-03   310.6715      0.5000000    
           1        2016           4          16 null                                        FERT   9.6512824E-02  0.0000000E+00   71.42181      0.0000000E+00   7.219680      6.7776162E-03   247.0030       38.30000      0.0000000E+00  0.0000000E+00  0.0000000E+00  0.0000000E+00  0.0000000E+00
           3        2016           4          16 null                                        FERT   9.6512824E-02  0.0000000E+00   72.48006      0.0000000E+00   7.222764      7.0732781E-03   306.8448       38.30000      0.0000000E+00  0.0000000E+00  0.0000000E+00  0.0000000E+00  0.0000000E+00
           4        2016           4          16 null                                        FERT   9.6512824E-02  0.0000000E+00   72.88420      0.0000000E+00   7.220686      6.8241232E-03   307.3829       38.30000      0.0000000E+00  0.0000000E+00  0.0000000E+00  0.0000000E+00  0.0000000E+00
           5        2016           4          16 null                                        FERT   9.6512824E-02  0.0000000E+00   73.06139      0.0000000E+00   7.223144      7.1359780E-03   315.7938       38.30000      0.0000000E+00  0.0000000E+00  0.0000000E+00  0.0000000E+00  0.0000000E+00
           6        2016           4          16 null                                        FERT   9.6512824E-02  0.0000000E+00   73.84087      0.0000000E+00   7.222950      7.0412848E-03   324.8358       38.30000      0.0000000E+00  0.0000000E+00  0.0000000E+00  0.0000000E+00  0.0000000E+00
           7        2016           4          16 null                                        FERT   9.6512824E-02  0.0000000E+00   70.81676      0.0000000E+00   7.217890      6.6193249E-03   241.9979       38.30000      0.0000000E+00  0.0000000E+00  0.0000000E+00  0.0000000E+00  0.0000000E+00
           8        2016           4          16 null                                        FERT   9.6512824E-02  0.0000000E+00   81.86361      0.0000000E+00   7.222910      6.1702901E-03   265.0061       38.30000      0.0000000E+00  0.0000000E+00  0.0000000E+00  0.0000000E+00  0.0000000E+00
           9        2016           4          16 null                                        FERT   9.6512824E-02  0.0000000E+00   74.72838      0.0000000E+00   7.225317      7.2596362E-03   311.4382       38.30000      0.0000000E+00  0.0000000E+00  0.0000000E+00  0.0000000E+00  0.0000000E+00
          10        2016           4          16 null                                        FERT   9.6512824E-02  0.0000000E+00   78.41274      0.0000000E+00   7.224811      6.9108335E-03   304.1779       38.30000      0.0000000E+00  0.0000000E+00  0.0000000E+00  0.0000000E+00  0.0000000E+00
          11        2016           4          16 null                                        FERT   9.6512824E-02  0.0000000E+00   87.31634      0.0000000E+00   7.239577      7.4919206E-03   348.1225       38.30000      0.0000000E+00  0.0000000E+00  0.0000000E+00  0.0000000E+00  0.0000000E+00
          12        2016           4          16 null                                        FERT   9.6512824E-02  0.0000000E+00   80.73137      0.0000000E+00   7.229196      7.2944853E-03   310.8748       38.30000      0.0000000E+00  0.0000000E+00  0.0000000E+00  0.0000000E+00  0.0000000E+00
           2        2016           4          28 corn                                        PLANT   0.1202461      0.0000000E+00   96.74609      0.0000000E+00   6.436722      6.8164184E-03   287.2573      0.0000000E+00   6.000000    
           1        2016           5           5 corn                                        PLANT   0.1420543      0.0000000E+00   105.8490      0.0000000E+00   5.398974      8.2144728E-03   247.1250      0.0000000E+00   6.000000    
           3        2016           5           5 corn                                        PLANT   0.1420543      0.0000000E+00   107.3048      0.0000000E+00   5.401315      8.6037843E-03   307.0226      0.0000000E+00   6.000000    
           4        2016           5           5 corn                                        PLANT   0.1420543      0.0000000E+00   107.4141      0.0000000E+00   5.399767      8.2495790E-03   307.5618      0.0000000E+00   6.000000    
           5        2016           5           5 corn                                        PLANT   0.1420543      0.0000000E+00   107.9497      0.0000000E+00   5.401613      8.6607561E-03   315.9793      0.0000000E+00   6.000000    
           6        2016           5           5 corn                                        PLANT   0.1420543      0.0000000E+00   108.6443      0.0000000E+00   5.401487      8.5467314E-03   325.0345      0.0000000E+00   6.000000    
           7        2016           5           5 corn                                        PLANT   0.1420543      0.0000000E+00   105.0333      0.0000000E+00   5.397617      7.9962108E-03   242.1184      0.0000000E+00   6.000000    
           8        2016           5           5 corn                                        PLANT   0.1420543      0.0000000E+00   115.7885      0.0000000E+00   5.401719      7.4886521E-03   265.2048      0.0000000E+00   6.000000    
           9        2016           5           5 corn                                        PLANT   0.1420543      0.0000000E+00   109.7109      0.0000000E+00   5.403284      8.8394042E-03   311.6219      0.0000000E+00   6.000000    
          10        2016           5           5 corn                                        PLANT   0.1420543      0.0000000E+00   113.1785      0.0000000E+00   5.402987      8.4110843E-03   304.3716      0.0000000E+00   6.000000    
          11        2016           5           5 corn                                        PLANT   0.1420543      0.0000000E+00   122.6562      0.0000000E+00   5.414381      9.2313075E-03   348.3676      0.0000000E+00   6.000000    
          12        2016           5           5 corn                                        PLANT   0.1420543      0.0000000E+00   115.8650      0.0000000E+00   5.406322      8.9186141E-03   311.0744      0.0000000E+00   6.000000    
           2        2016           6           1 null                                        FERT   0.2405700      0.1667894       120.7361       14.13473       3.428305      2.6207401E-03   287.5315       210.0000      0.0000000E+00  0.0000000E+00  0.0000000E+00  0.0000000E+00  0.0000000E+00
           1        2016           6          11 null                                        FERT   0.2918567      0.2326315       70.98705       19.48064       2.635308      1.6592131E-03   247.2930       123.2000      0.0000000E+00  0.0000000E+00  0.0000000E+00  0.0000000E+00  0.0000000E+00
           3        2016           6          11 null                                        FERT   0.2918567      0.2326315       72.91541       19.51905       2.636330      1.6589151E-03   307.2587       123.2000      0.0000000E+00  0.0000000E+00  0.0000000E+00  0.0000000E+00  0.0000000E+00
           4        2016           6          11 null                                        FERT   0.2918567      0.2326315       72.62917       19.51201       2.635536      1.6585574E-03   307.8001       123.2000      0.0000000E+00  0.0000000E+00  0.0000000E+00  0.0000000E+00  0.0000000E+00
           5        2016           6          11 null                                        FERT   0.2918567      0.2326315       73.61514       19.53611       2.636412      1.6586767E-03   316.2253       123.2000      0.0000000E+00  0.0000000E+00  0.0000000E+00  0.0000000E+00  0.0000000E+00
           6        2016           6          11 null                                        FERT   0.2918567      0.2326315       74.17679       19.53955       2.636273      1.6584382E-03   325.2985       123.2000      0.0000000E+00  0.0000000E+00  0.0000000E+00  0.0000000E+00  0.0000000E+00
           7        2016           6          11 null                                        FERT   0.2918567      0.2326315       69.93988       19.46085       2.634718      1.6593323E-03   242.2863       123.2000      0.0000000E+00  0.0000000E+00  0.0000000E+00  0.0000000E+00  0.0000000E+00
           8        2016           6          11 null                                        FERT   0.2918567      0.2326315       80.10191       19.48990       2.635287      1.6267882E-03   265.4876       123.2000      0.0000000E+00  0.0000000E+00  0.0000000E+00  0.0000000E+00  0.0000000E+00
           9        2016           6          11 null                                        FERT   0.2918567      0.2326315       75.43119       19.56573       2.637059      1.6582594E-03   311.8679       123.2000      0.0000000E+00  0.0000000E+00  0.0000000E+00  0.0000000E+00  0.0000000E+00
          10        2016           6          11 null                                        FERT   0.2918567      0.2326315       78.52361       19.54709       2.636559      1.6575442E-03   304.6441       123.2000      0.0000000E+00  0.0000000E+00  0.0000000E+00  0.0000000E+00  0.0000000E+00
          11        2016           6          11 null                                        FERT   0.2918567      0.2326315       88.67318       19.95024       2.640751      1.6276226E-03   348.7330       123.2000      0.0000000E+00  0.0000000E+00  0.0000000E+00  0.0000000E+00  0.0000000E+00
          12        2016           6          11 null                                        FERT   0.2918567      0.2326315       81.60410       19.68666       2.637983      1.6573654E-03   311.3570       123.2000      0.0000000E+00  0.0000000E+00  0.0000000E+00  0.0000000E+00  0.0000000E+00
           2        2016          10           7 corn                                        HARV/KILL   0.8480079      0.0000000E+00   87.10184       120.0618       44.07431      4.0519419E-03   288.1647       49.23503      0.0000000E+00  0.0000000E+00  0.0000000E+00  0.0000000E+00  0.0000000E+00
           2        2016          10           9 null                                        FERT   4.1956510E-03  0.0000000E+00   89.21355      0.0000000E+00   42.59892      4.2185928E-03   288.1505       142.7000      0.0000000E+00  0.0000000E+00  0.0000000E+00  0.0000000E+00  0.0000000E+00
           1        2016          11           5 corn                                        HARV/KILL   0.9147704      0.0000000E+00   29.53235       119.9645       43.42289      4.2310897E-03   247.5881       49.82257      0.0000000E+00  0.0000000E+00  0.0000000E+00  0.0000000E+00  0.0000000E+00
           3        2016          11           5 corn                                        HARV/KILL   0.9147704      0.0000000E+00   29.72452       120.0491       43.45648      4.3547503E-03   307.6271       49.85493      0.0000000E+00  0.0000000E+00  0.0000000E+00  0.0000000E+00  0.0000000E+00
           4        2016          11           5 corn                                        HARV/KILL   0.9147704      0.0000000E+00   30.04050       120.0080       43.43989      4.2286767E-03   308.1767       49.83958      0.0000000E+00  0.0000000E+00  0.0000000E+00  0.0000000E+00  0.0000000E+00
           5        2016          11           5 corn                                        HARV/KILL   0.9147704      0.0000000E+00   29.91623       120.0702       43.46516      4.3651513E-03   316.6099       49.86272      0.0000000E+00  0.0000000E+00  0.0000000E+00  0.0000000E+00  0.0000000E+00
           6        2016          11           5 corn                                        HARV/KILL   0.9147704      0.0000000E+00   30.22765       120.0876       43.46878      4.3349722E-03   325.6889       49.87143      0.0000000E+00  0.0000000E+00  0.0000000E+00  0.0000000E+00  0.0000000E+00
           7        2016          11           5 corn                                        HARV/KILL   0.9147704      0.0000000E+00   29.40394       119.9142       43.40191      4.1569392E-03   242.5632       49.80298      0.0000000E+00  0.0000000E+00  0.0000000E+00  0.0000000E+00  0.0000000E+00
           8        2016          11           5 corn                                        HARV/KILL   0.9147704      0.0000000E+00   32.69885       120.1365       43.46700      4.1364492E-03   265.8740       49.91024      0.0000000E+00  0.0000000E+00  0.0000000E+00  0.0000000E+00  0.0000000E+00
           9        2016          11           5 corn                                        HARV/KILL   0.9147704      0.0000000E+00   30.41589       120.1640       43.49886      4.4491333E-03   312.2482       49.90208      0.0000000E+00  0.0000000E+00  0.0000000E+00  0.0000000E+00  0.0000000E+00
          10        2016          11           5 corn                                        HARV/KILL   0.9147704      0.0000000E+00   31.67522       120.1872       43.50003      4.3366845E-03   305.0319       49.91805      0.0000000E+00  0.0000000E+00  0.0000000E+00  0.0000000E+00  0.0000000E+00
          11        2016          11           5 corn                                        HARV/KILL   0.9147704      0.0000000E+00   33.00681       120.5595       43.65559      4.6958751E-03   349.2343       50.05482      0.0000000E+00  0.0000000E+00  0.0000000E+00  0.0000000E+00  0.0000000E+00
          12        2016          11           5 corn                                        HARV/KILL   0.9147704      0.0000000E+00   32.05946       120.3516       43.56931      4.5250519E-03   311.7333       49.97829      0.0000000E+00  0.0000000E+00  0.0000000E+00  0.0000000E+00  0.0000000E+00
           1        2016          11          10 chisplow            TILLAGE   3.8049736E-03  0.0000000E+00   26.50750      0.0000000E+00   20.30135      4.2360518E-03   247.5728      0.6500000    
           3        2016          11          10 chisplow            TILLAGE   3.8049736E-03  0.0000000E+00   26.68558      0.0000000E+00   20.31718      4.3597114E-03   307.6060      0.6500000    
           4        2016          11          10 chisplow            TILLAGE   3.8049736E-03  0.0000000E+00   26.98743      0.0000000E+00   20.30960      4.2336299E-03   308.1552      0.6500000    
           5        2016          11          10 chisplow            TILLAGE   3.8049736E-03  0.0000000E+00   26.86652      0.0000000E+00   20.32136      4.3701082E-03   316.5877      0.6500000    
           6        2016          11          10 chisplow            TILLAGE   3.8049736E-03  0.0000000E+00   27.15926      0.0000000E+00   20.32324      4.3399245E-03   325.6660      0.6500000    
           7        2016          11          10 chisplow            TILLAGE   3.8049736E-03  0.0000000E+00   26.38803      0.0000000E+00   20.29146      4.1619022E-03   242.5493      0.6500000    
           8        2016          11          10 chisplow            TILLAGE   3.8049736E-03  0.0000000E+00   29.48163      0.0000000E+00   20.32514      4.1406881E-03   265.8364      0.6500000    
           9        2016          11          10 chisplow            TILLAGE   3.8049736E-03  0.0000000E+00   27.33167      0.0000000E+00   20.33744      4.4540842E-03   312.2264      0.6500000    
          10        2016          11          10 chisplow            TILLAGE   3.8049736E-03  0.0000000E+00   28.51805      0.0000000E+00   20.33880      4.3416061E-03   305.0016      0.6500000    
          11        2016          11          10 chisplow            TILLAGE   3.8049736E-03  0.0000000E+00   29.76423      0.0000000E+00   20.41530      4.6998747E-03   349.1829      0.6500000    
          12        2016          11          10 chisplow            TILLAGE   3.8049736E-03  0.0000000E+00   28.86538      0.0000000E+00   20.37152      4.5299614E-03   311.7035      0.6500000    
           1        2016          12           2 null                                        FERT   3.0160630E-02  0.0000000E+00   59.03823      0.0000000E+00   15.83012      4.8201047E-03   247.7066       142.7000      0.0000000E+00  0.0000000E+00  0.0000000E+00  0.0000000E+00  0.0000000E+00
           3        2016          12           2 null                                        FERT   3.0160630E-02  0.0000000E+00   59.20364      0.0000000E+00   15.84256      4.9653840E-03   307.8479       142.7000      0.0000000E+00  0.0000000E+00  0.0000000E+00  0.0000000E+00  0.0000000E+00
           4        2016          12           2 null                                        FERT   3.0160630E-02  0.0000000E+00   59.48528      0.0000000E+00   15.83681      4.8221676E-03   308.3926       142.7000      0.0000000E+00  0.0000000E+00  0.0000000E+00  0.0000000E+00  0.0000000E+00
           5        2016          12           2 null                                        FERT   3.0160630E-02  0.0000000E+00   59.37209      0.0000000E+00   15.84592      4.9797278E-03   316.8416       142.7000      0.0000000E+00  0.0000000E+00  0.0000000E+00  0.0000000E+00  0.0000000E+00
           6        2016          12           2 null                                        FERT   3.0160630E-02  0.0000000E+00   59.64477      0.0000000E+00   15.84754      4.9430658E-03   325.9368       142.7000      0.0000000E+00  0.0000000E+00  0.0000000E+00  0.0000000E+00  0.0000000E+00
           7        2016          12           2 null                                        FERT   3.0160630E-02  0.0000000E+00   58.92702      0.0000000E+00   15.82234      4.7307913E-03   242.6795       142.7000      0.0000000E+00  0.0000000E+00  0.0000000E+00  0.0000000E+00  0.0000000E+00
           8        2016          12           2 null                                        FERT   3.0160630E-02  0.0000000E+00   61.80258      0.0000000E+00   15.85134      4.6872334E-03   265.9307       142.7000      0.0000000E+00  0.0000000E+00  0.0000000E+00  0.0000000E+00  0.0000000E+00
           9        2016          12           2 null                                        FERT   3.0160630E-02  0.0000000E+00   59.80434      0.0000000E+00   15.85872      5.0691692E-03   312.4691       142.7000      0.0000000E+00  0.0000000E+00  0.0000000E+00  0.0000000E+00  0.0000000E+00
          10        2016          12           2 null                                        FERT   3.0160630E-02  0.0000000E+00   60.90742      0.0000000E+00   15.86045      4.9386383E-03   305.2047       142.7000      0.0000000E+00  0.0000000E+00  0.0000000E+00  0.0000000E+00  0.0000000E+00
          11        2016          12           2 null                                        FERT   3.0160630E-02  0.0000000E+00   62.05551      0.0000000E+00   15.92337      5.3273542E-03   349.3636       142.7000      0.0000000E+00  0.0000000E+00  0.0000000E+00  0.0000000E+00  0.0000000E+00
          12        2016          12           2 null                                        FERT   3.0160630E-02  0.0000000E+00   61.22802      0.0000000E+00   15.88621      5.1495531E-03   311.9129       142.7000      0.0000000E+00  0.0000000E+00  0.0000000E+00  0.0000000E+00  0.0000000E+00
           1        2017           3          31 fldcult             TILLAGE   4.7221620E-02  0.0000000E+00   76.55031      0.0000000E+00   5.426583      5.9821759E-03   247.7855      0.5000000    
           3        2017           3          31 fldcult             TILLAGE   4.7221620E-02  0.0000000E+00   76.69164      0.0000000E+00   5.431059      6.1797933E-03   307.8973      0.5000000    
           4        2017           3          31 fldcult             TILLAGE   4.7221620E-02  0.0000000E+00   77.21236      0.0000000E+00   5.429355      5.9398543E-03   308.4303      0.5000000    
           5        2017           3          31 fldcult             TILLAGE   4.7221620E-02  0.0000000E+00   76.98506      0.0000000E+00   5.432397      6.1996528E-03   316.8871      0.5000000    
           6        2017           3          31 fldcult             TILLAGE   4.7221620E-02  0.0000000E+00   77.35021      0.0000000E+00   5.433250      6.1288984E-03   325.9703      0.5000000    
           7        2017           3          31 fldcult             TILLAGE   4.7221620E-02  0.0000000E+00   76.37177      0.0000000E+00   5.423779      5.8738282E-03   242.7631      0.5000000    
           8        2017           3          31 fldcult             TILLAGE   4.7221620E-02  0.0000000E+00   80.62876      0.0000000E+00   5.494375      5.9629930E-03   266.1551      0.5000000    
           9        2017           3          31 fldcult             TILLAGE   4.7221620E-02  0.0000000E+00   77.72871      0.0000000E+00   5.437307      6.3196784E-03   312.5984      0.5000000    
          10        2017           3          31 fldcult             TILLAGE   4.7221620E-02  0.0000000E+00   79.26956      0.0000000E+00   5.439169      6.1115725E-03   305.3847      0.5000000    
          11        2017           3          31 fldcult             TILLAGE   4.7221620E-02  0.0000000E+00   81.47758      0.0000000E+00   5.522158      6.6383141E-03   349.5191      0.5000000    
          12        2017           3          31 fldcult             TILLAGE   4.7221620E-02  0.0000000E+00   80.02415      0.0000000E+00   5.448537      6.4240913E-03   312.0891      0.5000000    
           1        2017           4          16 null                                        FERT   8.9622550E-02  0.0000000E+00   45.12175      0.0000000E+00   4.392419      6.5084631E-03   247.9312       38.30000      0.0000000E+00  0.0000000E+00  0.0000000E+00  0.0000000E+00  0.0000000E+00
           3        2017           4          16 null                                        FERT   8.9622550E-02  0.0000000E+00   45.26436      0.0000000E+00   4.396045      6.7379917E-03   308.1134       38.30000      0.0000000E+00  0.0000000E+00  0.0000000E+00  0.0000000E+00  0.0000000E+00
           4        2017           4          16 null                                        FERT   8.9622550E-02  0.0000000E+00   45.77100      0.0000000E+00   4.394667      6.4724642E-03   308.6492       38.30000      0.0000000E+00  0.0000000E+00  0.0000000E+00  0.0000000E+00  0.0000000E+00
           5        2017           4          16 null                                        FERT   8.9622550E-02  0.0000000E+00   45.55045      0.0000000E+00   4.397128      6.7642452E-03   317.1125       38.30000      0.0000000E+00  0.0000000E+00  0.0000000E+00  0.0000000E+00  0.0000000E+00
           6        2017           4          16 null                                        FERT   8.9622550E-02  0.0000000E+00   45.91024      0.0000000E+00   4.397822      6.6827992E-03   326.2082       38.30000      0.0000000E+00  0.0000000E+00  0.0000000E+00  0.0000000E+00  0.0000000E+00
           7        2017           4          16 null                                        FERT   8.9622550E-02  0.0000000E+00   44.94678      0.0000000E+00   4.390149      6.3792975E-03   242.9038       38.30000      0.0000000E+00  0.0000000E+00  0.0000000E+00  0.0000000E+00  0.0000000E+00
           8        2017           4          16 null                                        FERT   8.9622550E-02  0.0000000E+00   49.11964      0.0000000E+00   4.447336      6.3979262E-03   266.3300       38.30000      0.0000000E+00  0.0000000E+00  0.0000000E+00  0.0000000E+00  0.0000000E+00
           9        2017           4          16 null                                        FERT   8.9622550E-02  0.0000000E+00   46.27624      0.0000000E+00   4.401108      6.8927207E-03   312.8255       38.30000      0.0000000E+00  0.0000000E+00  0.0000000E+00  0.0000000E+00  0.0000000E+00
          10        2017           4          16 null                                        FERT   8.9622550E-02  0.0000000E+00   47.79014      0.0000000E+00   4.402626      6.6568661E-03   305.6085       38.30000      0.0000000E+00  0.0000000E+00  0.0000000E+00  0.0000000E+00  0.0000000E+00
          11        2017           4          16 null                                        FERT   8.9622550E-02  0.0000000E+00   49.92707      0.0000000E+00   4.469851      7.2386302E-03   349.7847       38.30000      0.0000000E+00  0.0000000E+00  0.0000000E+00  0.0000000E+00  0.0000000E+00
          12        2017           4          16 null                                        FERT   8.9622550E-02  0.0000000E+00   48.51823      0.0000000E+00   4.410213      7.0054177E-03   312.3165       38.30000      0.0000000E+00  0.0000000E+00  0.0000000E+00  0.0000000E+00  0.0000000E+00
           2        2017           5           2 null                                        FERT   0.1255302      0.0000000E+00   89.50498      0.0000000E+00   7.037548      8.1417309E-03   288.6095       40.00000      0.0000000E+00  0.0000000E+00  0.0000000E+00  0.0000000E+00  0.0000000E+00
           2        2017           5           3 corn                                        PLANT   0.1300348      0.0000000E+00   85.29871      0.0000000E+00   6.923114      8.1496900E-03   288.6209      0.0000000E+00   6.000000    
           1        2017           5           5 corn                                        PLANT   0.1387184      0.0000000E+00   67.59326      0.0000000E+00   3.225113      7.8789573E-03   248.0282      0.0000000E+00   6.000000    
           3        2017           5           5 corn                                        PLANT   0.1387184      0.0000000E+00   67.75329      0.0000000E+00   3.227780      8.1987130E-03   308.2485      0.0000000E+00   6.000000    
           4        2017           5           5 corn                                        PLANT   0.1387184      0.0000000E+00   68.23409      0.0000000E+00   3.226775      7.8283129E-03   308.7862      0.0000000E+00   6.000000    
           5        2017           5           5 corn                                        PLANT   0.1387184      0.0000000E+00   68.02914      0.0000000E+00   3.228578      8.2295388E-03   317.2529      0.0000000E+00   6.000000    
           6        2017           5           5 corn                                        PLANT   0.1387184      0.0000000E+00   68.39121      0.0000000E+00   3.229095      8.1132790E-03   326.3562      0.0000000E+00   6.000000    
           7        2017           5           5 corn                                        PLANT   0.1387184      0.0000000E+00   67.42001      0.0000000E+00   3.223444      7.6998617E-03   242.9984      0.0000000E+00   6.000000    
           8        2017           5           5 corn                                        PLANT   0.1387184      0.0000000E+00   71.54211      0.0000000E+00   3.265545      7.6880483E-03   266.4551      0.0000000E+00   6.000000    
           9        2017           5           5 corn                                        PLANT   0.1387184      0.0000000E+00   68.73526      0.0000000E+00   3.231513      8.4127262E-03   312.9717      0.0000000E+00   6.000000    
          10        2017           5           5 corn                                        PLANT   0.1387184      0.0000000E+00   70.24037      0.0000000E+00   3.232658      8.0787968E-03   305.7566      0.0000000E+00   6.000000    
          11        2017           5           5 corn                                        PLANT   0.1387184      0.0000000E+00   72.26217      0.0000000E+00   3.282148      8.9341709E-03   349.9606      0.0000000E+00   6.000000    
          12        2017           5           5 corn                                        PLANT   0.1387184      0.0000000E+00   70.92193      0.0000000E+00   3.238241      8.5749552E-03   312.4660      0.0000000E+00   6.000000    
           2        2017           6           6 null                                        FERT   0.2609650      0.1936508       32.28266       15.61437       3.642915      1.6392455E-03   288.8513       196.0000      0.0000000E+00  0.0000000E+00  0.0000000E+00  0.0000000E+00  0.0000000E+00
           1        2017           6          11 null                                        FERT   0.2857216      0.2245535       14.34232       17.76243       1.585708      1.6657100E-03   248.1376       123.2000      0.0000000E+00  0.0000000E+00  0.0000000E+00  0.0000000E+00  0.0000000E+00
           3        2017           6          11 null                                        FERT   0.2857216      0.2245535       14.48464       17.77704       1.586983      1.6657100E-03   308.3860       123.2000      0.0000000E+00  0.0000000E+00  0.0000000E+00  0.0000000E+00  0.0000000E+00
           4        2017           6          11 null                                        FERT   0.2857216      0.2245535       14.76615       17.76274       1.586434      1.6657100E-03   308.9272       123.2000      0.0000000E+00  0.0000000E+00  0.0000000E+00  0.0000000E+00  0.0000000E+00
           5        2017           6          11 null                                        FERT   0.2857216      0.2245535       14.66665       17.77939       1.587340      1.6657100E-03   317.3950       123.2000      0.0000000E+00  0.0000000E+00  0.0000000E+00  0.0000000E+00  0.0000000E+00
           6        2017           6          11 null                                        FERT   0.2857216      0.2245535       14.91633       17.77613       1.587538      1.6657100E-03   326.5461       123.2000      0.0000000E+00  0.0000000E+00  0.0000000E+00  0.0000000E+00  0.0000000E+00
           7        2017           6          11 null                                        FERT   0.2857216      0.2245535       14.22520       17.75424       1.584914      1.6657100E-03   243.1066       123.2000      0.0000000E+00  0.0000000E+00  0.0000000E+00  0.0000000E+00  0.0000000E+00
           8        2017           6          11 null                                        FERT   0.2857216      0.2245535       17.12768       17.75754       1.604636      1.6316161E-03   266.6205       123.2000      0.0000000E+00  0.0000000E+00  0.0000000E+00  0.0000000E+00  0.0000000E+00
           9        2017           6          11 null                                        FERT   0.2857216      0.2245535       15.08948       17.79009       1.588682      1.6657100E-03   313.1291       123.2000      0.0000000E+00  0.0000000E+00  0.0000000E+00  0.0000000E+00  0.0000000E+00
          10        2017           6          11 null                                        FERT   0.2857216      0.2245535       16.12704       17.77486       1.589006      1.6657100E-03   305.9259       123.2000      0.0000000E+00  0.0000000E+00  0.0000000E+00  0.0000000E+00  0.0000000E+00
          11        2017           6          11 null                                        FERT   0.2857216      0.2245535       17.60794       17.82062       1.612239      1.6278015E-03   350.1782       123.2000      0.0000000E+00  0.0000000E+00  0.0000000E+00  0.0000000E+00  0.0000000E+00
          12        2017           6          11 null                                        FERT   0.2857216      0.2245535       16.56336       17.79946       1.591646      1.6657100E-03   312.6369       123.2000      0.0000000E+00  0.0000000E+00  0.0000000E+00  0.0000000E+00  0.0000000E+00
           1        2017          11           5 corn                                        HARV/KILL   0.9133577      0.0000000E+00   105.9500       112.3036       45.09190      5.5296398E-03   248.5318       42.11243      0.0000000E+00  0.0000000E+00  0.0000000E+00  0.0000000E+00  0.0000000E+00
           3        2017          11           5 corn                                        HARV/KILL   0.9133577      0.0000000E+00   105.9791       112.3430       45.10877      5.7404344E-03   308.8724       42.12620      0.0000000E+00  0.0000000E+00  0.0000000E+00  0.0000000E+00  0.0000000E+00
           4        2017          11           5 corn                                        HARV/KILL   0.9133577      0.0000000E+00   106.0196       112.3198       45.09761      5.5190967E-03   309.4150       42.11931      0.0000000E+00  0.0000000E+00  0.0000000E+00  0.0000000E+00  0.0000000E+00
           5        2017          11           5 corn                                        HARV/KILL   0.9133577      0.0000000E+00   106.0047       112.3554       45.11364      5.7439916E-03   317.8959       42.13098      0.0000000E+00  0.0000000E+00  0.0000000E+00  0.0000000E+00  0.0000000E+00
           6        2017          11           5 corn                                        HARV/KILL   0.9133577      0.0000000E+00   106.0476       112.3556       45.11283      5.6873895E-03   327.1345       42.13188      0.0000000E+00  0.0000000E+00  0.0000000E+00  0.0000000E+00  0.0000000E+00
           7        2017          11           5 corn                                        HARV/KILL   0.9133577      0.0000000E+00   105.9293       112.2827       45.08289      5.3970004E-03   243.4936       42.10514      0.0000000E+00  0.0000000E+00  0.0000000E+00  0.0000000E+00  0.0000000E+00
           8        2017          11           5 corn                                        HARV/KILL   0.9133577      0.0000000E+00   106.3517       112.3834       45.11977      5.3117056E-03   267.0386       42.14714      0.0000000E+00  0.0000000E+00  0.0000000E+00  0.0000000E+00  0.0000000E+00
           9        2017          11           5 corn                                        HARV/KILL   0.9133577      0.0000000E+00   106.0732       112.3935       45.12904      5.8629643E-03   313.6710       42.14515      0.0000000E+00  0.0000000E+00  0.0000000E+00  0.0000000E+00  0.0000000E+00
          10        2017          11           5 corn                                        HARV/KILL   0.9133577      0.0000000E+00   106.2350       112.3995       45.12862      5.6646965E-03   306.3945       42.15002      0.0000000E+00  0.0000000E+00  0.0000000E+00  0.0000000E+00  0.0000000E+00
          11        2017          11           5 corn                                        HARV/KILL   0.9133577      0.0000000E+00   106.3594       112.5143       45.17941      6.1511938E-03   350.7085       42.19087      0.0000000E+00  0.0000000E+00  0.0000000E+00  0.0000000E+00  0.0000000E+00
          12        2017          11           5 corn                                        HARV/KILL   0.9133577      0.0000000E+00   106.2813       112.4642       45.15630      5.9380056E-03   313.1007       42.17272      0.0000000E+00  0.0000000E+00  0.0000000E+00  0.0000000E+00  0.0000000E+00
           1        2017          11          10 chisplow            TILLAGE   7.8759575E-03  0.0000000E+00   96.76231      0.0000000E+00   21.07695      5.5361371E-03   248.5118      0.6500000    
           2        2017          11          10 corn                                        HARV/KILL   0.9212336      0.0000000E+00   96.96587       113.9389       46.65383      5.7080900E-03   289.3434       42.25455      0.0000000E+00  0.0000000E+00  0.0000000E+00  0.0000000E+00  0.0000000E+00
           3        2017          11          10 chisplow            TILLAGE   7.8759575E-03  0.0000000E+00   96.79137      0.0000000E+00   21.08488      5.7469215E-03   308.8447      0.6500000    
           4        2017          11          10 chisplow            TILLAGE   7.8759575E-03  0.0000000E+00   96.83194      0.0000000E+00   21.07972      5.5255718E-03   309.3878      0.6500000    
           5        2017          11          10 chisplow            TILLAGE   7.8759575E-03  0.0000000E+00   96.81703      0.0000000E+00   21.08719      5.7504703E-03   317.8673      0.6500000    
           6        2017          11          10 chisplow            TILLAGE   7.8759575E-03  0.0000000E+00   96.85994      0.0000000E+00   21.08688      5.6938543E-03   327.0942      0.6500000    
           7        2017          11          10 chisplow            TILLAGE   7.8759575E-03  0.0000000E+00   96.74158      0.0000000E+00   21.07271      5.4035042E-03   243.4741      0.6500000    
           8        2017          11          10 chisplow            TILLAGE   7.8759575E-03  0.0000000E+00   97.16403      0.0000000E+00   21.09114      5.3173248E-03   267.0052      0.6500000    
           9        2017          11          10 chisplow            TILLAGE   7.8759575E-03  0.0000000E+00   96.88548      0.0000000E+00   21.09450      5.8694184E-03   313.6331      0.6500000    
          10        2017          11          10 chisplow            TILLAGE   7.8759575E-03  0.0000000E+00   97.04729      0.0000000E+00   21.09456      5.6710877E-03   306.3594      0.6500000    
          11        2017          11          10 chisplow            TILLAGE   7.8759575E-03  0.0000000E+00   97.17177      0.0000000E+00   21.11969      6.1566336E-03   350.6661      0.6500000    
          12        2017          11          10 chisplow            TILLAGE   7.8759575E-03  0.0000000E+00   97.09360      0.0000000E+00   21.10761      5.9443689E-03   313.0676      0.6500000    
           2        2017          11          11 null                                        FERT   1.7046591E-03  0.0000000E+00   95.28755      0.0000000E+00   46.02398      5.7091345E-03   289.3354       16.80000      0.0000000E+00  0.0000000E+00  0.0000000E+00  0.0000000E+00  0.0000000E+00
           2        2017          11          11 null                                        FERT   1.7046591E-03  0.0000000E+00   95.28755      0.0000000E+00   46.02398      5.7091345E-03   289.3354       34.30000      0.0000000E+00  0.0000000E+00  0.0000000E+00  0.0000000E+00  0.0000000E+00
           1        2017          12           2 null                                        FERT   3.8962066E-02  0.0000000E+00   70.89594      0.0000000E+00   16.30635      5.6882980E-03   248.6170       142.7000      0.0000000E+00  0.0000000E+00  0.0000000E+00  0.0000000E+00  0.0000000E+00
           3        2017          12           2 null                                        FERT   3.8962066E-02  0.0000000E+00   70.92505      0.0000000E+00   16.31251      5.9063178E-03   309.0229       142.7000      0.0000000E+00  0.0000000E+00  0.0000000E+00  0.0000000E+00  0.0000000E+00
           4        2017          12           2 null                                        FERT   3.8962066E-02  0.0000000E+00   70.96558      0.0000000E+00   16.30853      5.6780702E-03   309.5647       142.7000      0.0000000E+00  0.0000000E+00  0.0000000E+00  0.0000000E+00  0.0000000E+00
           5        2017          12           2 null                                        FERT   3.8962066E-02  0.0000000E+00   70.95071      0.0000000E+00   16.31431      5.9106206E-03   318.0548       142.7000      0.0000000E+00  0.0000000E+00  0.0000000E+00  0.0000000E+00  0.0000000E+00
           6        2017          12           2 null                                        FERT   3.8962066E-02  0.0000000E+00   70.99360      0.0000000E+00   16.31408      5.8521237E-03   327.2710       142.7000      0.0000000E+00  0.0000000E+00  0.0000000E+00  0.0000000E+00  0.0000000E+00
           7        2017          12           2 null                                        FERT   3.8962066E-02  0.0000000E+00   70.87520      0.0000000E+00   16.30306      5.5518630E-03   243.5744       142.7000      0.0000000E+00  0.0000000E+00  0.0000000E+00  0.0000000E+00  0.0000000E+00
           8        2017          12           2 null                                        FERT   3.8962066E-02  0.0000000E+00   71.29765      0.0000000E+00   16.31780      5.4560229E-03   267.0878       142.7000      0.0000000E+00  0.0000000E+00  0.0000000E+00  0.0000000E+00  0.0000000E+00
           9        2017          12           2 null                                        FERT   3.8962066E-02  0.0000000E+00   71.01917      0.0000000E+00   16.32000      6.0343724E-03   313.7931       142.7000      0.0000000E+00  0.0000000E+00  0.0000000E+00  0.0000000E+00  0.0000000E+00
          10        2017          12           2 null                                        FERT   3.8962066E-02  0.0000000E+00   71.18095      0.0000000E+00   16.32015      5.8279345E-03   306.5104       142.7000      0.0000000E+00  0.0000000E+00  0.0000000E+00  0.0000000E+00  0.0000000E+00
          11        2017          12           2 null                                        FERT   3.8962066E-02  0.0000000E+00   71.30563      0.0000000E+00   16.34017      6.3295360E-03   350.8239       142.7000      0.0000000E+00  0.0000000E+00  0.0000000E+00  0.0000000E+00  0.0000000E+00
          12        2017          12           2 null                                        FERT   3.8962066E-02  0.0000000E+00   71.22732      0.0000000E+00   16.33029      6.1123669E-03   313.2263       142.7000      0.0000000E+00  0.0000000E+00  0.0000000E+00  0.0000000E+00  0.0000000E+00
           1        2018           4           1 chisplow            TILLAGE   6.8193406E-02  0.0000000E+00   71.34653      0.0000000E+00   3.779630      7.1227904E-03   248.8062      0.6500000    
           3        2018           4           1 chisplow            TILLAGE   6.8193406E-02  0.0000000E+00   71.49323      0.0000000E+00   3.781561      7.4333115E-03   309.1611      0.6500000    
           4        2018           4           1 chisplow            TILLAGE   6.8193406E-02  0.0000000E+00   71.49776      0.0000000E+00   3.780432      7.1216691E-03   309.7899      0.6500000    
           5        2018           4           1 chisplow            TILLAGE   6.8193406E-02  0.0000000E+00   71.44019      0.0000000E+00   3.782377      7.4509876E-03   318.1869      0.6500000    
           6        2018           4           1 chisplow            TILLAGE   6.8193406E-02  0.0000000E+00   71.66956      0.0000000E+00   3.782029      7.3668682E-03   327.4534      0.6500000    
           7        2018           4           1 chisplow            TILLAGE   6.8193406E-02  0.0000000E+00   71.26429      0.0000000E+00   3.778693      6.9378302E-03   243.7648      0.6500000    
           8        2018           4           1 chisplow            TILLAGE   6.8193406E-02  0.0000000E+00   71.85043      0.0000000E+00   3.784832      6.6770371E-03   267.2901      0.6500000    
           9        2018           4           1 chisplow            TILLAGE   6.8193406E-02  0.0000000E+00   71.53802      0.0000000E+00   3.784341      7.5920490E-03   313.9731      0.6500000    
          10        2018           4           1 chisplow            TILLAGE   6.8193406E-02  0.0000000E+00   71.98116      0.0000000E+00   3.784197      7.3079150E-03   306.7128      0.6500000    
          11        2018           4           1 chisplow            TILLAGE   6.8193406E-02  0.0000000E+00   71.95728      0.0000000E+00   3.794654      7.9718521E-03   350.9958      0.6500000    
          12        2018           4           1 chisplow            TILLAGE   6.8193406E-02  0.0000000E+00   71.94070      0.0000000E+00   3.788006      7.6941904E-03   313.4160      0.6500000    
           2        2018           4          25 null                                        FERT   0.1269649      0.0000000E+00   42.92271      0.0000000E+00   10.90065      7.8008561E-03   289.6753       40.00000      0.0000000E+00  0.0000000E+00  0.0000000E+00  0.0000000E+00  0.0000000E+00
           2        2018           4          25 corn                                        PLANT   0.1269649      0.0000000E+00   42.92271      0.0000000E+00   10.90065      7.8008561E-03   289.6753      0.0000000E+00   6.000000    
           1        2018           4          28 corn                                        PLANT   0.1337860      0.0000000E+00   37.29238      0.0000000E+00   2.625163      7.8384914E-03   249.1083      0.0000000E+00   6.000000    
           3        2018           4          28 corn                                        PLANT   0.1337860      0.0000000E+00   37.34763      0.0000000E+00   2.626505      8.2122590E-03   309.6539      0.0000000E+00   6.000000    
           4        2018           4          28 corn                                        PLANT   0.1337860      0.0000000E+00   37.39522      0.0000000E+00   2.625724      7.8499224E-03   310.2903      0.0000000E+00   6.000000    
           5        2018           4          28 corn                                        PLANT   0.1337860      0.0000000E+00   37.40228      0.0000000E+00   2.627073      8.2436875E-03   318.7043      0.0000000E+00   6.000000    
           6        2018           4          28 corn                                        PLANT   0.1337860      0.0000000E+00   37.44128      0.0000000E+00   2.626834      8.1371600E-03   328.0103      0.0000000E+00   6.000000    
           7        2018           4          28 corn                                        PLANT   0.1337860      0.0000000E+00   37.23101      0.0000000E+00   2.624511      7.6245028E-03   244.0534      0.0000000E+00   6.000000    
           8        2018           4          28 corn                                        PLANT   0.1337860      0.0000000E+00   37.72414      0.0000000E+00   2.628825      7.2647305E-03   267.6120      0.0000000E+00   6.000000    
           9        2018           4          28 corn                                        PLANT   0.1337860      0.0000000E+00   37.46453      0.0000000E+00   2.628442      8.4033860E-03   314.4872      0.0000000E+00   6.000000    
          10        2018           4          28 corn                                        PLANT   0.1337860      0.0000000E+00   37.69668      0.0000000E+00   2.628353      8.0613354E-03   307.1804      0.0000000E+00   6.000000    
          11        2018           4          28 corn                                        PLANT   0.1337860      0.0000000E+00   37.76550      0.0000000E+00   2.635700      8.8443896E-03   351.5534      0.0000000E+00   6.000000    
          12        2018           4          28 corn                                        PLANT   0.1337860      0.0000000E+00   37.71801      0.0000000E+00   2.631003      8.5227266E-03   313.8954      0.0000000E+00   6.000000    
           1        2018           5          15 sprinkler_ilm                           IRRIGATE   0.1867525      5.6818206E-02   56.05783       3.669515       1.952684      5.4112189E-03   249.1935       21.25000      0.0000000E+00
           3        2018           5          15 sprinkler_ilm                           IRRIGATE   0.1867525      5.6818206E-02   56.08675       3.706378       1.953676      5.6036273E-03   309.7807       21.25000      0.0000000E+00
           4        2018           5          15 sprinkler_ilm                           IRRIGATE   0.1867525      5.6818206E-02   56.12877       3.660451       1.953086      5.4296954E-03   310.4241       21.25000      0.0000000E+00
           5        2018           5          15 sprinkler_ilm                           IRRIGATE   0.1867525      5.6818206E-02   56.11342       3.705863       1.954092      5.6122486E-03   318.8512       21.25000      0.0000000E+00
           6        2018           5          15 sprinkler_ilm                           IRRIGATE   0.1867525      5.6818206E-02   56.15657       3.688458       1.953904      5.6004697E-03   328.1564       21.25000      0.0000000E+00
           7        2018           5          15 sprinkler_ilm                           IRRIGATE   0.1867525      5.6818206E-02   56.03603       3.649648       1.952204      5.2951919E-03   244.1360       21.25000      0.0000000E+00
           8        2018           5          15 sprinkler_ilm                           IRRIGATE   0.1867525      5.6818206E-02   56.45880       3.599571       1.955220      5.3106067E-03   267.7078       21.25000      0.0000000E+00
           9        2018           5          15 sprinkler_ilm                           IRRIGATE   0.1867525      5.6818206E-02   56.18052       3.711206       1.955094      5.7855472E-03   314.6234       21.25000      0.0000000E+00
          10        2018           5          15 sprinkler_ilm                           IRRIGATE   0.1867525      5.6818206E-02   56.34657       3.679927       1.954985      5.5880761E-03   307.3051       21.25000      0.0000000E+00
          11        2018           5          15 sprinkler_ilm                           IRRIGATE   0.1867525      5.6818206E-02   56.45937       3.727408       1.960207      6.1987014E-03   351.7090       21.25000      0.0000000E+00
          12        2018           5          15 sprinkler_ilm                           IRRIGATE   0.1867525      5.6818206E-02   56.38933       3.714895       1.956939      5.8966493E-03   314.0223       21.25000      0.0000000E+00
           1        2018           6           1 null                                        FERT   0.2493107      0.1469746       35.80294       8.079318       1.418686      2.4472396E-03   249.2067       181.4000      0.0000000E+00  0.0000000E+00  0.0000000E+00  0.0000000E+00  0.0000000E+00
           3        2018           6           1 null                                        FERT   0.2493107      0.1469746       35.83219       8.124122       1.419394      2.4807951E-03   309.7818       181.4000      0.0000000E+00  0.0000000E+00  0.0000000E+00  0.0000000E+00  0.0000000E+00
           4        2018           6           1 null                                        FERT   0.2493107      0.1469746       35.87259       8.068978       1.418952      2.5402063E-03   310.4330       181.4000      0.0000000E+00  0.0000000E+00  0.0000000E+00  0.0000000E+00  0.0000000E+00
           5        2018           6           1 null                                        FERT   0.2493107      0.1469746       35.85788       8.121828       1.419687      2.5183933E-03   318.8784       181.4000      0.0000000E+00  0.0000000E+00  0.0000000E+00  0.0000000E+00  0.0000000E+00
           6        2018           6           1 null                                        FERT   0.2493107      0.1469746       35.90070       8.105395       1.419533      2.5721979E-03   328.1616       181.4000      0.0000000E+00  0.0000000E+00  0.0000000E+00  0.0000000E+00  0.0000000E+00
           7        2018           6           1 null                                        FERT   0.2493107      0.1469746       35.78215       8.053341       1.418345      2.4265337E-03   244.1505       181.4000      0.0000000E+00  0.0000000E+00  0.0000000E+00  0.0000000E+00  0.0000000E+00
           8        2018           6           1 null                                        FERT   0.2493107      0.1469746       36.20444       8.019913       1.420176      2.5044710E-03   267.7271       181.4000      0.0000000E+00  0.0000000E+00  0.0000000E+00  0.0000000E+00  0.0000000E+00
           9        2018           6           1 null                                        FERT   0.2493107      0.1469746       35.92643       8.141426       1.420384      2.6072518E-03   314.6314       181.4000      0.0000000E+00  0.0000000E+00  0.0000000E+00  0.0000000E+00  0.0000000E+00
          10        2018           6           1 null                                        FERT   0.2493107      0.1469746       36.08799       8.096247       1.420228      2.5839536E-03   307.3116       181.4000      0.0000000E+00  0.0000000E+00  0.0000000E+00  0.0000000E+00  0.0000000E+00
          11        2018           6           1 null                                        FERT   0.2493107      0.1469746       36.21397       8.165715       1.423542      2.9689416E-03   351.7288       181.4000      0.0000000E+00  0.0000000E+00  0.0000000E+00  0.0000000E+00  0.0000000E+00
          12        2018           6           1 null                                        FERT   0.2493107      0.1469746       36.13469       8.147553       1.421613      2.7075894E-03   314.0279       181.4000      0.0000000E+00  0.0000000E+00  0.0000000E+00  0.0000000E+00  0.0000000E+00
           2        2018           6           4 null                                        FERT   0.2622213      0.1720275       39.20087       10.16001       5.274572      1.6524182E-03   289.8158       194.9000      0.0000000E+00  0.0000000E+00  0.0000000E+00  0.0000000E+00  0.0000000E+00
           1        2018          10           7 corn                                        HARV/KILL   0.8428085      0.0000000E+00   79.89813       122.8573       42.22193      3.5128836E-03   249.6952       53.07169      0.0000000E+00  0.0000000E+00  0.0000000E+00  0.0000000E+00  0.0000000E+00
           3        2018          10           7 corn                                        HARV/KILL   0.8428085      0.0000000E+00   80.48672       122.8977       42.23997      3.5997014E-03   310.3623       53.08518      0.0000000E+00  0.0000000E+00  0.0000000E+00  0.0000000E+00  0.0000000E+00
           4        2018          10           7 corn                                        HARV/KILL   0.8428085      0.0000000E+00   81.19789       122.8585       42.22325      3.4993365E-03   311.0626       53.07138      0.0000000E+00  0.0000000E+00  0.0000000E+00  0.0000000E+00  0.0000000E+00
           5        2018          10           7 corn                                        HARV/KILL   0.8428085      0.0000000E+00   80.98083       122.9006       42.24156      3.6007443E-03   319.5517       53.08591      0.0000000E+00  0.0000000E+00  0.0000000E+00  0.0000000E+00  0.0000000E+00
           6        2018          10           7 corn                                        HARV/KILL   0.8428085      0.0000000E+00   81.81527       122.8979       42.24557      3.5797064E-03   328.8093       53.07995      0.0000000E+00  0.0000000E+00  0.0000000E+00  0.0000000E+00  0.0000000E+00
           7        2018          10           7 corn                                        HARV/KILL   0.8428085      0.0000000E+00   79.51793       122.8339       42.21151      3.4602503E-03   244.6257       53.06394      0.0000000E+00  0.0000000E+00  0.0000000E+00  0.0000000E+00  0.0000000E+00
           8        2018          10           7 corn                                        HARV/KILL   0.8428085      0.0000000E+00   89.68408       122.8079       42.19822      3.4705743E-03   268.3632       53.05666      0.0000000E+00  0.0000000E+00  0.0000000E+00  0.0000000E+00  0.0000000E+00
           9        2018          10           7 corn                                        HARV/KILL   0.8428085      0.0000000E+00   82.44722       122.9195       42.25097      3.6693041E-03   315.2912       53.09116      0.0000000E+00  0.0000000E+00  0.0000000E+00  0.0000000E+00  0.0000000E+00
          10        2018          10           7 corn                                        HARV/KILL   0.8428085      0.0000000E+00   86.04690       122.8876       42.23608      3.5756566E-03   307.9903       53.08122      0.0000000E+00  0.0000000E+00  0.0000000E+00  0.0000000E+00  0.0000000E+00
          11        2018          10           7 corn                                        HARV/KILL   0.8428085      0.0000000E+00   92.29128       122.9769       42.27831      3.8261525E-03   352.5749       53.10913      0.0000000E+00  0.0000000E+00  0.0000000E+00  0.0000000E+00  0.0000000E+00
          12        2018          10           7 corn                                        HARV/KILL   0.8428085      0.0000000E+00   87.63928       122.9411       42.26106      3.7149391E-03   314.7261       53.09859      0.0000000E+00  0.0000000E+00  0.0000000E+00  0.0000000E+00  0.0000000E+00
           1        2018          10           9 null                                        FERT   3.5593561E-03  0.0000000E+00   100.7169      0.0000000E+00   40.94668      3.9971038E-03   249.6883       142.7000      0.0000000E+00  0.0000000E+00  0.0000000E+00  0.0000000E+00  0.0000000E+00
           3        2018          10           9 null                                        FERT   3.5593561E-03  0.0000000E+00   101.3049      0.0000000E+00   40.96420      4.1201622E-03   310.3576       142.7000      0.0000000E+00  0.0000000E+00  0.0000000E+00  0.0000000E+00  0.0000000E+00
           4        2018          10           9 null                                        FERT   3.5593561E-03  0.0000000E+00   102.0165      0.0000000E+00   40.94801      3.9995718E-03   311.0530       142.7000      0.0000000E+00  0.0000000E+00  0.0000000E+00  0.0000000E+00  0.0000000E+00
           5        2018          10           9 null                                        FERT   3.5593561E-03  0.0000000E+00   101.7989      0.0000000E+00   40.96577      4.1281646E-03   319.5420       142.7000      0.0000000E+00  0.0000000E+00  0.0000000E+00  0.0000000E+00  0.0000000E+00
           6        2018          10           9 null                                        FERT   3.5593561E-03  0.0000000E+00   102.6334      0.0000000E+00   40.96968      4.0954812E-03   328.8008       142.7000      0.0000000E+00  0.0000000E+00  0.0000000E+00  0.0000000E+00  0.0000000E+00
           7        2018          10           9 null                                        FERT   3.5593561E-03  0.0000000E+00   100.3369      0.0000000E+00   40.93657      3.9201402E-03   244.6188       142.7000      0.0000000E+00  0.0000000E+00  0.0000000E+00  0.0000000E+00  0.0000000E+00
           8        2018          10           9 null                                        FERT   3.5593561E-03  0.0000000E+00   110.5019      0.0000000E+00   40.92418      3.9462834E-03   268.3497       142.7000      0.0000000E+00  0.0000000E+00  0.0000000E+00  0.0000000E+00  0.0000000E+00
           9        2018          10           9 null                                        FERT   3.5593561E-03  0.0000000E+00   103.2646      0.0000000E+00   40.97494      4.2057429E-03   315.2811       142.7000      0.0000000E+00  0.0000000E+00  0.0000000E+00  0.0000000E+00  0.0000000E+00
          10        2018          10           9 null                                        FERT   3.5593561E-03  0.0000000E+00   106.8651      0.0000000E+00   40.96063      4.0819771E-03   307.9792       142.7000      0.0000000E+00  0.0000000E+00  0.0000000E+00  0.0000000E+00  0.0000000E+00
          11        2018          10           9 null                                        FERT   3.5593561E-03  0.0000000E+00   113.1036      0.0000000E+00   41.00206      4.4270381E-03   352.5578       142.7000      0.0000000E+00  0.0000000E+00  0.0000000E+00  0.0000000E+00  0.0000000E+00
          12        2018          10           9 null                                        FERT   3.5593561E-03  0.0000000E+00   108.4560      0.0000000E+00   40.98491      4.2605046E-03   314.7150       142.7000      0.0000000E+00  0.0000000E+00  0.0000000E+00  0.0000000E+00  0.0000000E+00
           1        2018          10          11 chisplow            TILLAGE   7.5812768E-03  0.0000000E+00   142.4292      0.0000000E+00   19.90312      4.7853664E-03   249.6944      0.6500000    
           3        2018          10          11 chisplow            TILLAGE   7.5812768E-03  0.0000000E+00   143.0478      0.0000000E+00   19.91165      4.9367724E-03   310.3674      0.6500000    
           4        2018          10          11 chisplow            TILLAGE   7.5812768E-03  0.0000000E+00   143.7959      0.0000000E+00   19.90380      4.7990098E-03   311.0587      0.6500000    
           5        2018          10          11 chisplow            TILLAGE   7.5812768E-03  0.0000000E+00   143.5673      0.0000000E+00   19.91243      4.9461476E-03   319.5482      0.6500000    
           6        2018          10          11 chisplow            TILLAGE   7.5812768E-03  0.0000000E+00   144.4443      0.0000000E+00   19.91435      4.9114758E-03   328.8079      0.6500000    
           7        2018          10          11 chisplow            TILLAGE   7.5812768E-03  0.0000000E+00   142.0293      0.0000000E+00   19.89819      4.6940665E-03   244.6242      0.6500000    
           8        2018          10          11 chisplow            TILLAGE   7.5812768E-03  0.0000000E+00   152.6716      0.0000000E+00   19.89250      4.7355318E-03   268.3491      0.6500000    
           9        2018          10          11 chisplow            TILLAGE   7.5812768E-03  0.0000000E+00   145.1071      0.0000000E+00   19.91692      5.0385226E-03   315.2869      0.6500000    
          10        2018          10          11 chisplow            TILLAGE   7.5812768E-03  0.0000000E+00   148.8812      0.0000000E+00   19.91005      4.8961476E-03   307.9834      0.6500000    
          11        2018          10          11 chisplow            TILLAGE   7.5812768E-03  0.0000000E+00   155.3562      0.0000000E+00   19.93049      5.3526778E-03   352.5584      0.6500000    
          12        2018          10          11 chisplow            TILLAGE   7.5812768E-03  0.0000000E+00   150.5414      0.0000000E+00   19.92188      5.1194178E-03   314.7199      0.6500000    
           2        2018          11           8 corn                                        HARV/KILL   0.9112420      0.0000000E+00   135.0766       123.4361       42.49804      9.8064272E-03   290.7530       53.55391      0.0000000E+00  0.0000000E+00  0.0000000E+00  0.0000000E+00  0.0000000E+00
           2        2019           4          16 fldcult             TILLAGE   9.6031800E-02  0.0000000E+00   65.70271      0.0000000E+00   7.037310      1.3731010E-02   291.0235      0.5000000    
           2        2019           4          30 fldcult             TILLAGE   0.1354575      0.0000000E+00   61.02466      0.0000000E+00   3.426379      1.4117024E-02   291.1670      0.5000000    
           1        2019           5           1 fldcult             TILLAGE   0.1395901      0.0000000E+00   44.45913      0.0000000E+00   1.750320      7.6975049E-03   250.2232      0.5000000    
           3        2019           5           1 fldcult             TILLAGE   0.1395901      0.0000000E+00   45.11016      0.0000000E+00   1.751192      8.0307536E-03   310.9567      0.5000000    
           4        2019           5           1 fldcult             TILLAGE   0.1395901      0.0000000E+00   45.89700      0.0000000E+00   1.750645      7.7430145E-03   311.6047      0.5000000    
           5        2019           5           1 fldcult             TILLAGE   0.1395901      0.0000000E+00   45.65689      0.0000000E+00   1.751361      8.0856737E-03   320.1072      0.5000000    
           6        2019           5           1 fldcult             TILLAGE   0.1395901      0.0000000E+00   46.58033      0.0000000E+00   1.751694      7.9809772E-03   329.3531      0.5000000    
           7        2019           5           1 fldcult             TILLAGE   0.1395901      0.0000000E+00   44.03227      0.0000000E+00   1.749805      7.5000282E-03   245.1324      0.5000000    
           8        2019           5           1 fldcult             TILLAGE   0.1395901      0.0000000E+00   55.30263      0.0000000E+00   1.751811      7.3481025E-03   268.8431      0.5000000    
           9        2019           5           1 fldcult             TILLAGE   0.1395901      0.0000000E+00   47.27977      0.0000000E+00   1.752044      8.2271248E-03   315.8394      0.5000000    
          10        2019           5           1 fldcult             TILLAGE   0.1395901      0.0000000E+00   51.26852      0.0000000E+00   1.752111      7.9285838E-03   308.5287      0.5000000    
          11        2019           5           1 fldcult             TILLAGE   0.1395901      0.0000000E+00   58.17780      0.0000000E+00   1.774008      8.7102130E-03   353.1743      0.5000000    
          12        2019           5           1 fldcult             TILLAGE   0.1395901      0.0000000E+00   53.03452      0.0000000E+00   1.753431      8.3765136E-03   315.2705      0.5000000    
           1        2019           5           3 corn                                        PLANT   0.1459951      0.0000000E+00   42.15376      0.0000000E+00   1.711231      7.7752941E-03   250.2502      0.0000000E+00   6.000000    
           1        2019           5           3 null                                        FERT   0.1459951      0.0000000E+00   42.15376      0.0000000E+00   1.711231      7.7752941E-03   250.2502       26.00000      0.0000000E+00  0.0000000E+00  0.0000000E+00  0.0000000E+00  0.0000000E+00
           3        2019           5           3 corn                                        PLANT   0.1459951      0.0000000E+00   42.80304      0.0000000E+00   1.712084      8.1151882E-03   311.0013      0.0000000E+00   6.000000    
           3        2019           5           3 null                                        FERT   0.1459951      0.0000000E+00   42.80304      0.0000000E+00   1.712084      8.1151882E-03   311.0013       26.00000      0.0000000E+00  0.0000000E+00  0.0000000E+00  0.0000000E+00  0.0000000E+00
           4        2019           5           3 corn                                        PLANT   0.1459951      0.0000000E+00   43.58774      0.0000000E+00   1.711549      7.8217126E-03   311.6487      0.0000000E+00   6.000000    
           4        2019           5           3 null                                        FERT   0.1459951      0.0000000E+00   43.58774      0.0000000E+00   1.711549      7.8217126E-03   311.6487       26.00000      0.0000000E+00  0.0000000E+00  0.0000000E+00  0.0000000E+00  0.0000000E+00
           5        2019           5           3 corn                                        PLANT   0.1459951      0.0000000E+00   43.34829      0.0000000E+00   1.712249      8.1713274E-03   320.1541      0.0000000E+00   6.000000    
           5        2019           5           3 null                                        FERT   0.1459951      0.0000000E+00   43.34829      0.0000000E+00   1.712249      8.1713274E-03   320.1541       26.00000      0.0000000E+00  0.0000000E+00  0.0000000E+00  0.0000000E+00  0.0000000E+00
           6        2019           5           3 corn                                        PLANT   0.1459951      0.0000000E+00   44.26917      0.0000000E+00   1.712575      8.0643501E-03   329.4021      0.0000000E+00   6.000000    
           6        2019           5           3 null                                        FERT   0.1459951      0.0000000E+00   44.26917      0.0000000E+00   1.712575      8.0643501E-03   329.4021       26.00000      0.0000000E+00  0.0000000E+00  0.0000000E+00  0.0000000E+00  0.0000000E+00
           7        2019           5           3 corn                                        PLANT   0.1459951      0.0000000E+00   41.72840      0.0000000E+00   1.710728      7.5738183E-03   245.1584      0.0000000E+00   6.000000    
           7        2019           5           3 null                                        FERT   0.1459951      0.0000000E+00   41.72840      0.0000000E+00   1.710728      7.5738183E-03   245.1584       26.00000      0.0000000E+00  0.0000000E+00  0.0000000E+00  0.0000000E+00  0.0000000E+00
           8        2019           5           3 corn                                        PLANT   0.1459951      0.0000000E+00   52.96427      0.0000000E+00   1.712688      7.4120848E-03   268.8718      0.0000000E+00   6.000000    
           8        2019           5           3 null                                        FERT   0.1459951      0.0000000E+00   52.96427      0.0000000E+00   1.712688      7.4120848E-03   268.8718       26.00000      0.0000000E+00  0.0000000E+00  0.0000000E+00  0.0000000E+00  0.0000000E+00
           9        2019           5           3 corn                                        PLANT   0.1459951      0.0000000E+00   44.96661      0.0000000E+00   1.712917      8.3147679E-03   315.8844      0.0000000E+00   6.000000    
           9        2019           5           3 null                                        FERT   0.1459951      0.0000000E+00   44.96661      0.0000000E+00   1.712917      8.3147679E-03   315.8844       26.00000      0.0000000E+00  0.0000000E+00  0.0000000E+00  0.0000000E+00  0.0000000E+00
          10        2019           5           3 corn                                        PLANT   0.1459951      0.0000000E+00   48.94353      0.0000000E+00   1.712982      8.0104489E-03   308.5711      0.0000000E+00   6.000000    
          10        2019           5           3 null                                        FERT   0.1459951      0.0000000E+00   48.94353      0.0000000E+00   1.712982      8.0104489E-03   308.5711       26.00000      0.0000000E+00  0.0000000E+00  0.0000000E+00  0.0000000E+00  0.0000000E+00
          11        2019           5           3 corn                                        PLANT   0.1459951      0.0000000E+00   55.82908      0.0000000E+00   1.734389      8.8054035E-03   353.2240      0.0000000E+00   6.000000    
          11        2019           5           3 null                                        FERT   0.1459951      0.0000000E+00   55.82908      0.0000000E+00   1.734389      8.8054035E-03   353.2240       26.00000      0.0000000E+00  0.0000000E+00  0.0000000E+00  0.0000000E+00  0.0000000E+00
          12        2019           5           3 corn                                        PLANT   0.1459951      0.0000000E+00   50.70378      0.0000000E+00   1.714272      8.4664077E-03   315.3142      0.0000000E+00   6.000000    
          12        2019           5           3 null                                        FERT   0.1459951      0.0000000E+00   50.70378      0.0000000E+00   1.714272      8.4664077E-03   315.3142       26.00000      0.0000000E+00  0.0000000E+00  0.0000000E+00  0.0000000E+00  0.0000000E+00
           2        2019           5           5 null                                        FERT   0.1533239      0.0000000E+00   51.02839      0.0000000E+00   3.226624      1.4192327E-02   291.2794       18.29000      0.0000000E+00  0.0000000E+00  0.0000000E+00  0.0000000E+00  0.0000000E+00
           2        2019           5           5 null                                        FERT   0.1533239      0.0000000E+00   51.02839      0.0000000E+00   3.226624      1.4192327E-02   291.2794       5.350000      0.0000000E+00  0.0000000E+00  0.0000000E+00  0.0000000E+00  0.0000000E+00
           2        2019           5           5 null                                        FERT   0.1533239      0.0000000E+00   51.02839      0.0000000E+00   3.226624      1.4192327E-02   291.2794       6.740000      0.0000000E+00  0.0000000E+00  0.0000000E+00  0.0000000E+00  0.0000000E+00
           2        2019           5           6 corn                                        PLANT   0.1567905      0.0000000E+00   50.20068      0.0000000E+00   3.186137      1.4193988E-02   291.2910      0.0000000E+00   6.000000    
           1        2019           6           6 null                                        FERT   0.2705463      0.1752151       100.9182       15.69547      0.9526569      1.7371003E-03   250.5015       182.6000      0.0000000E+00  0.0000000E+00  0.0000000E+00  0.0000000E+00  0.0000000E+00
           3        2019           6           6 null                                        FERT   0.2705463      0.1752151       101.5985       15.71493      0.9531133      1.7365483E-03   311.3711       182.6000      0.0000000E+00  0.0000000E+00  0.0000000E+00  0.0000000E+00  0.0000000E+00
           4        2019           6           6 null                                        FERT   0.2705463      0.1752151       102.4237       15.70524      0.9527936      1.7360228E-03   312.0145       182.6000      0.0000000E+00  0.0000000E+00  0.0000000E+00  0.0000000E+00  0.0000000E+00
           5        2019           6           6 null                                        FERT   0.2705463      0.1752151       102.1708       15.72044      0.9531897      1.7361494E-03   320.5380       182.6000      0.0000000E+00  0.0000000E+00  0.0000000E+00  0.0000000E+00  0.0000000E+00
           6        2019           6           6 null                                        FERT   0.2705463      0.1752151       103.1376       15.72058      0.9533461      1.7354650E-03   329.8028       182.6000      0.0000000E+00  0.0000000E+00  0.0000000E+00  0.0000000E+00  0.0000000E+00
           7        2019           6           6 null                                        FERT   0.2705463      0.1752151       100.4733       15.68368      0.9523883      1.7374043E-03   245.4039       182.6000      0.0000000E+00  0.0000000E+00  0.0000000E+00  0.0000000E+00  0.0000000E+00
           8        2019           6           6 null                                        FERT   0.2705463      0.1752151       112.2041       15.69299      0.9531067      1.7317575E-03   269.1440       182.6000      0.0000000E+00  0.0000000E+00  0.0000000E+00  0.0000000E+00  0.0000000E+00
           9        2019           6           6 null                                        FERT   0.2705463      0.1752151       103.8671       15.73749      0.9535183      1.7235342E-03   316.2592       182.6000      0.0000000E+00  0.0000000E+00  0.0000000E+00  0.0000000E+00  0.0000000E+00
          10        2019           6           6 null                                        FERT   0.2705463      0.1752151       108.0310       15.71913      0.9534511      1.7409860E-03   308.9299       182.6000      0.0000000E+00  0.0000000E+00  0.0000000E+00  0.0000000E+00  0.0000000E+00
          11        2019           6           6 null                                        FERT   0.2705463      0.1752151       115.1351       15.79570      0.9650242      1.7385494E-03   353.6523       182.6000      0.0000000E+00  0.0000000E+00  0.0000000E+00  0.0000000E+00  0.0000000E+00
          12        2019           6           6 null                                        FERT   0.2705463      0.1752151       109.8572       15.75280      0.9541268      1.7479740E-03   315.6822       182.6000      0.0000000E+00  0.0000000E+00  0.0000000E+00  0.0000000E+00  0.0000000E+00
           2        2019           6          17 null                                        FERT   0.3232807      0.2481300       109.2485       19.58468       1.455307      7.5628087E-03   291.6216       168.0000      0.0000000E+00  0.0000000E+00  0.0000000E+00  0.0000000E+00  0.0000000E+00
           2        2019          11           4 corn                                        HARV/KILL   0.9124886      0.0000000E+00   167.8165       121.1534       43.97807      7.9405922E-03   292.0760       50.11970      0.0000000E+00  0.0000000E+00  0.0000000E+00  0.0000000E+00  0.0000000E+00
           1        2019          11           9 corn                                        HARV/KILL   0.9191113      0.0000000E+00   160.3040       119.3882       42.40852      7.3133726E-03   251.0196       50.26410      0.0000000E+00  0.0000000E+00  0.0000000E+00  0.0000000E+00  0.0000000E+00
           3        2019          11           9 corn                                        HARV/KILL   0.9191113      0.0000000E+00   160.4298       119.4228       42.42339      7.6568760E-03   311.9922       50.27593      0.0000000E+00  0.0000000E+00  0.0000000E+00  0.0000000E+00  0.0000000E+00
           4        2019          11           9 corn                                        HARV/KILL   0.9191113      0.0000000E+00   160.5831       119.3941       42.41137      7.3003601E-03   312.6275       50.26579      0.0000000E+00  0.0000000E+00  0.0000000E+00  0.0000000E+00  0.0000000E+00
           5        2019          11           9 corn                                        HARV/KILL   0.9191113      0.0000000E+00   160.5347       119.4288       42.42612      7.6692943E-03   321.1691       50.27793      0.0000000E+00  0.0000000E+00  0.0000000E+00  0.0000000E+00  0.0000000E+00
           6        2019          11           9 corn                                        HARV/KILL   0.9191113      0.0000000E+00   160.7078       119.4191       42.42216      7.5933491E-03   330.4407       50.27428      0.0000000E+00  0.0000000E+00  0.0000000E+00  0.0000000E+00  0.0000000E+00
           7        2019          11           9 corn                                        HARV/KILL   0.9191113      0.0000000E+00   160.2201       119.3677       42.39930      7.1194600E-03   245.9162       50.25705      0.0000000E+00  0.0000000E+00  0.0000000E+00  0.0000000E+00  0.0000000E+00
           8        2019          11           9 corn                                        HARV/KILL   0.9191113      0.0000000E+00   161.9605       119.3594       42.39624      7.1431664E-03   269.6149       50.25347      0.0000000E+00  0.0000000E+00  0.0000000E+00  0.0000000E+00  0.0000000E+00
           9        2019          11           9 corn                                        HARV/KILL   0.9191113      0.0000000E+00   160.8291       119.4426       42.43209      7.9307165E-03   316.8576       50.28265      0.0000000E+00  0.0000000E+00  0.0000000E+00  0.0000000E+00  0.0000000E+00
          10        2019          11           9 corn                                        HARV/KILL   0.9191113      0.0000000E+00   161.4654       119.4182       42.42233      7.5602280E-03   309.4854       50.27340      0.0000000E+00  0.0000000E+00  0.0000000E+00  0.0000000E+00  0.0000000E+00
          11        2019          11           9 corn                                        HARV/KILL   0.9191113      0.0000000E+00   162.1474       119.5012       42.46128      8.6128125E-03   354.3047       50.29860      0.0000000E+00  0.0000000E+00  0.0000000E+00  0.0000000E+00  0.0000000E+00
          12        2019          11           9 corn                                        HARV/KILL   0.9191113      0.0000000E+00   161.6885       119.4676       42.44425      8.1011942E-03   316.2400       50.28967      0.0000000E+00  0.0000000E+00  0.0000000E+00  0.0000000E+00  0.0000000E+00
           1        2019          11          14 null                                        FERT   2.7263928E-03  0.0000000E+00   161.8267      0.0000000E+00   39.87129      7.4504134E-03   250.9849       336.0000      0.0000000E+00  0.0000000E+00  0.0000000E+00  0.0000000E+00  0.0000000E+00
           3        2019          11          14 null                                        FERT   2.7263928E-03  0.0000000E+00   161.9525      0.0000000E+00   39.88535      7.8111514E-03   311.9510       336.0000      0.0000000E+00  0.0000000E+00  0.0000000E+00  0.0000000E+00  0.0000000E+00
           4        2019          11          14 null                                        FERT   2.7263928E-03  0.0000000E+00   162.1057      0.0000000E+00   39.87414      7.4406951E-03   312.5881       336.0000      0.0000000E+00  0.0000000E+00  0.0000000E+00  0.0000000E+00  0.0000000E+00
           5        2019          11          14 null                                        FERT   2.7263928E-03  0.0000000E+00   162.0573      0.0000000E+00   39.88797      7.8271683E-03   321.1279       336.0000      0.0000000E+00  0.0000000E+00  0.0000000E+00  0.0000000E+00  0.0000000E+00
           6        2019          11          14 null                                        FERT   2.7263928E-03  0.0000000E+00   162.2304      0.0000000E+00   39.88434      7.7452152E-03   330.4001       336.0000      0.0000000E+00  0.0000000E+00  0.0000000E+00  0.0000000E+00  0.0000000E+00
           7        2019          11          14 null                                        FERT   2.7263928E-03  0.0000000E+00   161.7428      0.0000000E+00   39.86258      7.2459802E-03   245.8818       336.0000      0.0000000E+00  0.0000000E+00  0.0000000E+00  0.0000000E+00  0.0000000E+00
           8        2019          11          14 null                                        FERT   2.7263928E-03  0.0000000E+00   163.4832      0.0000000E+00   39.86130      7.2383168E-03   269.5863       336.0000      0.0000000E+00  0.0000000E+00  0.0000000E+00  0.0000000E+00  0.0000000E+00
           9        2019          11          14 null                                        FERT   2.7263928E-03  0.0000000E+00   162.3517      0.0000000E+00   39.89375      8.0934241E-03   316.8196       336.0000      0.0000000E+00  0.0000000E+00  0.0000000E+00  0.0000000E+00  0.0000000E+00
          10        2019          11          14 null                                        FERT   2.7263928E-03  0.0000000E+00   162.9881      0.0000000E+00   39.88497      7.7073160E-03   309.4510       336.0000      0.0000000E+00  0.0000000E+00  0.0000000E+00  0.0000000E+00  0.0000000E+00
          11        2019          11          14 null                                        FERT   2.7263928E-03  0.0000000E+00   163.6697      0.0000000E+00   39.92295      8.7923221E-03   354.2609       336.0000      0.0000000E+00  0.0000000E+00  0.0000000E+00  0.0000000E+00  0.0000000E+00
          12        2019          11          14 null                                        FERT   2.7263928E-03  0.0000000E+00   163.2110      0.0000000E+00   39.90575      8.2686311E-03   316.2061       336.0000      0.0000000E+00  0.0000000E+00  0.0000000E+00  0.0000000E+00  0.0000000E+00
           2        2019          11          21 null                                        FERT   1.4794890E-02  0.0000000E+00   161.5818      0.0000000E+00   35.67430      8.1469836E-03   291.9960       167.9600      0.0000000E+00  0.0000000E+00  0.0000000E+00  0.0000000E+00  0.0000000E+00
           2        2020           4          16 null                                        FERT   0.1072038      0.0000000E+00   103.3764      0.0000000E+00   11.25267      1.0127146E-02   292.3708       57.10000      0.0000000E+00  0.0000000E+00  0.0000000E+00  0.0000000E+00  0.0000000E+00
           1        2020           4          24 fldcult             TILLAGE   0.1262247      0.0000000E+00   83.15399      0.0000000E+00   5.864195      9.6504288E-03   251.3037      0.5000000    
           3        2020           4          24 fldcult             TILLAGE   0.1262247      0.0000000E+00   83.34906      0.0000000E+00   5.866444      1.0105854E-02   312.2697      0.5000000    
           4        2020           4          24 fldcult             TILLAGE   0.1262247      0.0000000E+00   83.59567      0.0000000E+00   5.865004      9.6613504E-03   312.8997      0.5000000    
           5        2020           4          24 fldcult             TILLAGE   0.1262247      0.0000000E+00   83.51469      0.0000000E+00   5.866972      1.0145116E-02   321.4439      0.5000000    
           6        2020           4          24 fldcult             TILLAGE   0.1262247      0.0000000E+00   83.80022      0.0000000E+00   5.866686      1.0021141E-02   330.7040      0.5000000    
           7        2020           4          24 fldcult             TILLAGE   0.1262247      0.0000000E+00   83.02594      0.0000000E+00   5.862793      9.3587926E-03   246.1982      0.5000000    
           8        2020           4          24 fldcult             TILLAGE   0.1262247      0.0000000E+00   86.26308      0.0000000E+00   5.866588      9.1497600E-03   269.8563      0.5000000    
           9        2020           4          24 fldcult             TILLAGE   0.1262247      0.0000000E+00   84.00046      0.0000000E+00   5.868259      1.0473270E-02   317.1177      0.5000000    
          10        2020           4          24 fldcult             TILLAGE   0.1262247      0.0000000E+00   85.14642      0.0000000E+00   5.867958      9.9604735E-03   309.7313      0.5000000    
          11        2020           4          24 fldcult             TILLAGE   0.1262247      0.0000000E+00   90.31860      0.0000000E+00   5.876893      1.1350520E-02   354.5879      0.5000000    
          12        2020           4          24 fldcult             TILLAGE   0.1262247      0.0000000E+00   86.58545      0.0000000E+00   5.871439      1.0699755E-02   316.4831      0.5000000    
           1        2020           4          25 null                                        FERT   0.1283819      0.0000000E+00   82.03770      0.0000000E+00   5.799748      9.6521787E-03   251.3102       27.00000      0.0000000E+00  0.0000000E+00  0.0000000E+00  0.0000000E+00  0.0000000E+00
           1        2020           4          25 corn                                        PLANT   0.1283819      0.0000000E+00   82.03770      0.0000000E+00   5.799748      9.6521787E-03   251.3102      0.0000000E+00   6.000000    
           3        2020           4          25 null                                        FERT   0.1283819      0.0000000E+00   82.22900      0.0000000E+00   5.801972      1.0107606E-02   312.2791       27.00000      0.0000000E+00  0.0000000E+00  0.0000000E+00  0.0000000E+00  0.0000000E+00
           3        2020           4          25 corn                                        PLANT   0.1283819      0.0000000E+00   82.22900      0.0000000E+00   5.801972      1.0107606E-02   312.2791      0.0000000E+00   6.000000    
           4        2020           4          25 null                                        FERT   0.1283819      0.0000000E+00   82.47083      0.0000000E+00   5.800548      9.6631050E-03   312.9090       27.00000      0.0000000E+00  0.0000000E+00  0.0000000E+00  0.0000000E+00  0.0000000E+00
           4        2020           4          25 corn                                        PLANT   0.1283819      0.0000000E+00   82.47083      0.0000000E+00   5.800548      9.6631050E-03   312.9090      0.0000000E+00   6.000000    
           5        2020           4          25 null                                        FERT   0.1283819      0.0000000E+00   82.39141      0.0000000E+00   5.802495      1.0146869E-02   321.4536       27.00000      0.0000000E+00  0.0000000E+00  0.0000000E+00  0.0000000E+00  0.0000000E+00
           5        2020           4          25 corn                                        PLANT   0.1283819      0.0000000E+00   82.39141      0.0000000E+00   5.802495      1.0146869E-02   321.4536      0.0000000E+00   6.000000    
           6        2020           4          25 null                                        FERT   0.1283819      0.0000000E+00   82.67118      0.0000000E+00   5.802212      1.0022896E-02   330.7142       27.00000      0.0000000E+00  0.0000000E+00  0.0000000E+00  0.0000000E+00  0.0000000E+00
           6        2020           4          25 corn                                        PLANT   0.1283819      0.0000000E+00   82.67118      0.0000000E+00   5.802212      1.0022896E-02   330.7142      0.0000000E+00   6.000000    
           7        2020           4          25 null                                        FERT   0.1283819      0.0000000E+00   81.91200      0.0000000E+00   5.798361      9.3605407E-03   246.2045       27.00000      0.0000000E+00  0.0000000E+00  0.0000000E+00  0.0000000E+00  0.0000000E+00
           7        2020           4          25 corn                                        PLANT   0.1283819      0.0000000E+00   81.91200      0.0000000E+00   5.798361      9.3605407E-03   246.2045      0.0000000E+00   6.000000    
           8        2020           4          25 null                                        FERT   0.1283819      0.0000000E+00   85.06980      0.0000000E+00   5.802114      9.1534471E-03   269.8629       27.00000      0.0000000E+00  0.0000000E+00  0.0000000E+00  0.0000000E+00  0.0000000E+00
           8        2020           4          25 corn                                        PLANT   0.1283819      0.0000000E+00   85.06980      0.0000000E+00   5.802114      9.1534471E-03   269.8629      0.0000000E+00   6.000000    
           9        2020           4          25 null                                        FERT   0.1283819      0.0000000E+00   82.86722      0.0000000E+00   5.803767      1.0475028E-02   317.1270       27.00000      0.0000000E+00  0.0000000E+00  0.0000000E+00  0.0000000E+00  0.0000000E+00
           9        2020           4          25 corn                                        PLANT   0.1283819      0.0000000E+00   82.86722      0.0000000E+00   5.803767      1.0475028E-02   317.1270      0.0000000E+00   6.000000    
          10        2020           4          25 null                                        FERT   0.1283819      0.0000000E+00   83.98667      0.0000000E+00   5.803469      9.9622468E-03   309.7402       27.00000      0.0000000E+00  0.0000000E+00  0.0000000E+00  0.0000000E+00  0.0000000E+00
          10        2020           4          25 corn                                        PLANT   0.1283819      0.0000000E+00   83.98667      0.0000000E+00   5.803469      9.9622468E-03   309.7402      0.0000000E+00   6.000000    
          11        2020           4          25 null                                        FERT   0.1283819      0.0000000E+00   89.18707      0.0000000E+00   5.812305      1.1352175E-02   354.5981       27.00000      0.0000000E+00  0.0000000E+00  0.0000000E+00  0.0000000E+00  0.0000000E+00
          11        2020           4          25 corn                                        PLANT   0.1283819      0.0000000E+00   89.18707      0.0000000E+00   5.812305      1.1352175E-02   354.5981      0.0000000E+00   6.000000    
          12        2020           4          25 null                                        FERT   0.1283819      0.0000000E+00   85.43993      0.0000000E+00   5.806911      1.0701521E-02   316.4920       27.00000      0.0000000E+00  0.0000000E+00  0.0000000E+00  0.0000000E+00  0.0000000E+00
          12        2020           4          25 corn                                        PLANT   0.1283819      0.0000000E+00   85.43993      0.0000000E+00   5.806911      1.0701521E-02   316.4920      0.0000000E+00   6.000000    
           2        2020           5           5 corn                                        PLANT   0.1579590      0.0000000E+00   77.69803      0.0000000E+00   8.181042      1.0187536E-02   292.4286      0.0000000E+00   6.000000    
           1        2020           6           4 null                                        FERT   0.2645081      0.1762664       109.7467       10.46415       3.104569      3.5144424E-03   251.5465       180.3000      0.0000000E+00  0.0000000E+00  0.0000000E+00  0.0000000E+00  0.0000000E+00
           3        2020           6           4 null                                        FERT   0.2645081      0.1762664       109.9013       10.51414       3.105734      3.6090831E-03   312.6397       180.3000      0.0000000E+00  0.0000000E+00  0.0000000E+00  0.0000000E+00  0.0000000E+00
           4        2020           6           4 null                                        FERT   0.2645081      0.1762664       110.0922       10.44308       3.104939      3.7141424E-03   313.2648       180.3000      0.0000000E+00  0.0000000E+00  0.0000000E+00  0.0000000E+00  0.0000000E+00
           5        2020           6           4 null                                        FERT   0.2645081      0.1762664       110.0310       10.50897       3.105990      3.6991697E-03   321.8287       180.3000      0.0000000E+00  0.0000000E+00  0.0000000E+00  0.0000000E+00  0.0000000E+00
           6        2020           6           4 null                                        FERT   0.2645081      0.1762664       110.2458       10.48382       3.105800      3.8178875E-03   331.1056       180.3000      0.0000000E+00  0.0000000E+00  0.0000000E+00  0.0000000E+00  0.0000000E+00
           7        2020           6           4 null                                        FERT   0.2645081      0.1762664       109.6433       10.43395       3.103844      3.4603430E-03   246.4330       180.3000      0.0000000E+00  0.0000000E+00  0.0000000E+00  0.0000000E+00  0.0000000E+00
           8        2020           6           4 null                                        FERT   0.2645081      0.1762664       111.7949       10.29151       3.105155      4.0365108E-03   270.1025       180.3000      0.0000000E+00  0.0000000E+00  0.0000000E+00  0.0000000E+00  0.0000000E+00
           9        2020           6           4 null                                        FERT   0.2645081      0.1762664       110.3946       10.53399       3.106607      3.9283414E-03   317.4857       180.3000      0.0000000E+00  0.0000000E+00  0.0000000E+00  0.0000000E+00  0.0000000E+00
          10        2020           6           4 null                                        FERT   0.2645081      0.1762664       111.1843       10.43932       3.106285      3.9364747E-03   310.0740       180.3000      0.0000000E+00  0.0000000E+00  0.0000000E+00  0.0000000E+00  0.0000000E+00
          11        2020           6           4 null                                        FERT   0.2645081      0.1762664       117.0582       10.35624       3.110146      5.5575143E-03   354.9899       180.3000      0.0000000E+00  0.0000000E+00  0.0000000E+00  0.0000000E+00  0.0000000E+00
          12        2020           6           4 null                                        FERT   0.2645081      0.1762664       112.9516       10.47153       3.108022      4.3997527E-03   316.8331       180.3000      0.0000000E+00  0.0000000E+00  0.0000000E+00  0.0000000E+00  0.0000000E+00
           2        2020           6          11 null                                        FERT   0.2969045      0.1953429       96.86049       13.10177       4.071651      1.9869483E-03   292.6392       112.0000      0.0000000E+00  0.0000000E+00  0.0000000E+00  0.0000000E+00  0.0000000E+00
           2        2020          11           7 corn                                        HARV/KILL   0.9240161      0.0000000E+00   25.73252       120.5097       48.84150      2.5919250E-03   292.9303       45.27563      0.0000000E+00  0.0000000E+00  0.0000000E+00  0.0000000E+00  0.0000000E+00
           1        2020          11          10 corn                                        HARV/KILL   0.9261757      0.0000000E+00   21.50128       117.2098       49.42611      3.7921786E-03   251.7742       42.18350      0.0000000E+00  0.0000000E+00  0.0000000E+00  0.0000000E+00  0.0000000E+00
           3        2020          11          10 corn                                        HARV/KILL   0.9261757      0.0000000E+00   21.50539       117.2650       49.44909      3.9062239E-03   312.9149       42.20306      0.0000000E+00  0.0000000E+00  0.0000000E+00  0.0000000E+00  0.0000000E+00
           4        2020          11          10 corn                                        HARV/KILL   0.9261757      0.0000000E+00   21.51285       117.2254       49.43257      3.7873678E-03   313.5317       42.18907      0.0000000E+00  0.0000000E+00  0.0000000E+00  0.0000000E+00  0.0000000E+00
           5        2020          11          10 corn                                        HARV/KILL   0.9261757      0.0000000E+00   21.50961       117.2753       49.45344      3.8983535E-03   322.1053       42.20668      0.0000000E+00  0.0000000E+00  0.0000000E+00  0.0000000E+00  0.0000000E+00
           6        2020          11          10 corn                                        HARV/KILL   0.9261757      0.0000000E+00   21.51706       117.2714       49.45169      3.8863795E-03   331.3834       42.20543      0.0000000E+00  0.0000000E+00  0.0000000E+00  0.0000000E+00  0.0000000E+00
           7        2020          11          10 corn                                        HARV/KILL   0.9261757      0.0000000E+00   21.49820       117.1743       49.41135      3.7215964E-03   246.6594       42.17082      0.0000000E+00  0.0000000E+00  0.0000000E+00  0.0000000E+00  0.0000000E+00
           8        2020          11          10 corn                                        HARV/KILL   0.9261757      0.0000000E+00   21.56387       117.2005       49.42277      3.7786511E-03   270.3846       42.18031      0.0000000E+00  0.0000000E+00  0.0000000E+00  0.0000000E+00  0.0000000E+00
           9        2020          11          10 corn                                        HARV/KILL   0.9261757      0.0000000E+00   21.52052       117.3264       49.47462      3.9915857E-03   317.7447       42.22489      0.0000000E+00  0.0000000E+00  0.0000000E+00  0.0000000E+00  0.0000000E+00
          10        2020          11          10 corn                                        HARV/KILL   0.9261757      0.0000000E+00   21.54690       117.2835       49.45702      3.8847781E-03   310.3102       42.20987      0.0000000E+00  0.0000000E+00  0.0000000E+00  0.0000000E+00  0.0000000E+00
          11        2020          11          10 corn                                        HARV/KILL   0.9261757      0.0000000E+00   21.56164       118.0052       49.74549      4.1910205E-03   355.2687       42.46706      0.0000000E+00  0.0000000E+00  0.0000000E+00  0.0000000E+00  0.0000000E+00
          12        2020          11          10 corn                                        HARV/KILL   0.9261757      0.0000000E+00   21.55444       117.4035       49.50729      4.0496089E-03   317.0682       42.25239      0.0000000E+00  0.0000000E+00  0.0000000E+00  0.0000000E+00  0.0000000E+00
           1        2020          11          12 null                                        FERT   1.1047642E-03  0.0000000E+00   19.41527      0.0000000E+00   48.20093      3.7938100E-03   251.7657       152.7000      0.0000000E+00  0.0000000E+00  0.0000000E+00  0.0000000E+00  0.0000000E+00
           3        2020          11          12 null                                        FERT   1.1047642E-03  0.0000000E+00   19.41939      0.0000000E+00   48.22344      3.9078528E-03   312.9053       152.7000      0.0000000E+00  0.0000000E+00  0.0000000E+00  0.0000000E+00  0.0000000E+00
           4        2020          11          12 null                                        FERT   1.1047642E-03  0.0000000E+00   19.42684      0.0000000E+00   48.20743      3.7889951E-03   313.5228       152.7000      0.0000000E+00  0.0000000E+00  0.0000000E+00  0.0000000E+00  0.0000000E+00
           5        2020          11          12 null                                        FERT   1.1047642E-03  0.0000000E+00   19.42361      0.0000000E+00   48.22775      3.8999817E-03   322.0960       152.7000      0.0000000E+00  0.0000000E+00  0.0000000E+00  0.0000000E+00  0.0000000E+00
           6        2020          11          12 null                                        FERT   1.1047642E-03  0.0000000E+00   19.43105      0.0000000E+00   48.22617      3.8880047E-03   331.3746       152.7000      0.0000000E+00  0.0000000E+00  0.0000000E+00  0.0000000E+00  0.0000000E+00
           7        2020          11          12 null                                        FERT   1.1047642E-03  0.0000000E+00   19.41219      0.0000000E+00   48.18647      3.7232290E-03   246.6509       152.7000      0.0000000E+00  0.0000000E+00  0.0000000E+00  0.0000000E+00  0.0000000E+00
           8        2020          11          12 null                                        FERT   1.1047642E-03  0.0000000E+00   19.47786      0.0000000E+00   48.20071      3.7799713E-03   270.3747       152.7000      0.0000000E+00  0.0000000E+00  0.0000000E+00  0.0000000E+00  0.0000000E+00
           9        2020          11          12 null                                        FERT   1.1047642E-03  0.0000000E+00   19.43452      0.0000000E+00   48.24864      3.9932085E-03   317.7364       152.7000      0.0000000E+00  0.0000000E+00  0.0000000E+00  0.0000000E+00  0.0000000E+00
          10        2020          11          12 null                                        FERT   1.1047642E-03  0.0000000E+00   19.46090      0.0000000E+00   48.23210      3.8863875E-03   310.3032       152.7000      0.0000000E+00  0.0000000E+00  0.0000000E+00  0.0000000E+00  0.0000000E+00
          11        2020          11          12 null                                        FERT   1.1047642E-03  0.0000000E+00   19.47566      0.0000000E+00   48.51813      4.1922661E-03   355.2582       152.7000      0.0000000E+00  0.0000000E+00  0.0000000E+00  0.0000000E+00  0.0000000E+00
          12        2020          11          12 null                                        FERT   1.1047642E-03  0.0000000E+00   19.46844      0.0000000E+00   48.28142      4.0512099E-03   317.0614       152.7000      0.0000000E+00  0.0000000E+00  0.0000000E+00  0.0000000E+00  0.0000000E+00
           1        2020          11          16 chisplow            TILLAGE   7.3823426E-03  0.0000000E+00   56.17984      0.0000000E+00   22.96109      4.1819033E-03   251.7635      0.6500000    
           3        2020          11          16 chisplow            TILLAGE   7.3823426E-03  0.0000000E+00   56.18946      0.0000000E+00   22.97191      4.3101963E-03   312.9078      0.6500000    
           4        2020          11          16 chisplow            TILLAGE   7.3823426E-03  0.0000000E+00   56.20493      0.0000000E+00   22.96440      4.1586719E-03   313.5260      0.6500000    
           5        2020          11          16 chisplow            TILLAGE   7.3823426E-03  0.0000000E+00   56.19867      0.0000000E+00   22.97404      4.2873761E-03   322.0996      0.6500000    
           6        2020          11          16 chisplow            TILLAGE   7.3823426E-03  0.0000000E+00   56.21467      0.0000000E+00   22.97342      4.2729247E-03   331.3794      0.6500000    
           7        2020          11          16 chisplow            TILLAGE   7.3823426E-03  0.0000000E+00   56.17291      0.0000000E+00   22.95415      4.1026878E-03   246.6480      0.6500000    
           8        2020          11          16 chisplow            TILLAGE   7.3823426E-03  0.0000000E+00   56.31873      0.0000000E+00   22.96394      4.2261630E-03   270.3699      0.6500000    
           9        2020          11          16 chisplow            TILLAGE   7.3823426E-03  0.0000000E+00   56.22321      0.0000000E+00   22.98422      4.4043576E-03   317.7409      0.6500000    
          10        2020          11          16 chisplow            TILLAGE   7.3823426E-03  0.0000000E+00   56.28025      0.0000000E+00   22.97696      4.2809038E-03   310.3084      0.6500000    
          11        2020          11          16 chisplow            TILLAGE   7.3823426E-03  0.0000000E+00   56.31885      0.0000000E+00   23.11771      4.6258494E-03   355.2597      0.6500000    
          12        2020          11          16 chisplow            TILLAGE   7.3823426E-03  0.0000000E+00   56.29665      0.0000000E+00   23.00073      4.4686715E-03   317.0674      0.6500000    
           2        2020          12           2 null                                        FERT   3.1328566E-02  0.0000000E+00   42.30975      0.0000000E+00   35.11647      3.2485805E-03   292.9258       142.7000      0.0000000E+00  0.0000000E+00  0.0000000E+00  0.0000000E+00  0.0000000E+00
